SalesKey,RowID,OrderID,OrderDateKey,ShipDateKey,CustomerKey,ProductKey,GeographyKey,ShipModeKey,SalesAmount,Quantity,DiscountRate,ProfitAmount
1,1,CA-2016-152156,20161108,20161111,144,13,385,3,261.96,2,0.0,41.9136
2,2,CA-2016-152156,20161108,20161111,144,57,385,3,731.94,3,0.0,219.582
3,3,CA-2016-138688,20160612,20160616,238,960,501,3,14.62,2,0.0,6.8714
4,4,US-2015-108966,20151011,20151018,706,328,341,4,957.5775,5,0.45,-383.031
5,5,US-2015-108966,20151011,20151018,706,1338,341,4,22.368,2,0.2,2.5164
6,6,CA-2014-115812,20140609,20140614,89,189,500,4,48.86,7,0.0,14.1694
7,7,CA-2014-115812,20140609,20140614,89,573,500,4,7.28,4,0.0,1.9656
8,8,CA-2014-115812,20140609,20140614,89,1792,500,4,907.152,6,0.2,90.7152
9,9,CA-2014-115812,20140609,20140614,89,806,500,4,18.504,3,0.2,5.7825
10,10,CA-2014-115812,20140609,20140614,89,447,500,4,114.9,5,0.0,34.47
11,11,CA-2014-115812,20140609,20140614,89,337,500,4,1706.184,9,0.2,85.3092
12,12,CA-2014-115812,20140609,20140614,89,1780,500,4,911.424,4,0.2,68.3568
13,13,CA-2017-114412,20170415,20170420,3,1187,404,4,15.552,3,0.2,5.4432
14,14,CA-2016-161389,20161205,20161210,339,793,627,4,407.976,3,0.2,132.5922
15,15,US-2015-118983,20151122,20151126,331,431,146,4,68.81,5,0.8,-123.858
16,16,US-2015-118983,20151122,20151126,331,674,146,4,2.544,3,0.8,-3.816
17,17,CA-2014-105893,20141111,20141118,598,1431,189,4,665.88,6,0.0,13.3176
18,18,CA-2014-167164,20140513,20140515,19,1316,612,3,55.5,2,0.0,9.99
19,19,CA-2014-143336,20140827,20140901,793,578,532,3,8.56,2,0.0,2.4824
20,20,CA-2014-143336,20140827,20140901,793,1779,532,3,213.48,3,0.2,16.011
21,21,CA-2014-143336,20140827,20140901,793,742,532,3,22.72,4,0.2,7.384
22,22,CA-2016-137330,20161209,20161213,418,487,109,4,19.46,7,0.0,5.0596
23,23,CA-2016-137330,20161209,20161213,418,418,109,4,60.34,7,0.0,15.6884
24,24,US-2017-156909,20170716,20170718,685,98,306,3,71.372,2,0.3,-1.0196
25,25,CA-2015-106320,20150925,20150930,250,328,608,4,1044.63,3,0.0,240.2649
26,26,CA-2016-121755,20160116,20160120,259,713,503,3,11.648,2,0.2,4.2224
27,27,CA-2016-121755,20160116,20160120,259,1572,503,3,90.57,3,0.0,11.7741
28,28,US-2015-150630,20150917,20150921,739,50,306,4,3083.43,7,0.5,-1665.0522
29,29,US-2015-150630,20150917,20150921,739,666,306,4,9.618,2,0.7,-7.0532
30,30,US-2015-150630,20150917,20150921,739,318,306,4,124.2,3,0.2,15.525
31,31,US-2015-150630,20150917,20150921,739,874,306,4,3.264,2,0.2,1.1016
32,32,US-2015-150630,20150917,20150921,739,621,306,4,86.304,6,0.2,9.7092
33,810,CA-2014-151995,20141013,20141015,792,584,618,1,11.52,4,0.0,3.2256
34,33,US-2015-150630,20150917,20150921,739,706,306,4,6.858,6,0.7,-5.715
35,34,US-2015-150630,20150917,20150921,739,537,306,4,15.76,2,0.2,3.546
36,35,CA-2017-107727,20171019,20171023,483,1048,156,3,29.472,3,0.2,9.9468
37,36,CA-2016-117590,20161208,20161210,301,1894,174,1,1097.544,7,0.2,123.4737
38,37,CA-2016-117590,20161208,20161210,301,269,174,1,190.92,5,0.6,-147.963
39,38,CA-2015-117415,20151227,20151231,705,889,154,4,113.328,9,0.2,35.415
40,39,CA-2015-117415,20151227,20151231,705,22,154,4,532.3992,3,0.32,-46.9764
41,40,CA-2015-117415,20151227,20151231,705,123,154,4,212.058,3,0.3,-15.147
42,41,CA-2015-117415,20151227,20151231,705,1724,154,4,371.168,4,0.2,41.7564
43,42,CA-2017-120999,20170910,20170915,453,1862,20,4,147.168,4,0.2,16.5564
44,43,CA-2016-101343,20160717,20160722,618,1417,503,4,77.88,2,0.0,3.894
45,44,CA-2017-139619,20170919,20170923,279,1410,350,4,95.616,2,0.2,9.5616
46,45,CA-2016-118255,20160311,20160313,580,1486,90,1,45.98,2,0.0,19.7714
47,46,CA-2016-118255,20160311,20160313,580,779,90,1,17.46,2,0.0,8.2062
48,47,CA-2014-146703,20141020,20141025,604,1375,86,3,211.96,4,0.0,8.4784
49,48,CA-2016-169194,20160620,20160625,462,1545,206,4,45.0,3,0.0,4.95
50,49,CA-2016-169194,20160620,20160625,462,1857,206,4,21.8,2,0.0,6.104
51,50,CA-2015-115742,20150418,20150422,230,834,45,4,38.22,6,0.0,17.9634
52,51,CA-2015-115742,20150418,20150422,230,994,45,4,75.18,6,0.0,35.3346
53,52,CA-2015-115742,20150418,20150422,230,196,45,4,6.16,2,0.0,2.9568
54,53,CA-2015-115742,20150418,20150422,230,103,45,4,89.99,1,0.0,17.0981
55,54,CA-2016-105816,20161211,20161217,391,918,265,4,15.26,7,0.0,6.2566
56,55,CA-2016-105816,20161211,20161217,391,1801,265,4,1029.95,5,0.0,298.6855
57,56,CA-2016-111682,20160617,20160618,732,1328,271,1,208.56,6,0.0,52.14
58,57,CA-2016-111682,20160617,20160618,732,1128,271,1,32.4,5,0.0,15.552
59,58,CA-2016-111682,20160617,20160618,732,118,271,1,319.41,5,0.1,7.098
60,59,CA-2016-111682,20160617,20160618,732,1077,271,1,14.56,2,0.0,6.9888
61,60,CA-2016-111682,20160617,20160618,732,1545,271,1,30.0,2,0.0,3.3
62,61,CA-2016-111682,20160617,20160618,732,703,271,1,48.48,4,0.2,16.362
63,62,CA-2016-111682,20160617,20160618,732,542,271,1,1.68,1,0.0,0.84
64,63,CA-2015-135545,20151124,20151130,439,1615,498,4,13.98,2,0.0,6.1512
65,64,CA-2015-135545,20151124,20151130,439,688,498,4,25.824,6,0.2,9.3612
66,65,CA-2015-135545,20151124,20151130,439,1259,498,4,146.73,3,0.0,68.9631
67,66,CA-2015-135545,20151124,20151130,439,156,498,4,79.76,4,0.0,22.3328
68,67,US-2015-164175,20150430,20150505,610,68,8,4,213.115,5,0.3,-15.2225
69,68,CA-2014-106376,20141205,20141210,107,568,455,4,1113.024,8,0.2,111.3024
70,69,CA-2014-106376,20141205,20141210,107,1817,455,4,167.968,4,0.2,62.988
71,70,CA-2016-119823,20160604,20160606,423,1066,448,1,75.88,2,0.0,35.6636
72,71,CA-2016-106075,20160918,20160923,330,845,263,4,4.616,1,0.2,1.731
73,72,CA-2017-114440,20170914,20170917,739,1298,73,3,19.05,3,0.0,8.763
74,73,US-2015-134026,20150426,20150502,357,58,435,4,831.936,8,0.2,-114.3912
75,74,US-2015-134026,20150426,20150502,357,271,435,4,97.04,2,0.2,1.213
76,75,US-2015-134026,20150426,20150502,357,1429,435,4,72.784,1,0.2,-18.196
77,76,US-2017-118038,20171209,20171211,419,821,154,1,1.248,3,0.8,-1.9344
78,77,US-2017-118038,20171209,20171211,419,150,154,1,9.708,3,0.6,-5.8248
79,78,US-2017-118038,20171209,20171211,419,1329,154,1,27.24,3,0.2,2.724
80,79,US-2014-147606,20141126,20141201,357,254,155,3,19.3,5,0.6,-14.475
81,80,CA-2016-127208,20160612,20160615,680,426,317,1,208.16,1,0.0,56.2032
82,9434,CA-2015-119627,20150817,20150823,679,1157,458,4,36.288,7,0.2,12.7008
83,81,CA-2016-127208,20160612,20160615,680,744,317,1,16.74,3,0.0,8.0352
84,82,CA-2014-139451,20141012,20141016,227,553,534,4,14.9,5,0.0,4.172
85,83,CA-2014-139451,20141012,20141016,227,1391,534,4,21.39,1,0.0,6.2031
86,84,CA-2015-149734,20150903,20150908,348,864,405,4,200.984,7,0.2,62.8075
87,85,US-2017-119662,20171113,20171116,178,1421,9,1,230.376,3,0.2,-48.9549
88,86,CA-2017-140088,20170528,20170530,604,65,418,3,301.96,2,0.0,33.2156
89,87,CA-2017-155558,20171026,20171102,593,1537,95,4,19.99,1,0.0,6.7966
90,88,CA-2017-155558,20171026,20171102,593,959,95,4,6.16,2,0.0,2.9568
91,89,CA-2016-159695,20160405,20160410,305,1414,156,3,158.368,7,0.2,13.8572
92,90,CA-2016-109806,20160917,20160922,407,643,501,4,20.1,3,0.0,6.633
93,91,CA-2016-109806,20160917,20160922,407,1862,501,4,73.584,2,0.2,8.2782
94,92,CA-2016-109806,20160917,20160922,407,1052,501,4,6.48,1,0.0,3.1104
95,93,CA-2015-149587,20150131,20150205,416,1229,93,3,12.96,2,0.0,6.2208
96,94,CA-2015-149587,20150131,20150205,416,276,93,3,53.34,3,0.0,16.5354
97,95,CA-2015-149587,20150131,20150205,416,764,93,3,32.96,2,0.0,16.1504
98,96,US-2017-109484,20171106,20171112,627,850,598,4,5.682,1,0.7,-3.788
99,97,CA-2017-161018,20171109,20171111,602,162,263,3,96.53,7,0.0,40.5426
100,98,CA-2017-157833,20170617,20170620,424,719,534,1,51.312,3,0.2,17.9592
101,99,CA-2016-149223,20160906,20160911,277,394,98,4,77.88,6,0.0,22.5852
102,100,CA-2016-158568,20160829,20160902,624,1232,8,4,64.624,7,0.2,22.6184
103,101,CA-2016-158568,20160829,20160902,624,1530,8,4,95.976,3,0.2,-10.7973
104,102,CA-2016-158568,20160829,20160902,624,755,8,4,1.788,3,0.8,-3.0396
105,103,CA-2016-129903,20161201,20161204,315,1268,95,3,23.92,4,0.0,11.7208
106,104,US-2015-156867,20151113,20151117,451,1524,556,4,238.896,6,0.2,-26.8758
107,105,US-2015-156867,20151113,20151117,451,287,556,4,102.36,3,0.2,-3.8385
108,106,US-2015-156867,20151113,20151117,451,759,556,4,36.882,3,0.7,-25.8174
109,107,CA-2017-119004,20171123,20171128,390,1588,403,4,74.112,8,0.2,17.6016
110,108,CA-2017-119004,20171123,20171128,390,1823,403,4,27.992,1,0.2,2.0994
111,109,CA-2017-119004,20171123,20171128,390,492,403,4,3.304,1,0.2,1.0738
112,110,CA-2015-129476,20151015,20151020,582,1501,23,4,339.96,5,0.2,67.992
113,111,CA-2017-146780,20171225,20171230,184,206,266,4,41.96,2,0.0,10.9096
114,112,CA-2016-128867,20161103,20161110,153,491,57,4,75.96,2,0.0,22.788
115,113,CA-2016-128867,20161103,20161110,153,809,57,4,27.24,6,0.0,13.3476
116,114,CA-2014-115259,20140825,20140827,630,922,279,3,40.096,14,0.2,14.5348
117,115,CA-2014-115259,20140825,20140827,630,885,279,3,4.72,2,0.2,1.652
118,116,CA-2014-115259,20140825,20140827,630,1307,279,3,23.976,3,0.2,7.4925
119,117,CA-2014-115259,20140825,20140827,630,883,279,3,130.464,6,0.2,44.0316
120,118,CA-2015-110457,20150302,20150306,214,341,627,4,787.53,3,0.0,165.3813
121,119,US-2015-136476,20150405,20150410,298,791,425,4,157.794,1,0.7,-115.7156
122,120,CA-2016-103730,20160612,20160615,679,218,208,1,47.04,3,0.0,18.3456
123,121,CA-2016-103730,20160612,20160615,679,806,208,1,30.84,4,0.0,13.878
124,122,CA-2016-103730,20160612,20160615,679,1339,208,1,226.56,6,0.0,63.4368
125,123,CA-2016-103730,20160612,20160615,679,882,208,1,115.02,9,0.0,51.759
126,124,CA-2016-103730,20160612,20160615,679,1853,208,1,68.04,7,0.0,19.7316
127,125,US-2014-152030,20141226,20141228,16,121,154,3,600.558,3,0.3,-8.5794
128,126,US-2014-134614,20140920,20140925,590,378,3,4,617.7,6,0.5,-407.682
129,127,US-2017-107272,20171105,20171112,768,778,459,4,2.388,2,0.7,-1.8308
130,128,US-2017-107272,20171105,20171112,768,1405,459,4,243.992,7,0.2,30.499
131,129,US-2016-125969,20161106,20161110,473,67,498,3,81.424,2,0.2,-9.1602
132,130,US-2016-125969,20161106,20161110,473,274,498,3,238.56,3,0.0,26.2416
133,131,US-2017-164147,20170202,20170205,243,1793,279,1,59.97,5,0.4,-11.994
134,132,US-2017-164147,20170202,20170205,243,1189,279,1,78.304,2,0.2,29.364
135,133,US-2017-164147,20170202,20170205,243,939,279,1,21.456,9,0.2,6.9732
136,134,CA-2016-145583,20161013,20161019,452,1147,524,4,20.04,3,0.0,9.6192
137,135,CA-2016-145583,20161013,20161019,452,1139,524,4,35.44,1,0.0,16.6568
138,136,CA-2016-145583,20161013,20161019,452,517,524,4,11.52,4,0.0,3.456
139,137,CA-2016-145583,20161013,20161019,452,943,524,4,4.02,2,0.0,1.9698
140,138,CA-2016-145583,20161013,20161019,452,851,524,4,76.176,3,0.2,26.6616
141,139,CA-2016-145583,20161013,20161019,452,1454,524,4,65.88,6,0.0,18.4464
142,140,CA-2016-145583,20161013,20161019,452,196,524,4,43.12,14,0.0,20.6976
143,141,CA-2016-110366,20160905,20160907,350,318,306,3,82.8,2,0.2,10.35
144,142,CA-2017-106180,20170918,20170923,692,510,534,4,8.82,3,0.0,2.3814
145,143,CA-2017-106180,20170918,20170923,692,905,534,4,10.86,3,0.0,5.1042
146,144,CA-2017-106180,20170918,20170923,692,1281,534,4,143.7,3,0.0,68.976
147,145,CA-2017-155376,20171222,20171227,688,406,102,4,839.43,3,0.0,218.2518
148,146,CA-2015-110744,20150907,20150912,318,1421,515,4,671.93,7,0.0,20.1579
149,147,CA-2014-110072,20141022,20141028,504,159,294,4,93.888,4,0.2,12.9096
150,148,CA-2016-114489,20161205,20161209,358,1716,185,4,384.45,11,0.0,103.8015
151,149,CA-2016-114489,20161205,20161209,358,1751,185,4,149.97,3,0.0,5.9988
152,150,CA-2016-114489,20161205,20161209,358,57,185,4,1951.84,8,0.0,585.552
153,151,CA-2016-114489,20161205,20161209,358,757,185,4,171.55,5,0.0,80.6285
154,152,CA-2016-158834,20160313,20160316,774,393,460,1,157.92,5,0.2,17.766
155,153,CA-2016-158834,20160313,20160316,774,1743,460,1,203.184,2,0.2,15.2388
156,154,CA-2015-124919,20150531,20150602,709,1159,536,1,58.38,7,0.0,26.271
157,155,CA-2015-124919,20150531,20150602,709,1182,536,1,105.52,4,0.0,48.5392
158,156,CA-2015-124919,20150531,20150602,709,1373,536,1,80.88,6,0.0,21.0288
159,157,CA-2015-118948,20150528,20150603,567,533,628,4,6.63,3,0.0,1.7901
160,158,CA-2014-104269,20140301,20140306,191,121,629,3,457.568,2,0.2,51.4764
161,159,CA-2016-114104,20161120,20161124,572,993,115,4,14.62,2,0.0,6.8714
162,160,CA-2016-114104,20161120,20161124,572,1877,115,4,944.93,7,0.0,236.2325
163,161,CA-2016-162733,20160511,20160512,770,1207,502,1,5.98,1,0.0,2.691
164,162,CA-2015-119697,20151228,20151231,270,1593,305,3,54.384,2,0.2,1.3596
165,163,CA-2016-154508,20161116,20161120,636,879,588,4,28.4,5,0.0,13.348
166,164,CA-2016-113817,20161107,20161111,517,813,629,4,27.68,2,0.2,9.688
167,165,CA-2014-139892,20140908,20140912,91,629,177,4,9.936,3,0.2,2.7324
168,166,CA-2014-139892,20140908,20140912,91,1651,177,4,8159.952,8,0.4,-1359.992
169,167,CA-2014-139892,20140908,20140912,91,1347,177,4,275.928,3,0.2,-58.6347
170,168,CA-2014-139892,20140908,20140912,91,124,177,4,1740.06,9,0.3,-24.858
171,169,CA-2014-139892,20140908,20140912,91,567,177,4,32.064,6,0.2,6.8136
172,170,CA-2014-139892,20140908,20140912,91,438,177,4,177.98,5,0.8,-453.849
173,171,CA-2014-139892,20140908,20140912,91,1855,177,4,143.976,3,0.2,8.9985
174,172,CA-2014-118962,20140805,20140809,174,1080,498,4,20.94,3,0.0,9.8418
175,173,CA-2014-118962,20140805,20140809,174,1102,498,4,110.96,2,0.0,53.2608
176,174,CA-2014-118962,20140805,20140809,174,114,498,4,340.144,7,0.2,21.259
177,175,US-2014-100853,20140914,20140919,341,403,9,4,52.448,2,0.8,-131.12
178,176,US-2014-100853,20140914,20140919,341,999,9,4,20.16,4,0.2,6.552
179,177,US-2017-152366,20170421,20170425,697,443,153,3,97.264,4,0.8,-243.16
180,178,US-2015-101511,20151121,20151123,357,131,294,3,396.802,7,0.3,-11.3372
181,179,US-2015-101511,20151121,20151123,357,1459,294,3,15.88,5,0.2,-3.7715
182,180,CA-2015-137225,20151215,20151219,380,546,263,4,3.28,1,0.0,1.4104
183,181,CA-2014-166191,20141205,20141209,215,1415,12,3,24.816,2,0.2,1.8612
184,182,CA-2014-166191,20141205,20141209,215,1616,12,3,408.744,7,0.2,76.6395
185,183,CA-2014-158274,20141119,20141124,650,1836,394,3,503.96,4,0.0,131.0296
186,184,CA-2014-158274,20141119,20141124,650,1887,394,3,149.95,5,0.0,41.986
187,185,CA-2014-158274,20141119,20141124,650,1552,394,3,29.0,2,0.0,7.25
188,186,CA-2016-105018,20161128,20161202,698,725,198,4,7.16,2,0.0,3.4368
189,187,CA-2014-123260,20140826,20140830,288,1549,500,4,176.8,8,0.0,22.984
190,188,CA-2016-157000,20160716,20160722,41,1359,149,4,37.224,3,0.2,3.7224
191,189,CA-2016-157000,20160716,20160722,41,1159,149,4,20.016,3,0.2,6.255
192,190,CA-2015-102281,20151012,20151014,533,24,266,1,899.136,4,0.2,112.392
193,191,CA-2015-102281,20151012,20151014,533,1759,266,1,71.76,6,0.0,20.0928
194,192,CA-2015-102281,20151012,20151014,533,1031,266,1,51.84,8,0.0,24.8832
195,193,CA-2015-102281,20151012,20151014,533,22,266,1,626.352,3,0.2,46.9764
196,194,CA-2015-102281,20151012,20151014,533,596,266,1,19.9,5,0.0,6.567
197,195,CA-2015-131457,20151031,20151106,552,874,520,4,14.28,7,0.0,6.7116
198,196,CA-2014-140004,20140321,20140325,126,636,285,4,7.408,2,0.2,1.2038
199,197,CA-2014-140004,20140321,20140325,126,620,285,4,6.048,3,0.2,1.5876
200,198,CA-2017-107720,20171106,20171113,781,1361,253,4,46.26,3,0.0,12.0276
201,199,US-2017-124303,20170706,20170713,286,664,304,4,2.946,2,0.7,-2.2586
202,200,US-2017-124303,20170706,20170713,286,1206,304,4,16.056,3,0.2,5.8203
203,201,CA-2017-105074,20170624,20170629,485,1201,275,4,21.744,3,0.2,6.795
204,202,CA-2014-133690,20140803,20140805,109,376,560,1,218.75,2,0.5,-161.875
205,203,CA-2014-133690,20140803,20140805,109,460,560,1,2.6,1,0.2,0.2925
206,204,US-2017-116701,20171217,20171221,456,454,142,3,66.284,2,0.8,-178.9668
207,205,CA-2017-126382,20170603,20170607,327,246,429,4,35.168,7,0.2,9.6712
208,206,CA-2017-108329,20171209,20171214,459,1776,552,4,444.768,4,0.2,44.4768
209,207,CA-2017-135860,20171201,20171207,372,1332,82,4,83.92,4,0.0,5.8744
210,208,CA-2017-135860,20171201,20171207,372,1766,82,4,131.98,2,0.0,35.6346
211,209,CA-2017-135860,20171201,20171207,372,778,82,4,15.92,4,0.0,7.4824
212,210,CA-2017-135860,20171201,20171207,372,916,82,4,52.29,9,0.0,16.2099
213,211,CA-2017-135860,20171201,20171207,372,1369,82,4,91.99,1,0.0,3.6796
214,212,CA-2015-101007,20150209,20150213,542,1514,142,3,20.8,2,0.2,6.5
215,213,CA-2015-146262,20150102,20150109,787,1021,292,4,23.68,2,0.2,8.88
216,214,CA-2015-146262,20150102,20150109,787,48,292,4,452.45,5,0.5,-244.323
217,215,CA-2015-146262,20150102,20150109,787,1823,292,4,62.982,3,0.4,-14.6958
218,216,CA-2015-146262,20150102,20150109,787,1652,292,4,1188.0,9,0.7,-950.4
219,217,CA-2015-146262,20150102,20150109,787,1484,292,4,89.584,2,0.2,4.4792
220,218,CA-2016-130162,20161028,20161101,371,1359,500,4,93.06,6,0.0,26.0568
221,219,CA-2016-130162,20161028,20161101,371,1808,500,4,302.376,3,0.2,22.6782
222,220,CA-2015-169397,20151224,20151227,342,920,281,1,5.584,2,0.2,1.8148
223,221,CA-2015-169397,20151224,20151227,342,1265,281,1,22.704,6,0.2,8.2302
224,222,CA-2015-169397,20151224,20151227,342,764,281,1,19.776,4,0.7,-13.8432
225,223,CA-2015-169397,20151224,20151227,342,143,281,1,72.704,4,0.2,19.0848
226,224,CA-2015-169397,20151224,20151227,342,1660,281,1,479.988,4,0.7,-383.9904
227,225,CA-2015-169397,20151224,20151227,342,550,281,1,27.168,2,0.2,2.7168
228,226,CA-2015-163055,20150809,20150816,237,512,69,4,2.2,1,0.0,0.968
229,227,CA-2015-163055,20150809,20150816,237,367,69,4,622.45,5,0.0,136.939
230,228,CA-2015-163055,20150809,20150816,237,1394,69,4,21.98,1,0.0,0.2198
231,229,US-2015-145436,20150228,20150304,777,134,428,4,161.568,2,0.2,-28.2744
232,230,US-2015-145436,20150228,20150304,777,126,428,4,389.696,8,0.2,43.8408
233,231,US-2014-156216,20140913,20140917,246,717,403,4,18.648,7,0.7,-12.432
234,232,US-2017-100930,20170407,20170412,178,340,369,4,233.86,2,0.45,-102.048
235,233,US-2017-100930,20170407,20170412,178,364,369,4,620.6145,3,0.45,-248.2458
236,234,US-2017-100930,20170407,20170412,178,717,369,4,5.328,2,0.7,-3.552
237,235,US-2017-100930,20170407,20170412,178,289,369,4,258.072,3,0.2,0.0
238,236,US-2017-100930,20170407,20170412,178,1596,369,4,617.976,3,0.2,-7.7247
239,237,CA-2017-160514,20171112,20171116,192,1192,541,4,10.56,2,0.0,4.752
240,238,CA-2016-157749,20160604,20160609,435,1236,8,3,25.92,5,0.2,9.396
241,239,CA-2016-157749,20160604,20160609,435,161,8,3,419.68,5,0.6,-356.728
242,9629,CA-2014-118192,20140113,20140118,526,1213,294,4,37.408,7,0.2,13.0928
243,240,CA-2016-157749,20160604,20160609,435,304,8,3,11.688,3,0.6,-4.6752
244,241,CA-2016-157749,20160604,20160609,435,1707,8,3,31.984,2,0.2,11.1944
245,242,CA-2016-157749,20160604,20160609,435,353,8,3,177.225,5,0.5,-120.513
246,243,CA-2016-157749,20160604,20160609,435,230,8,3,4.044,3,0.6,-2.8308
247,244,CA-2016-157749,20160604,20160609,435,636,8,3,7.408,2,0.2,1.2038
248,245,CA-2014-131926,20140601,20140606,241,121,91,3,2001.86,7,0.0,580.5394
249,246,CA-2014-131926,20140601,20140606,241,1385,91,3,166.72,2,0.0,41.68
250,247,CA-2014-131926,20140601,20140606,241,1271,91,3,47.88,6,0.0,23.94
251,248,CA-2014-131926,20140601,20140606,241,449,91,3,1503.25,5,0.0,496.0725
252,249,CA-2014-131926,20140601,20140606,241,1031,91,3,25.92,4,0.0,12.4416
253,250,CA-2016-154739,20161210,20161215,464,102,532,3,321.568,2,0.2,28.1372
254,251,CA-2016-145625,20160911,20160917,421,1293,530,4,7.61,1,0.0,3.5767
255,252,CA-2016-145625,20160911,20160917,421,1596,530,4,3347.37,13,0.0,636.0003
256,253,CA-2016-146941,20161210,20161213,220,1353,265,1,80.58,6,0.0,22.5624
257,254,CA-2016-146941,20161210,20161213,220,898,265,1,361.92,4,0.0,162.864
258,255,US-2015-159982,20151128,20151204,234,230,9,4,12.132,9,0.6,-8.4924
259,256,US-2015-159982,20151128,20151204,234,1438,9,4,82.368,2,0.2,-19.5624
260,257,US-2015-159982,20151128,20151204,234,1373,9,4,53.92,5,0.2,4.044
261,258,US-2015-159982,20151128,20151204,234,1762,9,4,647.904,6,0.2,56.6916
262,259,CA-2017-163139,20171201,20171203,137,1488,263,3,20.37,3,0.0,6.9258
263,260,CA-2017-163139,20171201,20171203,137,1403,263,3,221.55,3,0.0,6.6465
264,261,CA-2017-163139,20171201,20171203,137,786,263,3,17.52,5,0.2,6.132
265,262,US-2017-155299,20170608,20170612,244,428,169,4,1.624,2,0.8,-4.466
266,263,US-2014-106992,20140919,20140921,667,1651,153,3,3059.982,3,0.4,-509.997
267,264,US-2014-106992,20140919,20140921,667,1687,153,3,2519.958,7,0.4,-251.9958
268,265,CA-2016-125318,20160606,20160613,629,1750,8,4,328.224,4,0.2,28.7196
269,266,CA-2015-155040,20151110,20151115,32,1609,469,4,79.9,2,0.0,35.156
270,267,CA-2017-136826,20170616,20170620,128,599,402,4,14.016,3,0.2,4.7304
271,268,CA-2016-111010,20160122,20160128,593,948,245,4,7.56,6,0.0,0.3024
272,269,US-2017-145366,20171209,20171213,124,1430,277,4,37.208,1,0.2,-7.4416
273,270,US-2017-145366,20171209,20171213,124,908,277,4,57.576,3,0.2,21.591
274,271,CA-2017-163979,20171228,20180102,433,1408,533,3,725.84,4,0.0,210.4936
275,272,CA-2015-155334,20150730,20150731,318,1592,532,1,209.93,7,0.0,92.3692
276,273,CA-2015-155334,20150730,20150731,318,257,532,1,5.28,3,0.0,2.3232
277,274,CA-2015-155334,20150730,20150731,318,753,532,1,10.92,3,0.2,4.095
278,275,CA-2017-118136,20170916,20170917,65,1199,488,1,8.82,2,0.0,4.0572
279,276,CA-2017-118136,20170916,20170917,65,528,488,1,5.98,1,0.0,1.5548
280,277,CA-2017-132976,20171013,20171017,23,1082,306,4,11.648,2,0.2,4.0768
281,278,CA-2017-132976,20171013,20171017,23,1289,306,4,18.176,4,0.2,5.9072
282,279,CA-2017-132976,20171013,20171017,23,1341,306,4,59.712,6,0.2,5.9712
283,280,CA-2017-132976,20171013,20171017,23,986,306,4,24.84,3,0.2,8.694
284,281,US-2015-161991,20150926,20150928,679,857,155,3,2.08,5,0.8,-3.432
285,282,US-2015-161991,20150926,20150928,679,1768,155,3,1114.4,7,0.2,376.11
286,283,CA-2015-130890,20151102,20151106,398,358,498,4,1038.84,5,0.2,51.942
287,284,CA-2015-130883,20150926,20151002,739,1063,598,4,141.76,5,0.2,47.844
288,285,CA-2015-130883,20150926,20151002,739,1535,598,4,239.8,5,0.2,47.96
289,286,CA-2015-130883,20150926,20151002,739,1273,598,4,31.104,6,0.2,10.8864
290,287,CA-2016-112697,20161218,20161220,31,676,368,3,254.058,7,0.7,-169.372
291,288,CA-2016-112697,20161218,20161220,31,443,368,3,194.528,2,0.2,24.316
292,289,CA-2016-112697,20161218,20161220,31,1448,368,3,961.48,5,0.2,-204.3145
293,290,CA-2016-110772,20161120,20161124,579,942,279,3,19.096,7,0.2,6.6836
294,291,CA-2016-110772,20161120,20161124,579,1025,279,3,18.496,8,0.2,6.2424
295,292,CA-2016-110772,20161120,20161124,579,1538,279,3,255.984,2,0.2,54.3966
296,293,CA-2016-110772,20161120,20161124,579,49,279,3,86.97,3,0.5,-48.7032
297,294,CA-2014-111451,20141226,20141228,434,296,558,1,300.416,8,0.2,78.8592
298,295,CA-2014-111451,20141226,20141228,434,80,558,1,230.352,3,0.2,20.1558
299,296,CA-2014-111451,20141226,20141228,434,244,558,1,218.352,3,0.2,-24.5646
300,297,CA-2014-111451,20141226,20141228,434,841,558,1,78.6,5,0.7,-62.88
301,298,CA-2014-111451,20141226,20141228,434,955,558,1,27.552,3,0.2,9.2988
302,299,CA-2016-142545,20161028,20161103,350,1170,238,4,32.4,5,0.0,15.552
303,300,CA-2016-142545,20161028,20161103,350,1402,238,4,1082.48,8,0.0,10.8248
304,301,CA-2016-142545,20161028,20161103,350,1277,238,4,56.91,3,0.0,27.3168
305,302,CA-2016-142545,20161028,20161103,350,201,238,4,77.6,4,0.0,38.024
306,303,CA-2016-142545,20161028,20161103,350,756,238,4,14.28,1,0.0,6.5688
307,304,US-2017-152380,20171119,20171123,371,352,9,4,219.075,3,0.5,-131.445
308,305,CA-2015-144253,20150504,20150509,55,236,265,3,26.8,2,0.0,12.864
309,306,CA-2014-130960,20141230,20150104,419,601,84,4,9.84,3,0.0,2.8536
310,307,CA-2014-111003,20140601,20140606,168,687,243,4,45.48,3,0.0,20.9208
311,308,CA-2014-111003,20140601,20140606,168,555,243,4,289.2,6,0.0,83.868
312,309,CA-2017-126774,20170415,20170417,693,571,440,1,4.89,1,0.0,2.0049
313,310,CA-2016-142902,20160912,20160914,102,205,555,3,15.136,4,0.2,3.5948
314,311,CA-2016-142902,20160912,20160914,102,122,555,3,466.768,2,0.2,52.5114
315,312,CA-2016-142902,20160912,20160914,102,198,555,3,15.232,1,0.2,1.7136
316,313,CA-2016-142902,20160912,20160914,102,969,555,3,6.264,3,0.2,2.0358
317,314,CA-2014-120887,20140927,20141003,763,192,242,4,87.54,3,0.0,37.6422
318,315,CA-2014-167850,20140809,20140816,24,1799,365,4,178.384,2,0.2,22.298
319,316,CA-2014-167850,20140809,20140816,24,1157,365,4,15.552,3,0.2,5.4432
320,317,CA-2014-164259,20141228,20141230,710,588,307,1,99.136,4,0.2,8.6744
321,318,CA-2014-164973,20141104,20141109,569,95,265,4,135.882,1,0.1,24.1568
322,319,CA-2014-164973,20141104,20141109,569,1675,265,4,3991.98,2,0.0,1995.99
323,320,CA-2014-164973,20141104,20141109,569,1862,265,4,275.94,6,0.0,80.0226
324,321,CA-2014-164973,20141104,20141109,569,1503,265,4,360.0,4,0.0,129.6
325,322,CA-2014-164973,20141104,20141109,569,1405,265,4,43.57,1,0.0,13.071
326,323,CA-2014-156601,20140919,20140924,280,923,497,4,7.16,2,0.0,3.58
327,324,CA-2016-162138,20160423,20160427,303,841,486,4,251.52,6,0.2,81.744
328,325,CA-2016-162138,20160423,20160427,303,1534,486,4,99.99,1,0.0,34.9965
329,326,CA-2017-153339,20171103,20171105,209,209,436,3,15.992,1,0.2,0.9995
330,327,US-2016-141544,20160830,20160901,603,1848,307,1,290.898,3,0.4,-67.8762
331,328,US-2016-141544,20160830,20160901,603,1334,307,1,54.224,2,0.2,3.389
332,329,US-2016-141544,20160830,20160901,603,106,307,1,786.744,4,0.3,-258.5016
333,330,US-2016-141544,20160830,20160901,603,972,307,1,100.24,10,0.2,33.831
334,331,US-2016-141544,20160830,20160901,603,705,307,1,37.764,6,0.7,-27.6936
335,332,US-2016-150147,20160425,20160429,389,1880,305,3,82.8,2,0.4,-20.7
336,333,US-2016-150147,20160425,20160429,389,695,305,3,20.724,2,0.7,-13.816
337,334,US-2016-150147,20160425,20160429,389,728,305,3,4.896,3,0.7,-3.4272
338,335,CA-2015-137946,20150901,20150904,198,727,502,3,4.752,1,0.2,1.6038
339,336,CA-2015-137946,20150901,20150904,198,1631,502,3,959.984,2,0.2,335.9944
340,337,CA-2015-137946,20150901,20150904,198,819,502,3,14.368,4,0.2,4.49
341,338,CA-2014-129924,20140712,20140717,12,781,534,4,7.712,2,0.2,2.7956
342,339,CA-2014-129924,20140712,20140717,12,379,534,4,698.352,3,0.2,-17.4588
343,340,CA-2015-128167,20150622,20150626,435,919,604,3,4.96,4,0.0,2.3312
344,341,CA-2014-122336,20140413,20140417,350,484,306,3,17.856,4,0.2,1.116
345,342,CA-2014-122336,20140413,20140417,350,793,306,3,509.97,10,0.7,-407.976
346,343,CA-2014-122336,20140413,20140417,350,939,306,3,30.992,13,0.2,10.0724
347,344,CA-2014-122336,20140413,20140417,350,1732,306,3,71.928,12,0.4,8.3916
348,345,US-2015-120712,20151220,20151224,174,1316,128,4,88.8,4,0.2,-2.22
349,346,CA-2017-169901,20170615,20170619,135,1793,534,4,47.976,3,0.2,4.7976
350,347,CA-2017-134306,20170708,20170712,747,620,227,4,7.56,3,0.0,3.0996
351,348,CA-2017-134306,20170708,20170712,747,1048,227,4,24.56,2,0.0,11.5432
352,349,CA-2017-134306,20170708,20170712,747,526,227,4,12.96,2,0.0,4.1472
353,350,CA-2016-129714,20160901,20160903,6,1488,263,1,6.79,1,0.0,2.3086
354,351,CA-2016-129714,20160901,20160903,6,1162,263,1,24.56,2,0.0,11.5432
355,352,CA-2016-129714,20160901,20160903,6,740,263,1,3.048,1,0.2,1.0668
356,353,CA-2016-129714,20160901,20160903,6,1162,263,1,49.12,4,0.0,23.0864
357,354,CA-2016-129714,20160901,20160903,6,859,263,1,4355.168,4,0.2,1415.4296
358,355,CA-2016-138520,20160408,20160413,387,21,266,4,388.704,6,0.2,-4.8588
359,356,CA-2016-138520,20160408,20160413,387,867,266,4,8.26,2,0.0,3.7996
360,357,CA-2016-138520,20160408,20160413,387,563,266,4,17.04,4,0.0,6.9864
361,358,CA-2016-138520,20160408,20160413,387,1204,266,4,34.4,5,0.0,15.824
362,359,CA-2016-130001,20160423,20160428,327,1201,403,4,36.24,5,0.2,11.325
363,360,CA-2017-155698,20170308,20170311,776,407,373,1,647.84,8,0.0,168.4384
364,361,CA-2017-155698,20170308,20170311,776,973,373,1,20.7,2,0.0,9.936
365,362,CA-2017-144904,20170925,20171001,446,973,263,4,20.7,2,0.0,9.936
366,363,CA-2017-144904,20170925,20171001,446,63,263,4,488.646,3,0.1,86.8704
367,364,CA-2017-144904,20170925,20171001,446,605,263,4,5.56,2,0.0,1.4456
368,365,CA-2017-144904,20170925,20171001,446,140,263,4,47.12,8,0.0,20.7328
369,366,CA-2014-123344,20140924,20140929,352,1375,532,4,211.96,4,0.0,8.4784
370,367,CA-2016-155516,20161021,20161021,518,747,199,2,23.2,4,0.0,10.44
371,368,CA-2016-155516,20161021,20161021,518,1455,199,2,7.36,2,0.0,0.1472
372,369,CA-2016-155516,20161021,20161021,518,1392,199,2,104.79,7,0.0,29.3412
373,370,CA-2016-155516,20161021,20161021,518,22,199,2,1043.92,4,0.0,271.4192
374,371,CA-2017-104745,20170529,20170604,313,1169,152,4,25.92,5,0.2,9.396
375,372,CA-2017-104745,20170529,20170604,313,1383,152,4,53.424,3,0.2,4.6746
376,373,US-2014-119137,20140723,20140727,27,728,463,4,8.16,5,0.7,-5.712
377,374,US-2014-119137,20140723,20140727,27,1598,463,4,1023.936,8,0.2,179.1888
378,375,US-2014-119137,20140723,20140727,27,502,463,4,9.24,1,0.2,0.924
379,376,US-2014-119137,20140723,20140727,27,1543,463,4,479.04,10,0.2,-29.94
380,377,US-2016-134656,20160928,20161001,528,1222,28,1,99.136,4,0.2,30.98
381,378,US-2017-134481,20170827,20170901,47,383,223,4,1488.424,7,0.3,-297.6848
382,379,CA-2015-130792,20150428,20150505,619,400,156,4,8.652,3,0.8,-20.3322
383,380,CA-2015-130792,20150428,20150505,619,1413,156,4,23.832,3,0.2,2.6811
384,381,CA-2015-130792,20150428,20150505,619,661,156,4,12.176,4,0.8,-18.8728
385,382,CA-2016-134775,20161028,20161029,57,1300,532,1,50.96,7,0.0,25.48
386,383,CA-2016-134775,20161028,20161029,57,743,532,1,49.536,3,0.2,17.3376
387,384,CA-2015-125395,20150626,20150629,448,1618,84,3,41.9,2,0.0,8.799
388,385,US-2015-168935,20151127,20151202,228,329,359,4,375.4575,3,0.45,-157.0095
389,386,US-2015-168935,20151127,20151202,228,1551,359,4,83.976,3,0.2,-1.0497
390,387,CA-2015-122756,20151203,20151207,216,1662,306,4,482.34,4,0.7,-337.638
391,388,CA-2015-122756,20151203,20151207,216,207,306,4,2.96,1,0.2,0.777
392,389,CA-2014-115973,20141124,20141126,565,640,277,1,2.624,1,0.2,0.4264
393,390,CA-2017-101798,20171211,20171215,546,649,263,4,23.36,4,0.2,7.884
394,391,CA-2017-101798,20171211,20171215,546,1537,263,4,39.98,2,0.0,13.5932
395,392,US-2014-135972,20140921,20140923,365,1828,617,3,246.384,2,0.2,27.7182
396,393,US-2014-135972,20140921,20140923,365,1636,617,3,1799.97,3,0.0,701.9883
397,394,US-2014-134971,20140607,20140610,100,810,27,3,12.462,3,0.8,-20.5623
398,395,CA-2017-102946,20170630,20170705,783,836,583,4,75.792,3,0.2,25.5798
399,396,CA-2017-165603,20171017,20171019,714,1340,312,3,49.96,2,0.0,9.4924
400,397,CA-2017-165603,20171017,20171019,714,1194,312,3,12.96,2,0.0,6.2208
401,398,CA-2015-122259,20151031,20151104,331,1465,73,4,70.12,4,0.0,21.036
402,399,CA-2016-108987,20160908,20160910,25,1372,153,3,35.952,3,0.2,3.5952
403,400,CA-2016-108987,20160908,20160910,25,50,153,3,2396.2656,4,0.32,-317.1528
404,401,CA-2016-108987,20160908,20160910,25,1345,153,3,131.136,4,0.2,-32.784
405,402,CA-2016-108987,20160908,20160910,25,1485,153,3,57.584,2,0.2,0.7198
406,403,CA-2014-113166,20141224,20141226,460,1158,353,1,9.568,2,0.2,3.4684
407,404,CA-2014-155208,20140416,20140420,709,593,416,4,39.072,6,0.2,9.768
408,405,CA-2017-117933,20171224,20171229,642,472,265,4,35.91,3,0.0,9.6957
409,406,CA-2017-117457,20171208,20171212,431,1485,533,4,179.95,5,0.0,37.7895
410,407,CA-2017-117457,20171208,20171212,431,1639,533,4,1199.976,3,0.2,434.9913
411,408,CA-2017-117457,20171208,20171212,431,1250,533,4,27.15,5,0.0,13.3035
412,409,CA-2017-117457,20171208,20171212,431,348,533,4,1004.024,7,0.2,-112.9527
413,410,CA-2017-117457,20171208,20171212,431,1211,533,4,9.68,1,0.0,4.6464
414,411,CA-2017-117457,20171208,20171212,431,1009,533,4,28.35,9,0.0,13.608
415,412,CA-2017-117457,20171208,20171212,431,1163,533,4,55.98,1,0.0,27.4302
416,413,CA-2017-117457,20171208,20171212,431,16,533,4,1336.829,13,0.15,31.4548
417,414,CA-2017-117457,20171208,20171212,431,117,533,4,113.568,2,0.2,-18.4548
418,415,CA-2017-142636,20171103,20171107,422,1038,628,4,139.86,7,0.0,65.7342
419,416,CA-2017-142636,20171103,20171107,422,80,628,4,307.136,4,0.2,26.8744
420,417,CA-2017-122105,20170624,20170628,147,628,487,4,95.92,8,0.0,25.8984
421,418,CA-2016-148796,20160414,20160418,585,136,498,4,383.8,5,0.2,38.38
422,419,CA-2017-154816,20171106,20171110,776,1256,389,4,5.78,1,0.0,2.8322
423,420,CA-2017-110478,20170304,20170309,710,534,502,4,9.32,4,0.0,2.7028
424,421,CA-2017-110478,20170304,20170309,710,862,502,4,15.25,1,0.0,7.015
425,422,CA-2014-142048,20140622,20140625,357,1600,566,1,196.752,6,0.2,56.5662
426,423,CA-2017-125388,20171019,20171023,534,314,225,4,56.56,4,0.0,14.7056
427,424,CA-2017-125388,20171019,20171023,534,1344,225,4,32.7,3,0.0,8.502
428,425,CA-2017-155705,20170821,20170823,561,51,397,3,866.4,4,0.0,225.264
429,426,CA-2017-149160,20171123,20171126,391,258,65,3,28.4,2,0.0,11.076
430,427,CA-2017-149160,20171123,20171126,391,707,65,3,287.92,8,0.0,138.2016
431,428,CA-2014-101476,20140912,20140913,683,1643,262,1,69.99,1,0.0,30.0957
432,429,CA-2017-152275,20171001,20171008,432,490,177,4,6.672,6,0.2,0.5004
433,430,US-2016-123750,20160415,20160421,628,840,407,4,189.588,2,0.7,-145.3508
434,431,US-2016-123750,20160415,20160421,628,1616,407,4,408.744,7,0.2,76.6395
435,432,US-2016-123750,20160415,20160421,628,1616,407,4,291.96,5,0.2,54.7425
436,433,US-2016-123750,20160415,20160421,628,1330,407,4,4.768,2,0.2,-0.7748
437,434,CA-2016-127369,20160606,20160607,191,1411,227,1,714.3,5,0.0,207.147
438,435,US-2014-150574,20141219,20141225,519,675,345,4,4.812,2,0.7,-3.6892
439,436,US-2014-150574,20141219,20141225,519,1562,345,4,247.8,5,0.2,-18.585
440,437,CA-2016-147375,20160612,20160614,605,1677,9,3,1007.979,3,0.3,43.1991
441,438,CA-2016-147375,20160612,20160614,605,1163,9,3,313.488,7,0.2,113.6394
442,439,CA-2017-130043,20170915,20170919,66,1178,155,4,31.872,8,0.2,11.5536
443,440,CA-2017-157252,20170120,20170123,184,108,265,3,207.846,3,0.1,2.3094
444,441,CA-2016-115756,20160905,20160907,598,149,69,3,12.22,1,0.0,3.666
445,442,CA-2016-115756,20160905,20160907,598,1314,69,3,194.94,3,0.0,23.3928
446,443,CA-2016-115756,20160905,20160907,598,1406,69,3,70.95,3,0.0,20.5755
447,444,CA-2016-115756,20160905,20160907,598,1177,69,3,91.36,4,0.0,42.0256
448,445,CA-2016-115756,20160905,20160907,598,93,69,3,242.94,3,0.0,29.1528
449,446,CA-2016-115756,20160905,20160907,598,976,69,3,22.05,7,0.0,10.584
450,447,CA-2017-154214,20170320,20170325,740,146,37,3,2.91,1,0.0,1.3677
451,448,CA-2016-166674,20160401,20160403,622,498,254,3,59.52,3,0.0,15.4752
452,449,CA-2016-166674,20160401,20160403,622,1363,254,3,161.94,3,0.0,9.7164
453,450,CA-2016-166674,20160401,20160403,622,547,254,3,263.88,6,0.0,71.2476
454,451,CA-2016-166674,20160401,20160403,622,580,254,3,30.48,3,0.0,7.9248
455,452,CA-2016-166674,20160401,20160403,622,645,254,3,9.84,3,0.0,2.8536
456,453,CA-2016-166674,20160401,20160403,622,1798,254,3,35.12,4,0.0,9.1312
457,454,CA-2017-147277,20171020,20171024,247,337,275,4,284.364,2,0.4,-75.8304
458,455,CA-2017-147277,20171020,20171024,247,1319,275,4,665.408,2,0.2,66.5408
459,456,CA-2016-100153,20161213,20161217,432,1531,118,4,63.88,4,0.0,24.9132
460,457,US-2014-110674,20140212,20140218,670,53,476,4,129.568,2,0.2,-24.294
461,458,US-2016-157945,20160926,20161001,561,91,12,4,747.558,3,0.3,-96.1146
462,459,US-2016-157945,20160926,20161001,561,871,12,4,8.928,2,0.2,3.348
463,460,CA-2015-109638,20151215,20151222,372,436,629,4,103.92,4,0.0,36.372
464,461,CA-2015-109638,20151215,20151222,372,1613,629,4,899.91,9,0.0,377.9622
465,462,CA-2015-109638,20151215,20151222,372,690,629,4,51.312,3,0.2,18.6006
466,463,CA-2016-109869,20160422,20160429,756,140,459,4,23.56,5,0.2,7.068
467,464,CA-2016-109869,20160422,20160429,756,345,459,4,1272.63,6,0.5,-814.4832
468,465,CA-2016-109869,20160422,20160429,756,662,459,4,28.485,5,0.7,-20.889
469,466,CA-2016-109869,20160422,20160429,756,1468,459,4,185.376,2,0.2,-34.758
470,467,CA-2016-109869,20160422,20160429,756,440,459,4,78.272,2,0.2,5.8704
471,468,US-2015-101399,20150117,20150124,409,244,26,4,254.744,7,0.6,-312.0614
472,469,CA-2017-154907,20170331,20170404,237,25,126,4,205.3328,2,0.32,-36.2352
473,470,US-2016-100419,20161216,20161220,137,741,8,3,4.788,3,0.8,-7.9002
474,471,CA-2015-154144,20151220,20151224,514,1270,259,4,55.48,1,0.0,26.6304
475,472,CA-2014-144666,20141109,20141111,401,1401,533,3,340.92,3,0.0,3.4092
476,473,CA-2014-144666,20141109,20141111,401,10,533,3,222.666,2,0.15,10.4784
477,474,CA-2014-144666,20141109,20141111,401,1816,533,3,703.968,4,0.2,87.996
478,475,CA-2014-144666,20141109,20141111,401,1357,533,3,92.52,6,0.0,24.9804
479,476,CA-2014-144666,20141109,20141111,401,1124,533,3,62.65,7,0.0,28.819
480,477,CA-2014-144666,20141109,20141111,401,1241,533,3,94.85,5,0.0,45.528
481,478,CA-2016-103891,20160712,20160719,433,1712,499,4,95.76,6,0.2,7.182
482,479,CA-2016-152632,20161027,20161102,354,236,271,4,40.2,3,0.0,19.296
483,480,CA-2016-100790,20160626,20160702,368,577,265,4,14.7,5,0.0,6.615
484,481,CA-2016-100790,20160626,20160702,368,1336,265,4,704.25,5,0.0,84.51
485,482,CA-2014-134677,20141006,20141010,789,1520,529,4,9.09,3,0.0,1.9089
486,483,CA-2014-127691,20140722,20140727,271,553,265,4,5.96,2,0.0,1.6688
487,484,CA-2014-127691,20140722,20140727,271,1561,265,4,159.98,2,0.0,57.5928
488,485,CA-2017-140963,20170610,20170613,544,1010,502,1,29.6,2,0.0,14.8
489,486,CA-2017-140963,20170610,20170613,544,7,502,1,514.165,5,0.15,-30.245
490,487,CA-2017-140963,20170610,20170613,544,1777,502,1,279.96,5,0.2,17.4975
491,488,CA-2014-154627,20141029,20141031,664,1748,8,1,2735.952,6,0.2,341.994
492,489,CA-2014-133753,20140609,20140613,185,1720,157,3,7.992,1,0.2,0.5994
493,490,CA-2014-133753,20140609,20140613,185,1489,157,3,63.984,2,0.2,10.3974
494,491,CA-2014-133753,20140609,20140613,185,547,157,3,70.368,2,0.2,6.1572
495,492,CA-2014-113362,20140914,20140919,40,1377,269,4,449.15,5,0.0,8.983
496,493,CA-2014-113362,20140914,20140919,40,902,269,4,11.07,3,0.0,5.0922
497,494,CA-2016-169166,20160509,20160514,717,1507,629,4,93.98,2,0.0,13.1572
498,495,US-2016-120929,20160318,20160321,652,343,435,3,189.882,3,0.4,-94.941
499,496,CA-2015-134782,20151227,20151231,496,872,325,4,105.42,2,0.0,51.6558
500,497,CA-2016-126158,20160725,20160731,670,752,477,4,119.616,8,0.2,40.3704
501,498,CA-2016-126158,20160725,20160731,670,320,477,4,255.76,4,0.0,81.8432
502,499,CA-2016-126158,20160725,20160731,670,95,477,4,241.568,2,0.2,18.1176
503,500,CA-2016-126158,20160725,20160731,670,141,477,4,69.3,9,0.0,22.869
504,501,US-2016-105578,20160530,20160604,549,716,568,4,22.62,2,0.7,-15.08
505,502,US-2016-105578,20160530,20160604,549,715,568,4,14.952,2,0.7,-11.9616
506,503,US-2016-105578,20160530,20160604,549,70,568,4,801.568,2,0.2,50.098
507,504,US-2016-105578,20160530,20160604,549,679,568,4,2.376,3,0.7,-1.9008
508,505,US-2016-105578,20160530,20160604,549,1058,568,4,32.792,1,0.2,11.8871
509,506,CA-2017-134978,20171112,20171115,247,778,265,3,15.92,5,0.2,5.373
510,507,CA-2015-145352,20150316,20150322,161,536,372,4,2.74,1,0.0,0.7398
511,508,CA-2015-145352,20150316,20150322,161,612,372,4,8.34,3,0.0,2.1684
512,509,CA-2015-145352,20150316,20150322,161,1354,372,4,46.74,3,0.0,11.685
513,510,CA-2015-145352,20150316,20150322,161,788,372,4,6354.95,5,0.0,3177.475
514,511,CA-2017-135307,20171126,20171127,476,182,101,1,126.3,3,0.0,40.416
515,512,CA-2017-135307,20171126,20171127,476,1555,101,1,38.04,2,0.0,12.1728
516,513,CA-2016-106341,20161020,20161023,460,553,294,1,7.152,3,0.2,0.7152
517,514,CA-2017-163405,20171221,20171225,96,610,503,4,6.63,3,0.0,1.7901
518,515,CA-2017-163405,20171221,20171225,96,524,503,4,5.88,2,0.0,1.7052
519,516,CA-2017-127432,20170122,20170127,16,1637,579,4,2999.95,5,0.0,1379.977
520,517,CA-2017-127432,20170122,20170127,16,1436,579,4,51.45,3,0.0,13.8915
521,518,CA-2017-127432,20170122,20170127,16,1135,579,4,11.96,2,0.0,5.382
522,519,CA-2017-127432,20170122,20170127,16,1435,579,4,1126.02,3,0.0,56.301
523,520,CA-2015-157812,20150322,20150326,193,1486,154,4,18.392,1,0.2,5.2877
524,521,CA-2015-157812,20150322,20150326,193,1337,154,4,129.568,2,0.2,-25.9136
525,522,CA-2015-157812,20150322,20150326,193,659,154,4,14.112,9,0.8,-21.168
526,523,CA-2017-145142,20170123,20170125,491,343,70,1,210.98,2,0.0,21.098
527,524,US-2016-139486,20160521,20160523,464,1844,500,1,55.176,3,0.2,-12.4146
528,525,US-2016-139486,20160521,20160523,464,1595,500,1,66.26,2,0.0,27.1666
529,526,CA-2015-158792,20151226,20160102,71,940,225,4,22.2,5,0.0,10.434
530,527,CA-2017-113558,20171021,20171026,594,107,348,4,683.952,3,0.2,42.747
531,528,CA-2017-113558,20171021,20171026,594,198,348,4,45.696,3,0.2,5.1408
532,529,US-2015-138303,20150903,20150907,508,1443,305,4,36.336,3,0.2,-7.2672
533,530,US-2015-138303,20150903,20150907,508,1466,305,4,666.248,1,0.2,-149.9058
534,531,US-2015-138303,20150903,20150907,508,870,305,4,52.512,6,0.2,19.692
535,532,CA-2015-102848,20151107,20151109,415,60,501,3,190.72,1,0.2,11.92
536,533,US-2017-129441,20170907,20170911,345,158,500,4,47.94,3,0.0,2.397
537,534,CA-2016-168753,20160529,20160601,648,1737,322,3,979.95,5,0.0,274.386
538,535,CA-2016-168753,20160529,20160601,648,753,322,3,22.75,5,0.0,11.375
539,536,CA-2016-126613,20160710,20160716,2,1358,457,4,16.768,2,0.2,1.4672
540,537,US-2017-122637,20170903,20170908,276,749,10,3,42.616,7,0.8,-68.1856
541,538,CA-2015-147851,20151203,20151208,533,839,263,4,10.752,4,0.2,3.36
542,539,CA-2015-134894,20151207,20151211,213,411,385,4,152.94,3,0.0,41.2938
543,540,CA-2015-134894,20151207,20151211,213,96,385,4,283.92,4,0.0,70.98
544,541,CA-2014-140795,20140201,20140203,69,1519,186,1,468.9,6,0.0,206.316
545,542,CA-2016-136924,20160714,20160717,279,1791,463,1,380.864,8,0.2,38.0864
546,543,US-2015-120161,20151218,20151223,466,1377,296,4,646.776,9,0.2,-145.5246
547,544,CA-2014-103849,20140511,20140516,593,1521,146,4,58.112,2,0.2,7.264
548,545,CA-2014-103849,20140511,20140516,593,1812,146,4,100.792,1,0.2,6.2995
549,546,CA-2014-103849,20140511,20140516,593,165,146,4,66.112,4,0.6,-84.2928
550,547,CA-2017-162929,20171119,20171122,54,665,266,1,41.28,6,0.2,13.932
551,548,CA-2017-162929,20171119,20171122,54,1216,266,1,13.36,2,0.0,6.4128
552,549,CA-2015-113173,20151115,20151117,216,1328,10,3,250.272,9,0.2,15.642
553,550,CA-2015-113173,20151115,20151117,216,850,10,3,11.364,3,0.8,-17.046
554,551,CA-2015-113173,20151115,20151117,216,1458,10,3,8.72,5,0.2,-1.744
555,552,CA-2016-136406,20160415,20160417,68,83,533,3,1121.568,2,0.2,0.0
556,553,CA-2017-112774,20170911,20170912,630,249,345,1,34.504,1,0.2,6.0382
557,554,CA-2017-101945,20171124,20171128,312,952,155,4,10.824,3,0.2,2.5707
558,555,CA-2017-100650,20170629,20170703,216,1376,465,3,1295.78,2,0.0,310.9872
559,556,CA-2014-155852,20140303,20140307,39,597,416,3,19.456,4,0.2,3.4048
560,557,CA-2016-113243,20160610,20160615,581,975,502,4,20.7,2,0.0,9.936
561,558,CA-2016-113243,20160610,20160615,581,375,502,4,1335.68,4,0.2,-217.048
562,559,CA-2016-113243,20160610,20160615,581,1240,502,4,32.4,5,0.0,15.552
563,560,CA-2017-118731,20171120,20171122,468,258,533,3,42.6,3,0.0,16.614
564,561,CA-2017-118731,20171120,20171122,468,650,533,3,84.056,7,0.2,27.3182
565,562,CA-2014-145576,20140914,20140918,125,466,369,3,13.0,5,0.2,1.3
566,563,CA-2014-145576,20140914,20140918,125,291,369,3,13.128,3,0.2,3.7743
567,564,CA-2015-130736,20151207,20151209,363,947,628,1,3.96,2,0.0,0.0
568,565,CA-2015-130736,20151207,20151209,363,969,628,1,2.61,1,0.0,1.2006
569,566,CA-2017-137099,20171207,20171210,291,1804,499,1,374.376,3,0.2,46.797
570,567,CA-2017-156951,20171001,20171008,249,1292,628,4,91.84,8,0.0,45.0016
571,568,CA-2017-156951,20171001,20171008,249,691,628,4,81.088,7,0.2,27.3672
572,569,CA-2017-156951,20171001,20171008,249,1288,628,4,19.44,3,0.0,9.3312
573,570,CA-2017-156951,20171001,20171008,249,138,628,4,451.152,3,0.2,0.0
574,571,CA-2017-164826,20171228,20180104,362,975,265,4,72.45,7,0.0,34.776
575,572,CA-2017-164826,20171228,20180104,362,920,265,4,13.96,4,0.0,6.4216
576,573,CA-2017-164826,20171228,20180104,362,727,265,4,33.264,7,0.2,11.2266
577,574,CA-2017-164826,20171228,20180104,362,1718,265,4,14.85,3,0.0,4.0095
578,575,CA-2016-127250,20161103,20161107,686,589,622,4,8.82,3,0.0,2.3814
579,576,CA-2015-149713,20150918,20150922,749,1292,497,3,160.72,14,0.0,78.7528
580,577,CA-2015-149713,20150918,20150922,749,1119,497,3,19.92,4,0.0,9.7608
581,578,CA-2015-149713,20150918,20150922,749,1456,497,3,7.3,2,0.0,2.19
582,579,CA-2017-118640,20170720,20170726,173,1405,8,4,69.712,2,0.2,8.714
583,580,CA-2017-118640,20170720,20170726,173,188,8,4,8.792,1,0.6,-5.7148
584,581,CA-2015-132906,20150910,20150914,130,1475,498,4,51.52,4,0.0,1.5456
585,582,CA-2017-145233,20171201,20171205,239,1894,560,4,470.376,3,0.2,52.9173
586,583,CA-2017-145233,20171201,20171205,239,1729,560,4,105.584,2,0.2,9.2386
587,584,CA-2017-145233,20171201,20171205,239,394,560,4,31.152,3,0.2,3.5046
588,585,CA-2017-145233,20171201,20171205,239,758,560,4,6.783,7,0.7,-4.7481
589,586,CA-2017-145233,20171201,20171205,239,1743,560,4,406.368,4,0.2,30.4776
590,587,CA-2015-128139,20150703,20150709,74,117,389,4,70.98,1,0.0,4.9686
591,588,CA-2015-128139,20150703,20150709,74,1011,389,4,294.93,3,0.0,144.5157
592,589,US-2016-156986,20160320,20160324,792,1851,600,4,84.784,2,0.2,-20.1362
593,590,US-2016-156986,20160320,20160324,792,1168,600,4,20.736,4,0.2,7.2576
594,591,US-2016-156986,20160320,20160324,792,752,600,4,16.821,3,0.7,-12.8961
595,592,US-2016-156986,20160320,20160324,792,1274,600,4,10.368,2,0.2,3.6288
596,593,CA-2014-135405,20140109,20140113,541,623,161,4,9.344,2,0.2,1.168
597,594,CA-2014-135405,20140109,20140113,541,1514,161,4,31.2,3,0.2,9.75
598,595,CA-2014-131450,20140808,20140815,470,478,529,4,76.12,2,0.0,22.0748
599,596,CA-2014-131450,20140808,20140815,470,1639,529,4,1199.976,3,0.2,434.9913
600,597,CA-2014-131450,20140808,20140815,470,1799,529,4,445.96,5,0.2,55.745
601,598,CA-2014-131450,20140808,20140815,470,210,529,4,327.76,8,0.0,91.7728
602,599,CA-2016-120180,20160714,20160716,757,1471,305,1,11.632,2,0.2,1.0178
603,600,US-2016-100720,20160716,20160721,148,1749,304,4,143.982,3,0.4,-28.7964
604,601,US-2016-100720,20160716,20160721,148,1856,304,4,494.376,4,0.4,-115.3544
605,602,US-2016-100720,20160716,20160721,148,1456,304,4,5.84,2,0.2,0.73
606,603,CA-2014-149958,20140315,20140319,56,1365,369,4,142.776,1,0.2,17.847
607,604,CA-2014-149958,20140315,20140319,56,198,369,4,45.696,3,0.2,5.1408
608,605,CA-2014-149958,20140315,20140319,56,675,369,4,7.218,3,0.7,-5.5338
609,606,CA-2014-149958,20140315,20140319,56,707,369,4,43.188,4,0.7,-31.6712
610,607,CA-2014-149958,20140315,20140319,56,1172,369,4,131.904,3,0.2,47.8152
611,608,US-2014-105767,20140523,20140527,48,680,305,4,3.282,2,0.7,-2.6256
612,609,US-2014-105767,20140523,20140527,48,524,305,4,21.168,9,0.2,2.3814
613,610,US-2014-105767,20140523,20140527,48,1830,305,4,55.188,2,0.4,-10.1178
614,611,CA-2016-161816,20160428,20160501,554,1828,141,1,369.576,3,0.2,41.5773
615,612,CA-2016-161816,20160428,20160501,554,1017,141,1,15.712,4,0.2,5.6956
616,613,CA-2016-121223,20160911,20160913,297,1106,307,3,8.448,2,0.2,2.64
617,614,CA-2016-121223,20160911,20160913,297,1881,307,3,728.946,9,0.4,-157.9383
618,615,CA-2017-138611,20171114,20171117,150,1707,284,3,119.94,10,0.4,15.992
619,616,CA-2017-138611,20171114,20171117,150,769,284,3,3.648,2,0.7,-2.7968
620,617,CA-2017-117947,20170818,20170823,564,280,264,3,40.48,2,0.0,15.7872
621,618,CA-2017-117947,20170818,20170823,564,139,264,3,9.94,2,0.0,3.0814
622,619,CA-2017-117947,20170818,20170823,564,762,264,3,107.424,9,0.2,33.57
623,620,CA-2017-117947,20170818,20170823,564,1805,264,3,37.91,1,0.0,10.9939
624,621,CA-2017-117947,20170818,20170823,564,159,264,3,88.02,3,0.0,27.2862
625,622,US-2014-111171,20141226,20141231,123,738,8,4,8.69,5,0.8,-14.773
626,623,CA-2015-138009,20151129,20151203,687,133,66,4,301.96,2,0.0,87.5684
627,624,CA-2015-138009,20151129,20151203,687,389,66,4,555.21,5,0.1,178.901
628,625,CA-2015-138009,20151129,20151203,687,1355,66,4,523.48,4,0.0,130.87
629,626,CA-2015-138009,20151129,20151203,687,621,66,4,161.82,9,0.0,46.9278
630,627,CA-2017-163020,20170915,20170919,531,147,263,4,35.56,7,0.0,12.0904
631,628,CA-2017-153787,20170519,20170523,60,419,629,4,97.16,2,0.0,28.1764
632,629,CA-2017-133431,20171217,20171221,456,671,534,4,15.24,5,0.2,5.1435
633,630,CA-2017-133431,20171217,20171221,456,1199,534,4,13.23,3,0.0,6.0858
634,631,US-2016-135720,20161211,20161213,289,1380,556,3,243.384,3,0.2,-51.7191
635,632,US-2016-135720,20161211,20161213,289,1515,556,3,119.8,5,0.2,29.95
636,633,US-2016-135720,20161211,20161213,289,1784,556,3,300.768,4,0.2,30.0768
637,634,CA-2017-144694,20170924,20170926,71,1568,353,3,17.88,3,0.2,2.4585
638,635,CA-2017-144694,20170924,20170926,71,1011,353,3,235.944,3,0.2,85.5297
639,636,CA-2015-168004,20151004,20151009,208,73,380,3,392.94,3,0.0,43.2234
640,637,US-2016-123470,20160815,20160821,499,729,556,4,18.882,3,0.7,-13.8468
641,638,US-2016-123470,20160815,20160821,499,458,556,4,122.328,3,0.2,12.2328
642,639,CA-2016-115917,20160520,20160525,624,161,549,4,1049.2,5,0.0,272.792
643,640,CA-2016-115917,20160520,20160525,624,849,549,4,15.424,4,0.2,5.0128
644,641,CA-2016-147067,20161218,20161222,353,166,93,4,18.84,3,0.0,6.0288
645,642,CA-2017-167913,20170730,20170803,388,1327,505,3,330.4,2,0.0,85.904
646,643,CA-2017-167913,20170730,20170803,388,995,505,3,26.25,7,0.0,12.6
647,644,CA-2017-106103,20170610,20170615,673,1595,79,4,132.52,4,0.0,54.3332
648,645,US-2017-127719,20170721,20170725,774,1156,251,4,6.48,1,0.0,3.1752
649,646,CA-2017-126221,20171230,20180105,133,435,37,4,209.3,2,0.0,56.511
650,647,CA-2016-103947,20160401,20160408,65,946,461,4,31.56,5,0.2,9.8625
651,648,CA-2016-103947,20160401,20160408,65,432,461,4,30.144,2,0.2,3.0144
652,649,CA-2016-160745,20161211,20161216,51,207,631,3,14.8,4,0.0,6.068
653,650,CA-2016-160745,20161211,20161216,51,1836,631,3,302.376,3,0.2,22.6782
654,651,CA-2016-160745,20161211,20161216,51,1513,631,3,316.0,4,0.0,31.6
655,652,CA-2016-132661,20161023,20161029,713,1066,265,4,379.4,10,0.0,178.318
656,653,CA-2017-140844,20170619,20170623,47,1259,266,4,97.82,2,0.0,45.9754
657,654,CA-2017-140844,20170619,20170623,47,1510,266,4,103.12,8,0.0,10.312
658,655,CA-2016-137239,20160822,20160828,169,434,279,4,113.552,2,0.2,8.5164
659,656,CA-2016-137239,20160822,20160828,169,763,279,4,3.318,2,0.7,-2.6544
660,657,CA-2016-137239,20160822,20160828,169,880,279,4,134.288,2,0.2,45.3222
661,658,US-2016-156097,20160919,20160919,262,70,2,2,701.372,2,0.3,-50.098
662,659,US-2016-156097,20160919,20160919,262,845,2,2,2.308,2,0.8,-3.462
663,660,CA-2015-146563,20150824,20150828,126,1365,127,4,999.432,7,0.2,124.929
664,661,CA-2015-146563,20150824,20150828,126,1368,127,4,724.08,14,0.2,-135.765
665,662,CA-2015-146563,20150824,20150828,126,341,127,4,918.785,5,0.3,-118.1295
666,663,CA-2015-146563,20150824,20150828,126,809,127,4,2.724,3,0.8,-4.2222
667,664,CA-2016-123666,20160326,20160330,707,1369,264,4,459.95,5,0.0,18.398
668,665,CA-2016-143308,20161104,20161104,629,922,386,2,10.74,3,0.0,5.2626
669,666,CA-2017-132682,20170608,20170610,752,1472,140,3,23.76,3,0.2,2.079
670,667,CA-2017-132682,20170608,20170610,752,1063,140,3,85.056,3,0.2,28.7064
671,668,CA-2017-132682,20170608,20170610,752,1859,140,3,381.576,3,0.2,28.6182
672,669,CA-2014-156314,20141224,20141226,654,251,278,1,30.36,5,0.2,8.7285
673,670,US-2017-106663,20170609,20170613,531,239,10,4,23.976,3,0.6,-14.3856
674,671,US-2017-106663,20170609,20170613,531,330,10,4,108.925,1,0.5,-71.8905
675,672,US-2017-106663,20170609,20170613,531,1188,10,4,36.352,8,0.2,11.36
676,673,CA-2017-111178,20170615,20170622,747,548,28,4,19.56,5,0.2,1.7115
677,674,CA-2017-130351,20171205,20171208,625,475,37,1,61.44,3,0.0,16.5888
678,675,CA-2017-130351,20171205,20171208,625,1173,37,1,38.9,5,0.0,17.505
679,676,CA-2017-130351,20171205,20171208,625,1595,37,1,99.39,3,0.0,40.7499
680,677,US-2017-119438,20170318,20170323,140,401,181,4,2.688,3,0.8,-7.392
681,678,US-2017-119438,20170318,20170323,140,1591,181,4,27.816,3,0.2,4.5201
682,679,US-2017-119438,20170318,20170323,140,265,181,4,82.524,3,0.6,-41.262
683,680,US-2017-119438,20170318,20170323,140,844,181,4,182.994,3,0.8,-320.2395
684,681,CA-2016-164511,20161119,20161124,210,780,265,4,14.352,3,0.2,4.6644
685,682,CA-2016-164511,20161119,20161124,210,1399,265,4,64.96,2,0.0,2.5984
686,683,CA-2016-164511,20161119,20161124,210,1436,265,4,68.6,4,0.0,18.522
687,684,US-2017-168116,20171104,20171104,311,1697,400,2,7999.98,4,0.5,-3839.9904
688,685,US-2017-168116,20171104,20171104,311,435,400,2,167.44,2,0.2,14.651
689,686,CA-2014-157784,20140705,20140708,493,1598,397,1,479.97,3,0.0,163.1898
690,687,CA-2014-157784,20140705,20140708,493,983,397,1,14.62,2,0.0,6.8714
691,688,CA-2014-157784,20140705,20140708,493,1052,397,1,19.44,3,0.0,9.3312
692,689,CA-2017-161480,20171225,20171229,617,41,266,4,191.984,2,0.2,4.7996
693,690,US-2014-117135,20140621,20140623,571,293,451,3,104.01,1,0.0,14.5614
694,691,US-2014-117135,20140621,20140623,571,1780,451,3,284.82,1,0.0,74.0532
695,692,US-2014-117135,20140621,20140623,571,1393,451,3,36.84,3,0.0,10.3152
696,693,CA-2015-131534,20150328,20150402,9,1547,501,4,166.24,1,0.0,24.936
697,694,CA-2015-131534,20150328,20150402,9,1088,501,4,33.4,5,0.0,16.032
698,695,CA-2015-119291,20150514,20150517,399,588,302,1,198.272,8,0.2,17.3488
699,696,CA-2015-119291,20150514,20150517,399,989,302,1,47.36,4,0.2,17.76
700,697,CA-2015-119291,20150514,20150517,399,864,302,1,200.984,7,0.2,62.8075
701,698,CA-2015-119291,20150514,20150517,399,1004,302,1,97.696,4,0.2,31.7512
702,699,CA-2015-119291,20150514,20150517,399,514,302,1,2.696,1,0.2,0.8088
703,700,CA-2015-119291,20150514,20150517,399,709,302,1,18.588,2,0.7,-13.6312
704,701,CA-2015-119291,20150514,20150517,399,728,302,1,4.896,3,0.7,-3.4272
705,702,CA-2017-114552,20170902,20170908,244,246,278,4,15.072,3,0.2,4.1448
706,703,CA-2016-163755,20161104,20161108,57,260,627,3,209.88,3,0.0,35.6796
707,704,CA-2015-142027,20150409,20150414,378,356,497,4,369.912,3,0.2,-13.8717
708,705,CA-2014-138527,20140912,20140917,95,1145,401,4,10.368,2,0.2,3.6288
709,706,CA-2014-138527,20140912,20140917,95,417,401,4,166.84,5,0.2,18.7695
710,707,CA-2014-138527,20140912,20140917,95,1555,401,4,15.216,1,0.2,2.2824
711,708,CA-2014-112158,20141202,20141204,232,1592,266,1,119.96,4,0.0,52.7824
712,709,CA-2014-112158,20141202,20141204,232,30,266,1,883.92,5,0.2,-110.49
713,710,CA-2014-112158,20141202,20141204,232,649,266,1,46.72,8,0.2,15.768
714,711,CA-2014-113887,20140405,20140407,753,1270,266,1,55.48,1,0.0,26.6304
715,712,CA-2017-146136,20170903,20170907,45,869,358,4,24.448,4,0.2,8.8624
716,713,US-2017-100048,20170519,20170524,659,408,261,4,281.34,6,0.0,109.7226
717,714,US-2017-100048,20170519,20170524,659,1828,261,4,307.98,2,0.0,89.3142
718,715,US-2017-100048,20170519,20170524,659,1527,261,4,299.97,3,0.0,113.9886
719,716,CA-2014-153150,20140701,20140706,244,783,628,3,19.92,5,0.2,6.972
720,717,CA-2014-130092,20140111,20140114,721,139,206,1,9.94,2,0.0,3.0814
721,718,CA-2017-108910,20170924,20170929,421,221,294,4,103.056,3,0.2,24.4758
722,719,CA-2014-104472,20140602,20140607,149,715,608,4,59.808,3,0.2,19.4376
723,720,CA-2014-104472,20140602,20140607,149,149,608,4,73.32,6,0.0,21.996
724,721,CA-2016-112942,20160213,20160218,635,1272,502,4,146.82,3,0.0,73.41
725,722,CA-2016-142335,20161215,20161219,534,327,68,4,1652.94,3,0.0,231.4116
726,723,CA-2016-142335,20161215,20161219,534,1312,68,4,296.37,3,0.0,80.0199
727,724,CA-2014-117429,20141007,20141013,536,148,306,4,129.92,5,0.2,21.112
728,725,CA-2016-114713,20160707,20160712,678,1477,342,4,45.584,7,0.2,5.1282
729,726,CA-2017-144113,20170916,20170920,361,868,128,4,17.568,2,0.2,6.3684
730,727,CA-2017-144113,20170916,20170920,361,1787,128,4,55.992,1,0.2,5.5992
731,728,US-2016-150861,20161203,20161206,257,1161,268,1,182.72,8,0.0,84.0512
732,729,US-2016-150861,20161203,20161206,257,349,268,1,400.032,2,0.4,-153.3456
733,730,US-2016-150861,20161203,20161206,257,1437,268,1,33.63,3,0.0,10.089
734,731,US-2016-150861,20161203,20161206,257,102,268,1,542.646,3,0.1,102.4998
735,732,US-2016-150861,20161203,20161206,257,976,268,1,6.3,2,0.0,3.024
736,733,CA-2017-131954,20170121,20170125,236,1337,629,4,242.94,3,0.0,9.7176
737,734,CA-2017-131954,20170121,20170125,236,1590,629,4,179.97,3,0.0,86.3856
738,735,CA-2017-131954,20170121,20170125,236,810,629,4,99.696,6,0.2,33.6474
739,736,CA-2017-131954,20170121,20170125,236,779,629,4,27.936,4,0.2,9.4284
740,737,CA-2017-131954,20170121,20170125,236,12,629,4,84.98,1,0.0,18.6956
741,738,CA-2017-131954,20170121,20170125,236,653,629,4,18.72,5,0.2,6.552
742,739,CA-2014-132500,20140908,20140912,315,1518,533,4,49.98,2,0.0,8.4966
743,740,CA-2014-112326,20140104,20140108,606,1001,20,4,11.784,3,0.2,4.2717
744,741,CA-2014-112326,20140104,20140108,606,1401,20,4,272.736,3,0.2,-64.7748
745,742,CA-2014-112326,20140104,20140108,606,816,20,4,3.54,2,0.8,-5.487
746,743,US-2016-146710,20160827,20160901,718,1475,142,4,51.52,5,0.2,-10.948
747,744,US-2016-146710,20160827,20160901,718,1199,142,4,3.528,1,0.2,1.1466
748,745,US-2016-146710,20160827,20160901,718,1308,142,4,4.624,1,0.2,1.6762
749,746,US-2016-146710,20160827,20160901,718,1473,142,4,55.168,4,0.2,6.2064
750,747,CA-2014-124429,20140527,20140527,514,353,531,2,567.12,10,0.2,-28.356
751,748,CA-2014-124429,20140527,20140527,514,1377,531,2,359.32,4,0.0,7.1864
752,749,CA-2016-150889,20160320,20160322,584,1706,15,3,11.992,1,0.2,0.8994
753,750,CA-2017-126074,20171002,20171006,641,790,85,4,58.05,3,0.0,26.703
754,751,CA-2017-126074,20171002,20171006,641,266,85,4,157.74,11,0.0,56.7864
755,752,CA-2017-126074,20171002,20171006,641,593,85,4,56.98,7,0.0,22.792
756,753,CA-2017-126074,20171002,20171006,641,669,85,4,2.88,1,0.0,1.4112
757,754,CA-2016-110499,20160407,20160409,790,1635,533,1,1199.976,3,0.2,374.9925
758,755,CA-2015-135272,20151207,20151212,541,239,501,4,79.92,4,0.0,28.7712
759,756,CA-2016-140928,20160918,20160922,554,334,345,4,383.438,4,0.45,-167.3184
760,757,CA-2014-106803,20141229,20150102,201,1393,89,4,24.56,2,0.0,6.8768
761,758,CA-2014-106803,20141229,20150102,201,1515,89,4,119.8,4,0.0,47.92
762,759,CA-2017-117240,20170723,20170728,166,680,263,4,13.128,3,0.2,4.2666
763,760,CA-2017-133333,20170918,20170922,81,1188,186,4,22.72,4,0.0,10.224
764,761,CA-2015-112319,20150831,20150905,48,1240,498,4,58.32,9,0.0,27.9936
765,762,CA-2017-126046,20171103,20171107,348,1020,372,4,12.39,3,0.0,5.6994
766,763,CA-2015-114923,20150208,20150213,463,1855,279,4,107.982,3,0.4,-26.9955
767,764,CA-2014-162775,20140113,20140115,176,879,390,3,11.36,2,0.0,5.3392
768,765,CA-2014-162775,20140113,20140115,176,875,390,3,50.94,3,0.0,25.47
769,766,CA-2014-162775,20140113,20140115,176,1579,390,3,646.74,6,0.0,258.696
770,767,CA-2014-162775,20140113,20140115,176,822,390,3,5.64,3,0.0,2.7072
771,768,CA-2014-162775,20140113,20140115,176,1311,390,3,572.58,6,0.0,34.3548
772,769,CA-2014-106810,20140514,20140520,38,303,365,4,310.88,2,0.2,23.316
773,770,CA-2016-157245,20160519,20160524,459,111,440,4,641.96,2,0.0,179.7488
774,771,CA-2017-104220,20170130,20170205,117,685,53,4,18.28,2,0.0,9.14
775,772,CA-2017-104220,20170130,20170205,117,1880,53,4,207.0,3,0.0,51.75
776,773,CA-2017-104220,20170130,20170205,117,660,53,4,32.35,5,0.0,16.175
777,774,CA-2017-104220,20170130,20170205,117,806,53,4,7.71,1,0.0,3.4695
778,775,CA-2017-104220,20170130,20170205,117,635,53,4,40.3,2,0.0,10.881
779,776,CA-2017-104220,20170130,20170205,117,235,53,4,34.58,7,0.0,14.5236
780,777,CA-2014-165974,20140629,20140706,218,590,277,4,32.76,7,0.2,3.6855
781,778,CA-2015-144267,20150821,20150823,579,92,533,1,544.008,3,0.2,40.8006
782,779,CA-2015-144267,20150821,20150823,579,1038,533,1,59.94,3,0.0,28.1718
783,780,CA-2015-144267,20150821,20150823,579,1158,533,1,23.92,4,0.0,11.7208
784,781,CA-2015-144267,20150821,20150823,579,1248,533,1,4.28,1,0.0,1.926
785,782,US-2015-157014,20151003,20151006,94,690,279,3,32.07,5,0.7,-22.449
786,783,US-2015-157014,20151003,20151006,94,1545,279,3,24.0,2,0.2,-2.7
787,784,US-2015-157014,20151003,20151006,94,45,279,3,35.49,1,0.5,-15.6156
788,785,US-2015-157014,20151003,20151006,94,1483,279,3,47.984,2,0.2,0.5998
789,786,CA-2015-154921,20150523,20150528,246,860,418,4,186.69,3,0.0,87.7443
790,787,CA-2017-129567,20170317,20170321,153,647,495,3,17.456,2,0.2,5.8914
791,788,CA-2015-154620,20151212,20151216,478,130,495,4,348.928,2,0.2,34.8928
792,789,CA-2015-115938,20150626,20150630,664,707,446,4,143.96,4,0.0,69.1008
793,790,CA-2015-115938,20150626,20150630,664,1357,446,4,15.42,1,0.0,4.1634
794,791,CA-2015-115938,20150626,20150630,664,694,446,4,43.04,8,0.0,21.0896
795,792,CA-2015-115938,20150626,20150630,664,104,446,4,332.94,3,0.0,79.9056
796,793,CA-2016-105256,20160520,20160520,381,1756,399,2,1363.96,5,0.2,85.2475
797,794,CA-2014-156433,20140920,20140926,278,979,533,4,9.96,2,0.0,4.5816
798,795,CA-2014-156433,20140920,20140926,278,1250,533,4,21.72,4,0.0,10.6428
799,796,CA-2017-151428,20170921,20170926,643,669,95,4,20.16,7,0.0,9.8784
800,797,CA-2015-124653,20151224,20151226,192,1041,269,1,132.79,7,0.0,63.7392
801,798,CA-2015-124653,20151224,20151226,192,1187,269,1,12.96,2,0.0,6.2208
802,799,CA-2015-124653,20151224,20151226,192,988,269,1,21.56,7,0.0,10.3488
803,800,CA-2015-101910,20151127,20151203,139,96,492,4,283.92,5,0.2,17.745
804,801,CA-2017-105809,20170220,20170223,334,294,531,1,22.23,1,0.0,7.3359
805,802,CA-2017-105809,20170220,20170223,334,1762,531,1,215.968,2,0.2,18.8972
806,803,CA-2016-136133,20160818,20160823,334,397,265,3,355.32,9,0.0,99.4896
807,804,CA-2016-115504,20160312,20160317,495,1263,394,4,12.96,2,0.0,6.2208
808,805,CA-2017-135783,20170422,20170424,304,171,534,1,18.28,2,0.0,6.2152
809,806,CA-2014-134313,20141101,20141107,619,543,560,4,43.176,3,0.2,4.3176
810,807,CA-2014-134313,20141101,20141107,619,1769,560,4,1983.968,4,0.2,247.996
811,808,CA-2015-140921,20150203,20150205,2,258,112,1,28.4,2,0.0,11.076
812,809,CA-2015-140921,20150203,20150205,2,1626,112,1,149.97,3,0.0,50.9898
813,811,CA-2014-151995,20141013,20141015,792,358,618,1,1298.55,5,0.0,311.652
814,812,CA-2014-151995,20141013,20141015,792,390,618,1,213.92,4,0.0,62.0368
815,813,CA-2014-151995,20141013,20141015,792,1510,618,1,25.78,2,0.0,2.578
816,814,CA-2017-143686,20170514,20170514,596,171,539,2,18.28,2,0.0,6.2152
817,815,CA-2017-143686,20170514,20170514,596,1532,539,2,1399.93,7,0.0,601.9699
818,816,CA-2015-106565,20150320,20150323,119,1031,190,1,51.84,8,0.0,24.8832
819,817,CA-2016-149370,20160915,20160919,193,1246,306,4,5.344,1,0.2,1.8704
820,818,CA-2014-140858,20140628,20140702,125,1052,306,4,41.472,8,0.2,14.5152
821,819,CA-2014-140858,20140628,20140702,125,775,306,4,3.168,3,0.7,-2.4288
822,820,CA-2014-140858,20140628,20140702,125,72,306,4,1228.465,5,0.3,0.0
823,821,CA-2014-140858,20140628,20140702,125,825,306,4,31.086,3,0.7,-22.7964
824,822,CA-2014-140858,20140628,20140702,125,1238,306,4,335.52,4,0.2,117.432
825,823,CA-2017-101434,20170620,20170627,760,1556,238,4,239.97,3,0.0,71.991
826,824,CA-2017-101434,20170620,20170627,760,1001,238,4,9.82,2,0.0,4.8118
827,825,US-2014-102071,20140509,20140515,592,1586,533,4,67.8,4,0.0,4.068
828,826,US-2014-102071,20140509,20140515,592,1484,533,4,167.97,3,0.0,40.3128
829,827,CA-2017-126956,20170821,20170828,312,935,91,4,35.0,7,0.0,16.8
830,828,CA-2017-126956,20170821,20170828,312,1446,91,4,37.24,4,0.0,10.7996
831,829,CA-2017-126956,20170821,20170828,312,909,91,4,15.28,2,0.0,7.4872
832,830,CA-2017-129462,20170616,20170621,357,61,383,3,301.96,2,0.0,90.588
833,831,CA-2017-129462,20170616,20170621,357,465,383,3,180.66,3,0.0,50.5848
834,832,CA-2017-129462,20170616,20170621,357,1760,383,3,191.98,2,0.0,51.8346
835,833,CA-2017-129462,20170616,20170621,357,1783,383,3,65.99,1,0.0,17.1574
836,834,CA-2016-165316,20160723,20160727,341,575,369,4,35.216,2,0.2,2.6412
837,835,CA-2016-165316,20160723,20160727,341,455,369,4,23.696,2,0.2,6.5164
838,836,CA-2016-165316,20160723,20160727,341,1695,369,4,265.475,1,0.5,-111.4995
839,837,US-2014-115987,20140908,20140913,463,686,181,3,51.184,4,0.8,-79.3352
840,838,US-2017-156083,20171104,20171111,385,1127,428,4,9.664,2,0.2,3.2616
841,839,US-2016-137547,20160307,20160312,247,1798,146,4,21.072,3,0.2,1.5804
842,840,CA-2015-100454,20151120,20151125,93,635,266,4,60.45,3,0.0,16.3215
843,841,CA-2015-100454,20151120,20151125,93,566,266,4,11.52,4,0.0,3.3408
844,842,CA-2015-100454,20151120,20151125,93,8,266,4,186.048,4,0.2,9.3024
845,843,CA-2016-161669,20161107,20161109,272,700,501,1,37.44,4,0.2,11.7
846,844,CA-2016-161669,20161107,20161109,272,714,501,1,26.976,4,0.2,8.7672
847,845,CA-2016-161669,20161107,20161109,272,1461,501,1,11.36,2,0.0,3.2944
848,846,CA-2016-161669,20161107,20161109,272,1014,501,1,14.62,2,0.0,6.8714
849,847,CA-2015-114300,20151013,20151017,18,1759,386,4,83.72,7,0.0,23.4416
850,848,CA-2015-114300,20151013,20151017,18,80,386,4,287.94,3,0.0,77.7438
851,849,CA-2017-107503,20170101,20170106,294,281,289,4,48.896,4,0.2,8.5568
852,850,CA-2014-107755,20140207,20140212,151,1499,244,4,115.36,7,0.0,49.6048
853,851,CA-2016-152534,20160620,20160625,231,561,526,3,5.16,2,0.0,1.3416
854,852,CA-2016-152534,20160620,20160625,231,1153,526,3,38.88,6,0.0,18.6624
855,853,CA-2016-113747,20160528,20160604,777,588,397,4,185.88,6,0.0,50.1876
856,854,CA-2016-123274,20160219,20160224,312,294,266,4,44.46,2,0.0,14.6718
857,855,CA-2016-123274,20160219,20160224,312,1337,266,4,242.94,3,0.0,9.7176
858,856,CA-2014-125612,20140803,20140808,90,1099,266,4,39.96,2,0.0,18.7812
859,857,CA-2014-125612,20140803,20140808,90,1463,266,4,102.3,10,0.0,26.598
860,858,CA-2014-125612,20140803,20140808,90,1409,266,4,21.36,2,0.0,5.7672
861,859,CA-2017-161984,20170410,20170415,695,1293,246,4,7.61,1,0.0,3.5767
862,860,CA-2017-161984,20170410,20170415,695,923,246,4,7.16,2,0.0,3.58
863,861,CA-2014-133851,20140609,20140616,162,1455,534,4,7.36,2,0.0,0.1472
864,862,CA-2014-133851,20140609,20140616,162,606,534,4,23.1,2,0.0,10.626
865,863,CA-2016-134474,20160105,20160107,38,1529,345,3,191.472,6,0.2,40.6878
866,864,CA-2016-134474,20160105,20160107,38,616,345,3,5.248,2,0.2,0.5904
867,865,CA-2016-134474,20160105,20160107,38,1827,345,3,59.184,2,0.2,5.1786
868,866,CA-2014-149020,20140110,20140115,37,1016,448,4,2.89,1,0.0,1.3583
869,867,CA-2014-149020,20140110,20140115,37,173,448,4,51.94,1,0.0,21.2954
870,868,CA-2016-134362,20160929,20161002,472,1026,306,1,15.936,4,0.2,5.1792
871,869,CA-2014-136742,20140406,20140410,309,802,303,4,44.91,6,0.7,-35.928
872,870,CA-2016-158099,20160903,20160905,597,668,307,1,1141.47,5,0.7,-760.98
873,871,CA-2016-158099,20160903,20160905,597,1804,307,1,280.782,3,0.4,-46.797
874,872,CA-2015-131128,20151019,20151020,739,1243,233,1,34.44,3,0.0,17.22
875,873,CA-2014-148488,20141210,20141215,700,1289,263,4,11.36,2,0.0,5.2256
876,874,CA-2014-148488,20141210,20141215,700,662,263,4,106.344,7,0.2,37.2204
877,875,CA-2017-114636,20170825,20170829,294,1144,403,4,192.16,5,0.2,67.256
878,876,CA-2016-116736,20160117,20160121,133,289,233,4,322.59,3,0.0,64.518
879,877,CA-2016-116736,20160117,20160121,133,1592,233,4,29.99,1,0.0,13.1956
880,878,CA-2016-116736,20160117,20160121,133,1541,233,4,371.97,3,0.0,66.9546
881,879,US-2014-158638,20140917,20140921,26,800,304,4,5.892,4,0.7,-4.1244
882,880,CA-2017-111689,20171130,20171202,331,811,265,3,68.472,3,0.2,23.1093
883,881,CA-2017-111689,20171130,20171202,331,124,265,3,1242.9,5,0.1,262.39
884,882,CA-2015-129098,20151009,20151013,214,1357,448,4,30.84,2,0.0,8.3268
885,883,US-2017-123463,20171223,20171223,315,514,532,2,13.48,4,0.0,5.9312
886,884,CA-2016-165148,20161022,20161024,601,166,69,1,31.4,5,0.0,10.048
887,885,CA-2014-134061,20140429,20140504,465,184,269,4,17.46,2,0.0,5.9364
888,886,CA-2015-143602,20150425,20150428,406,735,502,3,13.944,3,0.2,4.5318
889,887,CA-2017-115364,20170626,20170702,581,1395,531,4,83.76,12,0.0,1.6752
890,888,CA-2017-150707,20171014,20171019,267,688,214,4,37.66,7,0.0,18.4534
891,889,CA-2014-104976,20141209,20141216,151,1256,534,4,34.68,6,0.0,16.9932
892,890,CA-2017-132934,20170620,20170626,354,1505,262,4,149.95,5,0.0,14.995
893,891,CA-2017-132934,20170620,20170626,354,690,262,4,51.312,3,0.2,18.6006
894,892,CA-2017-133256,20170626,20170627,753,1132,69,1,4.54,1,0.0,2.043
895,893,CA-2017-133256,20170626,20170627,753,581,69,1,15.92,4,0.0,5.4128
896,894,CA-2017-133256,20170626,20170627,753,1815,69,1,543.92,8,0.0,135.98
897,895,CA-2016-105494,20161110,20161112,587,1383,534,1,155.82,7,0.0,42.0714
898,896,CA-2016-105494,20161110,20161112,587,784,534,1,70.008,3,0.2,24.5028
899,897,CA-2016-140634,20161003,20161006,328,866,156,3,15.648,2,0.2,5.0856
900,898,CA-2014-144407,20140909,20140915,537,1010,69,4,103.6,7,0.0,51.8
901,899,CA-2017-160983,20171029,20171031,295,1181,254,3,46.96,8,0.0,22.5408
902,900,US-2016-114622,20160410,20160412,405,848,296,1,8.904,2,0.7,-6.5296
903,901,CA-2017-150959,20171111,20171113,747,971,148,1,10.44,5,0.2,3.393
904,902,CA-2017-150959,20171111,20171113,747,704,148,1,18.336,4,0.8,-32.088
905,903,CA-2017-132353,20170915,20170917,191,1877,10,1,323.976,3,0.2,20.2485
906,904,CA-2016-130477,20160408,20160412,456,1213,500,4,20.04,3,0.0,9.6192
907,905,CA-2016-130477,20160408,20160412,456,1399,500,4,64.96,2,0.0,2.5984
908,906,CA-2016-130477,20160408,20160412,456,1028,500,4,12.96,2,0.0,6.2208
909,907,CA-2017-143259,20171230,20180103,604,33,263,4,323.136,4,0.2,12.1176
910,908,CA-2017-143259,20171230,20180103,604,1883,263,4,90.93,7,0.0,2.7279
911,909,CA-2017-143259,20171230,20180103,604,796,263,4,52.776,3,0.2,19.791
912,910,CA-2017-137596,20170902,20170907,76,1754,73,4,1199.8,4,0.0,323.946
913,911,CA-2017-137596,20170902,20170907,76,1617,73,4,1928.78,7,0.0,829.3754
914,912,CA-2017-137596,20170902,20170907,76,1426,73,4,352.38,2,0.0,81.0474
915,913,CA-2015-133627,20150531,20150607,669,207,203,4,22.2,6,0.0,9.102
916,914,CA-2017-102519,20171127,20171129,93,296,190,1,46.94,1,0.0,19.2454
917,915,CA-2017-102519,20171127,20171129,93,1531,190,1,143.73,9,0.0,56.0547
918,916,US-2014-141215,20140615,20140621,434,336,177,4,99.918,2,0.3,-18.5562
919,917,US-2014-141215,20140615,20140621,434,107,177,4,797.944,4,0.3,-56.996
920,918,US-2014-141215,20140615,20140621,434,756,177,4,8.568,3,0.8,-14.5656
921,919,CA-2016-165218,20160305,20160311,662,860,142,4,149.352,3,0.2,50.4063
922,920,CA-2016-165218,20160305,20160311,662,1371,142,4,12.992,1,0.2,-0.812
923,921,CA-2014-138296,20141205,20141212,629,1393,439,4,24.56,2,0.0,6.8768
924,922,CA-2015-111164,20150411,20150415,684,1557,263,4,85.14,3,0.0,34.9074
925,923,CA-2015-111164,20150411,20150415,684,1876,263,4,21.99,1,0.0,10.5552
926,924,CA-2015-111164,20150411,20150415,684,474,263,4,406.6,5,0.0,113.848
927,925,CA-2016-149797,20160915,20160920,29,791,264,4,841.568,2,0.2,294.5488
928,926,CA-2014-132962,20140913,20140916,392,1242,307,1,15.552,3,0.2,5.4432
929,927,CA-2014-132962,20140913,20140916,392,1606,307,1,252.0,5,0.2,53.55
930,928,CA-2015-115091,20151005,20151009,375,502,448,4,46.2,4,0.0,12.936
931,929,CA-2015-115091,20151005,20151009,375,400,448,4,28.84,2,0.0,9.5172
932,930,CA-2017-144932,20170414,20170417,9,597,297,1,14.592,3,0.2,2.5536
933,931,CA-2017-144932,20170414,20170417,9,530,297,1,89.856,3,0.2,21.3408
934,932,CA-2017-144932,20170414,20170417,9,1308,297,1,13.872,3,0.2,5.0286
935,933,CA-2017-114216,20170902,20170906,647,1175,306,4,12.192,3,0.2,4.1148
936,934,CA-2016-140081,20160620,20160624,143,1140,304,4,45.056,8,0.2,15.2064
937,935,CA-2016-140081,20160620,20160624,143,853,304,4,29.718,6,0.7,-21.7932
938,936,CA-2016-140081,20160620,20160624,143,1153,304,4,15.552,3,0.2,5.4432
939,937,CA-2016-140081,20160620,20160624,143,406,304,4,447.696,2,0.2,33.5772
940,938,US-2017-111745,20171105,20171106,618,1598,590,1,159.99,1,0.0,54.3966
941,939,CA-2015-148250,20151213,20151217,653,1049,523,4,12.96,2,0.0,6.2208
942,940,CA-2015-148250,20151213,20151217,653,451,523,4,134.48,4,0.0,34.9648
943,941,CA-2016-105760,20160619,20160620,420,1057,533,1,17.12,2,0.0,8.0464
944,942,CA-2016-142958,20161213,20161220,662,722,547,4,6.096,2,0.2,2.2098
945,943,CA-2016-142958,20161213,20161220,662,328,547,4,1114.272,4,0.2,41.7852
946,944,CA-2015-120880,20150529,20150603,389,1274,628,4,32.4,5,0.0,15.552
947,945,CA-2015-120880,20150529,20150603,389,1366,628,4,540.57,3,0.0,140.5482
948,946,CA-2015-120880,20150529,20150603,389,768,628,4,167.76,5,0.2,62.91
949,947,US-2015-140200,20150726,20150728,125,350,457,1,393.165,3,0.5,-204.4458
950,948,US-2017-110576,20171128,20171202,628,267,304,4,516.488,7,0.2,-12.9122
951,949,US-2017-110576,20171128,20171202,628,161,304,4,1007.232,6,0.2,75.5424
952,950,US-2017-110576,20171128,20171202,628,373,304,4,2065.32,12,0.4,-619.596
953,951,US-2017-110576,20171128,20171202,628,1089,304,4,15.552,3,0.2,5.4432
954,952,US-2017-110576,20171128,20171202,628,1192,304,4,25.344,6,0.2,7.92
955,953,CA-2017-131156,20170403,20170407,430,208,307,4,25.472,4,0.2,7.6416
956,954,CA-2017-136539,20171228,20180101,302,550,175,4,27.168,2,0.2,2.7168
957,955,CA-2017-136539,20171228,20180101,302,49,175,4,78.8528,2,0.32,-11.596
958,956,CA-2017-119305,20171130,20171204,726,1328,397,4,173.8,5,0.0,43.45
959,957,CA-2017-102414,20170515,20170518,340,1827,459,3,29.592,1,0.2,2.5893
960,958,CA-2017-102414,20170515,20170518,340,835,459,3,4.752,2,0.7,-3.168
961,959,CA-2017-102414,20170515,20170518,340,1186,459,3,15.552,3,0.2,5.6376
962,960,CA-2015-112571,20150922,20150922,219,299,512,2,204.6,2,0.0,53.196
963,961,CA-2017-152142,20171114,20171119,480,102,533,4,321.568,2,0.2,28.1372
964,962,CA-2015-160059,20151127,20151201,734,654,325,4,6.24,2,0.0,3.0576
965,963,CA-2016-120859,20160901,20160904,184,870,533,1,21.88,2,0.0,10.94
966,964,CA-2014-127488,20140922,20140924,537,980,334,3,4.608,2,0.2,1.6704
967,965,CA-2017-135279,20170409,20170411,110,1013,264,1,9.82,2,0.0,4.8118
968,966,CA-2017-135279,20170409,20170411,110,628,264,1,35.97,3,0.0,9.7119
969,967,CA-2017-135279,20170409,20170411,110,1296,264,1,12.96,2,0.0,6.2208
970,968,CA-2017-135279,20170409,20170411,110,1112,264,1,191.6,4,0.0,91.968
971,969,CA-2017-135279,20170409,20170411,110,980,264,1,8.64,3,0.0,4.2336
972,970,CA-2017-135279,20170409,20170411,110,1350,264,1,501.81,3,0.0,0.0
973,971,CA-2014-115791,20140116,20140118,220,178,305,3,127.104,6,0.2,28.5984
974,972,CA-2014-115791,20140116,20140118,220,1880,305,3,124.2,3,0.4,-31.05
975,973,CA-2014-115791,20140116,20140118,220,709,305,3,18.588,2,0.7,-13.6312
976,974,CA-2014-115791,20140116,20140118,220,972,305,3,30.072,3,0.2,10.1493
977,975,US-2017-103247,20171005,20171008,606,1844,264,3,160.93,7,0.0,3.2186
978,976,US-2017-103247,20171005,20171008,606,836,264,3,75.792,3,0.2,25.5798
979,977,US-2017-100209,20170709,20170715,747,731,598,4,1.08,2,0.7,-0.792
980,978,CA-2017-159366,20170107,20170110,119,1651,68,1,3059.982,2,0.1,679.996
981,979,CA-2016-145499,20160530,20160531,663,680,416,1,3.282,2,0.7,-2.6256
982,980,CA-2015-157035,20151209,20151212,419,1275,37,1,34.02,3,0.0,16.6698
983,981,CA-2016-144939,20161003,20161008,250,104,266,4,599.292,6,0.1,93.2232
984,982,CA-2014-163419,20141111,20141114,775,483,566,3,3.392,1,0.2,0.8056
985,983,CA-2014-163419,20141111,20141114,775,1726,566,3,559.984,2,0.2,55.9984
986,984,CA-2014-163419,20141111,20141114,775,61,566,3,603.92,5,0.2,75.49
987,985,CA-2017-100314,20170929,20171005,58,979,169,4,7.968,2,0.2,2.5896
988,986,CA-2017-100314,20170929,20171005,58,861,169,4,27.968,4,0.2,9.4392
989,987,CA-2017-100314,20170929,20171005,58,1679,169,4,336.51,3,0.4,44.868
990,988,CA-2015-146829,20150310,20150310,764,814,154,2,1.112,2,0.8,-1.8904
991,989,CA-2017-167899,20170521,20170526,368,293,254,4,520.05,5,0.0,72.807
992,990,CA-2017-167899,20170521,20170526,368,552,254,4,17.97,3,0.0,5.2113
993,991,CA-2015-153549,20150329,20150331,699,122,345,3,1166.92,5,0.2,131.2785
994,992,CA-2016-110023,20160909,20160911,768,685,265,1,14.624,2,0.2,5.484
995,993,CA-2016-105585,20160826,20160827,641,942,536,1,10.23,3,0.0,4.9104
996,994,CA-2016-105585,20160826,20160827,641,1244,536,1,154.9,5,0.0,69.705
997,995,CA-2014-117639,20140521,20140525,548,807,450,4,2715.93,7,0.0,1276.4871
998,996,CA-2014-117639,20140521,20140525,548,1757,450,4,617.97,3,0.0,173.0316
999,997,CA-2015-162537,20151028,20151103,632,903,385,4,10.67,1,0.0,4.9082
1000,998,CA-2015-162537,20151028,20151103,632,1432,385,4,36.63,3,0.0,9.8901
1001,999,CA-2015-162537,20151028,20151103,632,243,385,4,24.1,5,0.0,9.158
1002,1000,CA-2015-162537,20151028,20151103,632,205,385,4,33.11,7,0.0,12.9129
1003,1001,CA-2016-155488,20161113,20161117,288,575,631,4,44.02,2,0.0,11.4452
1004,1002,CA-2015-124891,20150731,20150731,643,1573,265,2,2309.65,7,0.0,762.1845
1005,1003,CA-2015-124891,20150731,20150731,643,358,265,2,1090.782,7,0.4,-290.8752
1006,1004,CA-2015-124891,20150731,20150731,643,1296,265,2,19.44,3,0.0,9.3312
1007,1005,CA-2015-126445,20150827,20150831,620,1313,510,4,484.65,3,0.0,92.0835
1008,1006,CA-2015-111199,20151113,20151117,381,1144,412,4,115.296,3,0.2,40.3536
1009,1007,CA-2015-105312,20151106,20151109,543,885,460,1,7.08,3,0.2,2.478
1010,1008,CA-2015-105312,20151106,20151109,543,734,460,1,4.401,3,0.7,-3.5208
1011,1009,US-2017-106705,20171226,20180101,603,1124,51,4,44.75,5,0.0,20.585
1012,1010,CA-2017-135034,20170801,20170803,60,1855,10,1,95.984,2,0.2,5.999
1013,1011,CA-2014-158540,20141124,20141126,779,194,530,1,151.72,4,0.0,27.3096
1014,1012,CA-2017-118437,20170617,20170621,590,318,623,3,155.25,3,0.0,46.575
1015,1013,CA-2017-118437,20170617,20170621,590,1424,623,3,14.03,1,0.0,4.0687
1016,1014,US-2015-126214,20151221,20151224,408,367,627,3,1618.37,13,0.0,356.0414
1017,1015,US-2015-126214,20151221,20151224,408,1580,627,3,99.6,1,0.0,36.852
1018,1016,CA-2015-133025,20150917,20150919,531,1273,501,3,32.4,5,0.0,15.552
1019,1017,CA-2015-108665,20150706,20150710,436,219,264,4,13.96,2,0.0,6.7008
1020,1018,CA-2015-108665,20150706,20150710,436,173,264,4,155.82,3,0.0,63.8862
1021,1019,CA-2015-108665,20150706,20150710,436,1867,264,4,124.95,5,0.0,2.499
1022,1020,CA-2015-108665,20150706,20150710,436,1370,264,4,601.65,5,0.0,156.429
1023,1021,CA-2015-124450,20150427,20150503,312,518,209,4,22.74,3,0.0,8.8686
1024,1022,CA-2015-124450,20150427,20150503,312,55,209,4,1267.53,3,0.0,316.8825
1025,1023,CA-2015-124450,20150427,20150503,312,1698,209,4,1379.92,8,0.0,648.5624
1026,1024,CA-2015-167269,20150616,20150620,585,894,305,4,6.208,2,0.2,2.1728
1027,1025,CA-2017-106964,20171217,20171220,332,663,502,1,11.808,2,0.2,4.2804
1028,1026,CA-2016-126529,20160111,20160113,203,1104,296,3,15.552,3,0.2,5.4432
1029,1027,CA-2016-126529,20160111,20160113,203,1247,296,3,63.312,3,0.2,20.5764
1030,1028,CA-2016-126529,20160111,20160113,203,1711,296,3,15.588,2,0.4,-9.8724
1031,1029,CA-2014-163552,20140711,20140715,448,1063,242,4,177.2,5,0.0,83.284
1032,1030,CA-2014-163552,20140711,20140715,448,1854,242,4,197.97,3,0.0,57.4113
1033,1031,CA-2014-163552,20140711,20140715,448,107,242,4,854.94,3,0.0,213.735
1034,1032,CA-2014-163552,20140711,20140715,448,162,242,4,124.11,9,0.0,52.1262
1035,1033,CA-2014-163552,20140711,20140715,448,974,242,4,14.4,5,0.0,7.056
1036,1034,CA-2016-109820,20161120,20161122,22,1096,277,1,15.696,3,0.2,5.1012
1037,1035,CA-2016-109820,20161120,20161122,22,786,277,1,2.628,2,0.7,-1.9272
1038,1036,CA-2016-109820,20161120,20161122,22,666,277,1,14.427,3,0.7,-10.5798
1039,1037,CA-2016-113061,20160422,20160426,267,284,103,4,86.62,2,0.0,8.662
1040,1038,CA-2015-127418,20150613,20150614,374,798,498,1,36.624,3,0.2,13.734
1041,1039,CA-2017-121818,20171120,20171121,369,486,400,1,23.968,7,0.2,2.6964
1042,1040,CA-2017-121818,20171120,20171121,369,641,400,1,28.728,3,0.2,1.7955
1043,1041,CA-2016-127670,20160320,20160324,633,334,107,4,697.16,4,0.0,146.4036
1044,1042,CA-2016-102981,20160906,20160909,530,1619,266,3,31.86,2,0.0,11.151
1045,1043,CA-2016-102981,20160906,20160909,530,14,266,3,722.352,3,0.2,90.294
1046,1044,CA-2017-115651,20170709,20170712,577,515,8,1,8.84,5,0.2,2.9835
1047,1045,CA-2017-115651,20170709,20170712,577,386,8,1,58.464,9,0.8,-146.16
1048,1046,CA-2017-152702,20171012,20171016,705,88,29,4,254.604,14,0.3,-18.186
1049,1047,CA-2016-169103,20160308,20160313,792,1756,351,4,1363.96,5,0.2,85.2475
1050,1048,CA-2016-169103,20160308,20160313,792,287,351,4,102.36,3,0.2,-3.8385
1051,1049,CA-2014-139192,20140527,20140601,452,1724,532,3,1113.504,12,0.2,125.2692
1052,1050,CA-2014-139192,20140527,20140601,452,1527,532,3,99.99,1,0.0,37.9962
1053,1051,US-2015-153500,20150703,20150705,205,152,305,1,168.464,2,0.2,-29.4812
1054,1052,US-2015-153500,20150703,20150705,205,1116,305,1,6.72,2,0.2,2.436
1055,1053,US-2015-153500,20150703,20150705,205,306,305,1,282.888,9,0.2,56.5776
1056,1054,CA-2015-110667,20150404,20150408,563,503,263,4,11.16,2,0.0,4.3524
1057,1055,CA-2015-110667,20150404,20150408,563,310,263,4,108.4,2,0.0,22.764
1058,1056,CA-2015-110667,20150404,20150408,563,757,263,4,82.344,3,0.2,27.7911
1059,1057,CA-2015-110667,20150404,20150408,563,789,263,4,9.088,4,0.2,3.2944
1060,1058,CA-2017-167150,20171210,20171217,102,689,530,4,19.936,4,0.2,7.2268
1061,1059,CA-2017-167150,20171210,20171217,102,710,530,4,65.568,2,0.2,22.9488
1062,1060,CA-2016-105284,20161124,20161201,503,932,307,4,4.416,3,0.2,1.6008
1063,1061,US-2015-125374,20150323,20150329,352,108,156,4,107.772,2,0.3,-29.2524
1064,1062,CA-2015-161263,20150416,20150421,762,432,297,4,45.216,3,0.2,4.5216
1065,1063,CA-2015-161263,20150416,20150421,762,954,297,4,10.416,7,0.2,-2.2134
1066,1064,CA-2015-161263,20150416,20150421,762,640,297,4,7.872,3,0.2,1.2792
1067,1065,CA-2015-161263,20150416,20150421,762,1786,297,4,118.782,3,0.4,-27.7158
1068,1066,CA-2015-161263,20150416,20150421,762,945,297,4,1.448,1,0.2,0.2353
1069,1067,CA-2015-161263,20150416,20150421,762,830,297,4,55.47,5,0.7,-46.225
1070,1068,CA-2016-157686,20161001,20161002,72,68,534,1,194.848,4,0.2,12.178
1071,1069,US-2017-139955,20170928,20170930,158,1458,132,3,1.744,1,0.2,-0.3488
1072,1070,US-2015-150161,20150725,20150729,628,705,307,4,25.176,4,0.7,-18.4624
1073,1071,CA-2015-144652,20151120,20151126,704,605,499,4,19.46,7,0.0,5.0596
1074,1072,CA-2016-152814,20160428,20160502,261,1162,560,4,29.472,3,0.2,9.9468
1075,1073,CA-2017-106943,20171114,20171119,290,794,266,4,8.64,2,0.2,3.024
1076,1074,CA-2016-134348,20161112,20161119,539,803,457,4,6.27,5,0.7,-4.598
1077,1075,CA-2016-134348,20161112,20161119,539,857,457,4,4.368,7,0.7,-3.3488
1078,1076,CA-2016-134348,20161112,20161119,539,1587,457,4,31.984,2,0.2,1.999
1079,1077,CA-2016-161781,20160929,20160930,129,488,37,1,40.88,7,0.0,10.6288
1080,1078,CA-2017-132521,20170923,20170925,242,427,628,3,119.96,2,0.0,33.5888
1081,1079,CA-2017-132521,20170923,20170925,242,1358,628,3,31.44,3,0.0,8.4888
1082,1080,CA-2017-132521,20170923,20170925,242,665,628,3,6.88,1,0.2,2.322
1083,1081,CA-2015-110016,20151129,20151204,112,1056,69,4,19.92,4,0.0,9.3624
1084,1082,CA-2015-110016,20151129,20151204,112,100,69,4,1106.91,9,0.0,121.7601
1085,1083,US-2016-143819,20160301,20160305,423,334,274,4,836.592,8,0.4,-264.9208
1086,1084,US-2016-143819,20160301,20160305,423,1225,274,4,26.38,1,0.0,12.1348
1087,1085,US-2016-143819,20160301,20160305,423,1408,274,4,362.92,2,0.0,105.2468
1088,1086,US-2016-143819,20160301,20160305,423,1694,274,4,4899.93,7,0.0,2400.9657
1089,1087,CA-2016-167584,20160812,20160812,451,1029,53,2,6.48,1,0.0,3.1104
1090,1088,CA-2016-166163,20160815,20160820,186,1887,511,3,71.976,3,0.2,7.1976
1091,1089,CA-2016-166163,20160815,20160820,186,967,511,3,3.15,1,0.0,1.512
1092,1090,CA-2017-158407,20170604,20170610,480,209,413,4,31.984,2,0.2,1.999
1093,1091,CA-2017-158407,20170604,20170610,480,1773,413,4,71.984,2,0.2,25.1944
1094,1092,CA-2015-143490,20151206,20151213,571,574,531,4,120.15,9,0.0,33.642
1095,1093,CA-2015-143490,20151206,20151213,571,1728,531,4,219.184,2,0.2,19.1786
1096,1094,CA-2015-165085,20151227,20151231,114,1079,213,4,28.9,5,0.0,14.161
1097,1095,CA-2015-165085,20151227,20151231,114,438,213,4,355.96,2,0.0,103.2284
1098,1096,CA-2017-160423,20170121,20170126,611,1434,403,4,348.208,7,0.2,30.4682
1099,1097,CA-2017-160423,20170121,20170126,611,812,403,4,35.784,7,0.7,-28.6272
1100,1098,CA-2014-159338,20140625,20140628,577,371,503,1,447.84,5,0.2,11.196
1101,1099,CA-2016-107216,20160614,20160617,613,532,534,1,7.04,4,0.0,2.0416
1102,1100,CA-2016-107216,20160614,20160617,613,146,534,1,8.73,3,0.0,4.1031
1103,1101,CA-2016-107216,20160614,20160617,613,1508,534,1,29.29,1,0.0,9.6657
1104,1102,CA-2016-107216,20160614,20160617,613,558,534,1,8.64,3,0.0,2.5056
1105,1103,US-2017-145863,20170421,20170427,654,819,154,4,2.694,3,0.8,-4.7145
1106,1104,US-2017-145863,20170421,20170427,654,734,154,4,2.934,3,0.8,-4.9878
1107,1105,CA-2016-112340,20161021,20161027,570,1155,523,4,22.92,3,0.0,11.2308
1108,1106,US-2016-110156,20161119,20161124,259,1332,154,4,100.704,6,0.2,-16.3644
1109,1107,US-2016-110156,20161119,20161124,259,146,154,4,2.328,2,0.6,-0.7566
1110,1108,US-2016-110156,20161119,20161124,259,795,154,4,10.78,5,0.8,-17.248
1111,1109,US-2016-110156,20161119,20161124,259,950,154,4,58.368,12,0.2,21.888
1112,1110,US-2016-110156,20161119,20161124,259,901,154,4,40.968,3,0.2,13.8267
1113,1111,US-2016-110156,20161119,20161124,259,1846,154,4,71.96,5,0.2,25.186
1114,1112,US-2016-110156,20161119,20161124,259,1301,154,4,10.368,2,0.2,3.6288
1115,1113,US-2016-110156,20161119,20161124,259,755,154,4,1.192,2,0.8,-2.0264
1116,1114,CA-2017-140585,20171218,20171223,619,784,482,3,46.672,2,0.2,16.3352
1117,1115,CA-2017-140585,20171218,20171223,619,18,482,3,119.833,1,0.15,-12.6882
1118,1116,CA-2017-140585,20171218,20171223,619,1590,482,3,119.98,2,0.0,57.5904
1119,1117,CA-2016-144855,20160722,20160724,222,1009,533,3,6.3,2,0.0,3.024
1120,1118,CA-2015-142755,20150904,20150908,177,1163,377,4,279.9,5,0.0,137.151
1121,1119,CA-2015-142755,20150904,20150908,177,1541,377,4,619.95,5,0.0,111.591
1122,1120,CA-2015-142755,20150904,20150908,177,1036,377,4,4.36,2,0.0,2.0492
1123,1121,CA-2015-142755,20150904,20150908,177,909,377,4,15.28,2,0.0,7.4872
1124,1122,US-2014-147627,20140120,20140126,328,1739,327,4,699.93,7,0.0,181.9818
1125,1123,US-2014-147627,20140120,20140126,328,562,327,4,22.96,7,0.0,6.6584
1126,1124,US-2014-147627,20140120,20140126,328,254,327,4,38.6,4,0.0,11.58
1127,1125,US-2014-147627,20140120,20140126,328,610,327,4,6.63,3,0.0,1.7901
1128,1126,US-2014-147627,20140120,20140126,328,877,327,4,23.34,3,0.0,10.9698
1129,1127,US-2014-147627,20140120,20140126,328,91,327,4,1067.94,3,0.0,224.2674
1130,1128,CA-2015-105970,20150302,20150307,582,580,49,4,10.16,1,0.0,2.6416
1131,1129,CA-2015-105970,20150302,20150307,582,875,49,4,101.88,6,0.0,50.94
1132,1130,CA-2016-112102,20160412,20160416,71,370,448,4,343.92,4,0.0,75.6624
1133,1131,CA-2016-112102,20160412,20160416,71,1034,448,4,40.99,1,0.0,20.0851
1134,1132,CA-2016-112102,20160412,20160416,71,882,448,4,63.9,5,0.0,28.755
1135,1133,US-2016-114776,20161206,20161207,298,1273,466,1,19.44,3,0.0,9.3312
1136,1134,US-2016-134908,20160605,20160609,409,1417,305,4,124.608,4,0.2,-23.364
1137,1135,US-2016-134908,20160605,20160609,409,970,305,4,7.56,3,0.2,2.646
1138,1136,US-2016-148803,20161211,20161211,470,1364,344,2,85.224,3,0.2,7.4571
1139,1137,CA-2016-152170,20161112,20161115,284,887,41,3,287.52,8,0.0,129.384
1140,1138,CA-2016-152170,20161112,20161115,284,432,41,3,37.68,2,0.0,10.5504
1141,1139,CA-2016-152170,20161112,20161115,284,1142,41,3,19.98,2,0.0,8.991
1142,1140,CA-2016-152170,20161112,20161115,284,589,41,3,20.58,7,0.0,5.5566
1143,1141,CA-2016-152170,20161112,20161115,284,736,41,3,17.38,2,0.0,8.69
1144,1142,CA-2014-146969,20140929,20141003,45,299,502,4,204.6,2,0.0,53.196
1145,1143,CA-2014-146969,20140929,20141003,45,931,502,4,8.72,4,0.0,2.8776
1146,1144,CA-2014-146969,20140929,20141003,45,1170,502,4,6.48,1,0.0,3.1104
1147,1145,CA-2014-146969,20140929,20141003,45,1699,502,4,686.32,2,0.2,223.054
1148,1146,CA-2014-146969,20140929,20141003,45,1434,502,4,62.18,1,0.0,16.7886
1149,1147,CA-2015-112452,20150404,20150404,555,463,74,2,644.076,2,0.1,107.346
1150,1148,CA-2015-112452,20150404,20150404,555,924,74,2,5.84,2,0.0,2.628
1151,1149,CA-2015-112452,20150404,20150404,555,782,74,2,12.76,2,0.0,5.8696
1152,1150,CA-2015-112452,20150404,20150404,555,1717,74,2,10.95,1,0.0,0.438
1153,1151,CA-2015-112452,20150404,20150404,555,1640,74,2,599.98,2,0.0,209.993
1154,1152,CA-2015-113971,20150508,20150514,128,200,280,4,8.352,6,0.2,1.2528
1155,1153,CA-2017-160395,20161231,20170106,434,607,585,4,3.64,2,0.0,1.638
1156,1154,CA-2017-160395,20161231,20170106,434,811,585,4,159.768,7,0.2,53.9217
1157,1155,CA-2014-136567,20141220,20141221,611,1433,444,1,122.48,2,0.0,0.0
1158,1156,CA-2014-136567,20141220,20141221,611,346,444,1,2244.48,7,0.0,493.7856
1159,1157,CA-2014-136567,20141220,20141221,611,810,444,1,62.31,3,0.0,29.2857
1160,1158,CA-2014-136567,20141220,20141221,611,329,444,1,455.1,2,0.0,100.122
1161,1159,CA-2016-149314,20160702,20160707,295,87,498,3,195.184,1,0.2,19.5184
1162,1160,CA-2017-147039,20170629,20170704,1,396,93,4,362.94,3,0.0,90.735
1163,1161,CA-2017-147039,20170629,20170704,1,845,93,4,11.54,2,0.0,5.77
1164,1162,CA-2014-126522,20140901,20140905,477,621,483,3,53.94,3,0.0,15.6426
1165,1163,CA-2014-127964,20140303,20140308,44,1882,266,4,9.99,1,0.0,4.5954
1166,1164,CA-2014-127964,20140303,20140308,44,841,266,4,125.76,3,0.2,40.872
1167,1165,CA-2014-127964,20140303,20140308,44,785,266,4,25.32,5,0.2,9.1785
1168,1166,CA-2014-117709,20140504,20140508,600,700,73,4,46.8,4,0.0,21.06
1169,1167,CA-2015-125416,20151102,20151102,421,1524,629,2,447.93,9,0.0,49.2723
1170,1168,CA-2017-145226,20171208,20171210,220,323,266,3,109.48,2,0.0,33.9388
1171,1169,CA-2017-145226,20171208,20171210,220,1429,266,3,272.94,3,0.0,0.0
1172,1170,CA-2017-145226,20171208,20171210,220,1228,266,3,19.44,3,0.0,9.3312
1173,1171,CA-2017-145226,20171208,20171210,220,1390,266,3,31.92,4,0.0,8.2992
1174,1172,US-2014-100279,20140310,20140314,726,1183,81,4,22.38,2,0.0,10.7424
1175,1173,CA-2014-158064,20140421,20140425,2,771,499,4,16.52,5,0.2,5.5755
1176,1174,US-2015-104430,20151022,20151026,478,660,3,4,5.176,4,0.8,-7.764
1177,1175,CA-2015-132080,20150822,20150825,231,797,266,1,50.112,6,0.2,16.2864
1178,1176,CA-2016-161207,20160829,20160903,6,1446,233,4,27.93,3,0.0,8.0997
1179,1177,CA-2014-120243,20141227,20141230,59,1019,498,3,11.56,4,0.0,5.4332
1180,1178,CA-2016-113621,20161201,20161205,357,71,218,4,172.5,2,0.0,51.75
1181,1179,CA-2016-113621,20161201,20161205,357,1855,218,4,179.97,3,0.0,44.9925
1182,1180,CA-2016-168081,20160424,20160427,122,1579,155,3,258.696,3,0.2,64.674
1183,1181,CA-2014-128146,20140621,20140625,191,1878,243,4,1322.93,7,0.0,357.1911
1184,1182,CA-2014-128146,20140621,20140625,191,545,243,4,3.76,2,0.0,1.0904
1185,1183,CA-2017-138779,20170114,20170115,625,883,412,1,21.744,1,0.2,7.3386
1186,1184,CA-2017-138779,20170114,20170115,625,1849,412,1,7.92,5,0.2,0.693
1187,1185,CA-2014-127131,20141124,20141130,333,847,627,4,12.096,7,0.2,4.2336
1188,1186,CA-2014-127131,20141124,20141130,333,1389,627,4,485.88,6,0.0,9.7176
1189,1187,CA-2014-127131,20141124,20141130,333,1145,627,4,25.92,4,0.0,12.4416
1190,1188,CA-2014-127131,20141124,20141130,333,1312,627,4,197.58,2,0.0,53.3466
1191,1189,CA-2017-117212,20170226,20170228,115,475,501,3,81.92,4,0.0,22.1184
1192,1190,CA-2017-117212,20170226,20170228,115,1873,501,3,889.536,8,0.2,66.7152
1193,1191,CA-2017-117212,20170226,20170228,115,119,501,3,892.224,3,0.2,89.2224
1194,1192,CA-2017-117212,20170226,20170228,115,1163,501,3,223.92,4,0.0,109.7208
1195,1193,CA-2017-117212,20170226,20170228,115,1084,501,3,23.12,4,0.0,11.3288
1196,1194,US-2015-130519,20150915,20150915,564,1157,337,2,15.552,3,0.2,5.4432
1197,1195,US-2015-130519,20150915,20150915,564,222,337,2,15.712,4,0.2,2.5532
1198,1196,US-2015-130519,20150915,20150915,564,1357,337,2,24.672,2,0.2,2.1588
1199,1197,US-2015-130519,20150915,20150915,564,260,337,2,55.968,1,0.2,-2.0988
1200,1198,CA-2016-130946,20160408,20160412,792,1536,154,4,431.928,9,0.2,64.7892
1201,1199,CA-2016-130946,20160408,20160412,792,128,154,4,95.984,4,0.3,-4.1136
1202,1200,CA-2016-130946,20160408,20160412,792,859,154,4,1088.792,4,0.8,-1850.9464
1203,1201,CA-2016-114727,20160718,20160724,472,92,560,4,544.008,3,0.2,40.8006
1204,1202,CA-2016-114727,20160718,20160724,472,857,560,4,1.872,3,0.7,-1.4352
1205,1203,CA-2016-114727,20160718,20160724,472,91,560,4,854.352,3,0.2,10.6794
1206,1204,CA-2016-114727,20160718,20160724,472,1387,560,4,593.568,2,0.2,0.0
1207,1205,CA-2016-114727,20160718,20160724,472,1336,560,4,338.04,3,0.2,-33.804
1208,1206,CA-2017-133235,20170801,20170804,461,1815,403,1,271.96,5,0.2,16.9975
1209,1207,CA-2016-137050,20160714,20160718,729,1437,263,3,11.21,1,0.0,3.363
1210,1208,CA-2016-137050,20160714,20160718,729,740,263,3,9.144,3,0.2,3.2004
1211,1209,CA-2016-137050,20160714,20160718,729,943,263,3,14.07,7,0.0,6.8943
1212,1210,CA-2016-137050,20160714,20160718,729,646,263,3,41.86,7,0.0,10.465
1213,1211,CA-2016-137050,20160714,20160718,729,684,263,3,8.544,2,0.2,2.8836
1214,1212,CA-2016-137050,20160714,20160718,729,48,263,3,579.136,4,0.2,21.7176
1215,1213,US-2017-118087,20170909,20170913,708,134,305,4,141.372,2,0.3,-48.4704
1216,1214,US-2017-118087,20170909,20170913,708,750,305,4,3.036,2,0.7,-2.3276
1217,1215,US-2017-118087,20170909,20170913,708,650,305,4,4.503,1,0.7,-3.6024
1218,1216,US-2017-118087,20170909,20170913,708,599,305,4,4.672,1,0.2,1.5768
1219,1217,US-2017-118087,20170909,20170913,708,1609,305,4,95.88,3,0.2,28.764
1220,1218,US-2017-118087,20170909,20170913,708,202,305,4,17.024,2,0.2,1.7024
1221,1219,US-2017-118087,20170909,20170913,708,1579,305,4,258.696,3,0.2,64.674
1222,1220,US-2017-118087,20170909,20170913,708,1790,305,4,1931.958,7,0.4,-386.3916
1223,1221,CA-2014-110184,20140712,20140716,83,1316,501,4,249.75,9,0.0,44.955
1224,1222,CA-2014-110184,20140712,20140716,83,1721,501,4,255.936,8,0.2,28.7928
1225,1223,CA-2016-126004,20161204,20161205,91,194,265,1,113.79,3,0.0,20.4822
1226,1224,CA-2016-126004,20161204,20161205,91,1519,265,1,78.15,1,0.0,34.386
1227,1225,CA-2016-126004,20161204,20161205,91,847,265,1,1.728,1,0.2,0.6048
1228,1226,CA-2016-126004,20161204,20161205,91,1136,265,1,40.56,4,0.0,19.8744
1229,1227,CA-2016-126004,20161204,20161205,91,1362,265,1,182.94,3,0.0,3.6588
1230,1228,CA-2016-126004,20161204,20161205,91,1335,265,1,193.86,2,0.0,11.6316
1231,1229,CA-2017-100013,20171106,20171111,792,869,502,4,15.28,2,0.0,7.4872
1232,1230,CA-2017-100013,20171106,20171111,792,184,502,4,8.73,1,0.0,2.9682
1233,1231,CA-2017-100013,20171106,20171111,792,511,502,4,5.68,2,0.0,1.7608
1234,1232,CA-2015-132570,20151031,20151102,445,490,255,3,2.78,2,0.0,0.7228
1235,1233,CA-2015-132570,20151031,20151102,445,892,255,3,79.96,2,0.0,35.982
1236,1234,CA-2016-153682,20160530,20160601,87,1630,277,1,839.988,2,0.4,69.999
1237,1235,CA-2016-144344,20161028,20161028,592,142,335,2,47.952,3,0.2,13.7862
1238,1236,CA-2016-144344,20161028,20161028,592,802,335,2,37.425,5,0.7,-29.94
1239,1237,CA-2016-144344,20161028,20161028,592,256,335,2,63.968,2,0.2,0.0
1240,1238,CA-2016-144344,20161028,20161028,592,265,335,2,165.048,3,0.2,41.262
1241,1239,CA-2014-127012,20140811,20140815,307,270,628,4,12.35,1,0.0,5.434
1242,1240,CA-2014-127012,20140811,20140815,307,615,628,4,40.97,1,0.0,10.6522
1243,1241,CA-2014-127012,20140811,20140815,307,955,628,4,22.96,2,0.0,10.7912
1244,1242,CA-2016-128727,20160829,20160904,531,1840,265,4,22.0,4,0.0,5.5
1245,1243,US-2016-162859,20160215,20160222,592,838,263,4,398.352,3,0.2,124.485
1246,1244,US-2016-162859,20160215,20160222,592,918,263,4,8.72,4,0.0,3.5752
1247,1245,CA-2017-133641,20170514,20170521,265,913,395,4,48.69,9,0.0,23.8581
1248,1246,CA-2014-168494,20141212,20141214,574,381,485,3,764.688,6,0.2,95.586
1249,1247,CA-2014-168494,20141212,20141214,574,364,485,3,3610.848,12,0.2,135.4068
1250,1248,CA-2014-168494,20141212,20141214,574,46,485,3,254.9745,3,0.15,11.9988
1251,1249,CA-2017-115602,20171218,20171224,210,560,263,4,38.82,6,0.0,17.469
1252,1250,CA-2017-115602,20171218,20171224,210,75,263,4,1141.938,9,0.1,139.5702
1253,1251,CA-2017-115602,20171218,20171224,210,403,263,4,1704.56,13,0.0,511.368
1254,1252,CA-2017-115602,20171218,20171224,210,495,263,4,3.2,2,0.0,1.376
1255,1253,CA-2015-154956,20150704,20150709,339,1866,190,4,1099.96,4,0.0,285.9896
1256,1254,CA-2017-144638,20170310,20170314,516,616,302,4,5.248,2,0.2,0.5904
1257,1255,CA-2017-144638,20170310,20170314,516,1712,302,4,35.91,3,0.4,-8.379
1258,1256,CA-2017-144638,20170310,20170314,516,272,302,4,6.696,1,0.2,0.5022
1259,1257,CA-2017-144638,20170310,20170314,516,264,302,4,43.872,2,0.2,11.5164
1260,1258,US-2016-168620,20161224,20161228,628,709,403,3,27.882,3,0.7,-20.4468
1261,1259,US-2016-168620,20161224,20161228,628,1423,403,3,540.048,3,0.2,-47.2542
1262,1260,US-2016-168620,20161224,20161228,628,1609,403,3,255.68,8,0.2,76.704
1263,1261,CA-2017-117079,20171023,20171027,404,1879,345,4,863.88,3,0.2,107.985
1264,1262,US-2016-144393,20161028,20161104,703,827,410,4,17.616,4,0.7,-14.0928
1265,1263,CA-2017-105053,20170707,20170709,177,713,260,3,17.472,3,0.2,6.3336
1266,1264,CA-2016-155992,20161001,20161002,131,1716,41,1,69.9,2,0.0,18.873
1267,1265,CA-2016-155992,20161001,20161002,131,272,41,1,41.85,5,0.0,10.881
1268,1266,CA-2017-110380,20170902,20170907,591,494,534,4,6.57,3,0.0,1.7739
1269,1267,US-2014-167738,20141224,20141229,348,1411,502,4,142.86,1,0.0,41.4294
1270,1268,US-2014-167738,20141224,20141229,348,68,502,4,292.272,6,0.2,18.267
1271,1269,CA-2017-121412,20170923,20170927,87,149,566,4,29.328,3,0.2,3.666
1272,1270,CA-2017-100426,20170604,20170608,200,1210,318,4,12.48,2,0.0,5.616
1273,1271,US-2016-103646,20160421,20160426,707,1326,9,4,102.336,4,0.2,-12.792
1274,1272,US-2016-103646,20160421,20160426,707,474,9,4,48.792,3,0.8,-126.8592
1275,1273,US-2016-103646,20160421,20160426,707,765,9,4,44.848,8,0.8,-67.272
1276,1274,CA-2016-119186,20160526,20160526,539,1296,146,2,10.368,2,0.2,3.6288
1277,1275,CA-2016-119186,20160526,20160526,539,81,146,2,388.43,5,0.3,-88.784
1278,1276,CA-2016-119186,20160526,20160526,539,1268,146,2,14.352,3,0.2,5.2026
1279,1277,CA-2016-119186,20160526,20160526,539,1497,146,2,63.992,1,0.2,-7.1991
1280,1278,CA-2016-148698,20160502,20160507,75,619,155,4,86.352,3,0.2,5.397
1281,1279,CA-2014-163293,20140908,20140911,420,1604,375,1,32.97,3,0.0,12.8583
1282,1280,CA-2014-163293,20140908,20140911,420,1482,375,1,83.88,4,0.0,30.1968
1283,1281,CA-2016-160815,20160905,20160906,760,1842,52,1,278.4,3,0.0,80.736
1284,1282,CA-2017-122154,20170409,20170411,664,958,345,1,15.12,3,0.2,4.914
1285,1283,CA-2017-122154,20170409,20170411,664,732,345,1,17.43,1,0.7,-13.363
1286,1284,CA-2017-122154,20170409,20170411,664,1097,345,1,251.64,3,0.2,88.074
1287,1285,US-2015-149692,20151206,20151212,446,761,128,4,2.772,7,0.8,-4.851
1288,1286,CA-2016-119445,20160626,20160703,306,1330,311,4,14.9,5,0.0,1.043
1289,1287,CA-2015-124268,20150704,20150708,16,642,266,4,15.48,3,0.0,4.4892
1290,1288,CA-2016-154711,20161122,20161126,737,156,263,4,39.88,2,0.0,11.1664
1291,1289,CA-2016-154711,20161122,20161126,737,671,263,4,12.192,4,0.2,4.1148
1292,1290,CA-2016-154711,20161122,20161126,737,541,263,4,20.82,3,0.0,7.4952
1293,1291,CA-2016-163384,20161110,20161112,133,858,534,1,13.216,4,0.2,4.4604
1294,1292,CA-2016-163384,20161110,20161112,133,1228,534,1,32.4,5,0.0,15.552
1295,1293,CA-2015-101707,20150827,20150901,590,1454,531,4,32.94,3,0.0,9.2232
1296,1294,CA-2015-101707,20150827,20150901,590,1215,531,4,114.2,5,0.0,52.532
1297,1295,CA-2015-101707,20150827,20150901,590,959,531,4,3.08,1,0.0,1.4784
1298,1296,CA-2015-138898,20150525,20150529,373,474,569,4,845.728,13,0.2,84.5728
1299,1297,CA-2017-115427,20171230,20180103,252,738,484,4,13.904,2,0.2,4.5188
1300,1298,CA-2017-115427,20171230,20180103,252,843,484,4,20.72,2,0.2,6.475
1301,1299,CA-2016-134425,20161208,20161212,616,1844,98,3,114.95,5,0.0,2.299
1302,1300,CA-2015-121391,20151004,20151007,1,1373,532,1,26.96,2,0.0,7.0096
1303,1301,CA-2016-137043,20161223,20161225,456,269,448,3,572.76,6,0.0,166.1004
1304,1302,CA-2016-137043,20161223,20161225,456,269,448,3,286.38,3,0.0,83.0502
1305,1303,CA-2015-115847,20150919,20150924,746,32,440,3,61.96,2,0.0,4.3372
1306,1304,US-2017-126179,20170703,20170707,179,234,373,4,23.99,1,0.0,5.5177
1307,1305,US-2017-126179,20170703,20170707,179,1760,373,4,287.97,3,0.0,77.7519
1308,1306,CA-2016-101966,20160714,20160716,94,1839,153,3,419.944,7,0.2,52.493
1309,1307,CA-2016-141397,20160620,20160621,629,1216,515,1,46.76,7,0.0,22.4448
1310,1308,CA-2016-141397,20160620,20160621,629,663,515,1,17.712,3,0.2,6.4206
1311,1309,CA-2016-141397,20160620,20160621,629,467,515,1,21.78,2,0.0,5.6628
1312,1310,CA-2016-141397,20160620,20160621,629,1363,515,1,161.94,3,0.0,9.7164
1313,1311,CA-2016-141397,20160620,20160621,629,116,515,1,161.568,2,0.2,-8.0784
1314,1312,CA-2016-141082,20161209,20161213,289,977,225,4,3.69,1,0.0,1.7343
1315,1313,CA-2016-141082,20161209,20161213,289,978,225,4,122.12,4,0.0,56.1752
1316,1314,US-2016-134488,20160924,20161001,598,104,279,4,155.372,2,0.3,-13.3176
1317,1315,CA-2016-145919,20161218,20161223,323,1224,500,4,38.88,6,0.0,18.6624
1318,1316,CA-2016-145919,20161218,20161223,323,324,500,4,183.84,8,0.0,62.5056
1319,1317,CA-2016-145919,20161218,20161223,323,1468,500,4,579.3,5,0.0,28.965
1320,1318,CA-2017-157651,20171210,20171214,318,1577,304,4,14.2,1,0.2,3.3725
1321,1319,CA-2014-160773,20140701,20140705,479,1879,340,4,575.92,2,0.2,71.99
1322,1320,CA-2014-160773,20140701,20140705,479,669,340,4,5.184,6,0.7,-3.6288
1323,1321,CA-2017-167703,20170203,20170208,489,735,277,4,5.229,3,0.7,-4.1832
1324,1322,CA-2017-167703,20170203,20170208,489,1365,277,4,285.552,2,0.2,35.694
1325,1323,CA-2017-121804,20170303,20170308,469,480,387,4,72.8,5,0.0,19.656
1326,1324,CA-2017-162635,20171009,20171010,254,1200,416,1,10.816,4,0.2,3.5152
1327,1325,CA-2014-107153,20140928,20141003,316,1357,225,4,46.26,3,0.0,12.4902
1328,1326,US-2014-117058,20140527,20140530,459,818,10,1,17.46,6,0.8,-30.555
1329,1327,CA-2015-120439,20150614,20150618,16,202,304,4,51.072,6,0.2,5.1072
1330,1328,CA-2016-128258,20160330,20160401,165,1275,203,1,11.34,1,0.0,5.5566
1331,1329,CA-2017-106033,20171015,20171018,283,572,533,3,87.92,4,0.0,26.376
1332,1330,CA-2016-142762,20160523,20160527,458,270,532,4,37.05,3,0.0,16.302
1333,1331,CA-2017-127705,20170602,20170606,10,1718,289,4,2.97,1,0.4,-0.6435
1334,1332,CA-2017-127705,20170602,20170606,10,1436,289,4,27.44,2,0.2,2.401
1335,1333,CA-2014-122567,20140216,20140221,529,731,142,4,1.08,3,0.8,-1.728
1336,1334,CA-2014-122567,20140216,20140221,529,413,142,4,7.96,2,0.8,-13.93
1337,1335,CA-2014-121664,20140506,20140510,331,796,503,4,140.736,8,0.2,52.776
1338,1336,CA-2016-122133,20160516,20160523,403,1398,201,4,552.56,4,0.0,0.0
1339,1337,US-2017-123281,20170402,20170407,359,272,499,4,25.11,3,0.0,6.5286
1340,1338,CA-2017-100524,20170331,20170402,157,290,264,3,29.78,2,0.0,8.0406
1341,1339,CA-2017-100524,20170331,20170402,157,1806,264,3,677.58,3,0.0,176.1708
1342,1340,CA-2017-100524,20170331,20170402,157,1304,264,3,75.04,8,0.0,36.0192
1343,1341,CA-2017-113481,20170102,20170104,52,1668,412,1,695.7,2,0.5,-27.828
1344,1342,CA-2017-113481,20170102,20170104,52,797,412,1,15.66,5,0.7,-12.528
1345,1343,CA-2017-113481,20170102,20170104,52,666,412,1,28.854,6,0.7,-21.1596
1346,1344,CA-2015-131758,20150528,20150601,416,493,256,4,47.82,3,0.0,14.346
1347,1345,CA-2015-131758,20150528,20150601,416,962,256,4,13.05,5,0.0,6.003
1348,1346,CA-2014-118339,20140317,20140324,96,408,91,4,93.78,2,0.0,36.5742
1349,1347,CA-2014-118339,20140317,20140324,96,1062,91,4,47.18,7,0.0,23.59
1350,1348,CA-2014-118339,20140317,20140324,96,611,91,4,19.68,6,0.0,5.7072
1351,1349,CA-2014-118339,20140317,20140324,96,721,91,4,53.4,10,0.0,25.098
1352,1350,CA-2014-118339,20140317,20140324,96,652,91,4,35.88,6,0.0,17.2224
1353,1351,CA-2014-153976,20141003,20141008,104,100,15,3,258.279,3,0.3,-70.1043
1354,1352,CA-2016-162901,20160328,20160331,52,1333,440,1,31.4,2,0.0,7.85
1355,1353,CA-2017-162978,20170504,20170509,480,1830,532,4,183.96,5,0.2,20.6955
1356,1354,CA-2017-162978,20170504,20170509,480,1181,532,4,17.61,3,0.0,8.4528
1357,1355,CA-2017-162978,20170504,20170509,480,364,532,4,300.904,1,0.2,11.2839
1358,1356,US-2014-160444,20140705,20140705,200,1369,153,2,220.776,3,0.2,-44.1552
1359,1357,US-2014-160444,20140705,20140705,200,1326,153,2,281.424,11,0.2,-35.178
1360,1358,CA-2016-145247,20160505,20160507,559,1245,386,1,79.14,3,0.0,36.4044
1361,1359,CA-2017-160045,20170426,20170427,449,139,146,1,1.988,1,0.6,-1.4413
1362,1360,US-2014-151925,20140926,20141001,444,101,503,3,145.568,2,0.2,0.0
1363,1361,CA-2017-125199,20171019,20171025,329,575,304,4,123.256,7,0.2,9.2442
1364,1362,CA-2017-125199,20171019,20171025,329,1269,304,4,23.68,4,0.2,7.4
1365,1363,CA-2017-125199,20171019,20171025,329,1747,304,4,309.576,4,0.4,-56.7556
1366,1364,US-2017-155425,20171110,20171111,11,685,463,1,38.388,14,0.7,-25.592
1367,1365,US-2017-155425,20171110,20171111,11,1682,463,1,95.994,2,0.7,-63.996
1368,1366,US-2017-155425,20171110,20171111,11,1517,463,1,239.952,6,0.2,-35.9928
1369,1367,US-2017-155425,20171110,20171111,11,1808,463,1,201.584,2,0.2,15.1188
1370,1368,US-2017-155425,20171110,20171111,11,106,463,1,899.136,4,0.2,-146.1096
1371,1369,CA-2017-133249,20170708,20170711,730,192,516,1,145.9,5,0.0,62.737
1372,1370,US-2015-103471,20151224,20151228,403,24,558,4,590.058,7,0.7,-786.744
1373,1371,US-2015-103471,20151224,20151228,403,590,558,4,14.04,3,0.2,1.5795
1374,1372,CA-2017-136672,20170307,20170312,507,1610,213,4,49.08,3,0.0,4.908
1375,1373,US-2014-157021,20140401,20140406,439,989,549,3,29.6,2,0.0,14.8
1376,1374,US-2014-157021,20140401,20140406,439,648,549,3,17.088,4,0.2,5.5536
1377,1375,CA-2015-120362,20150914,20150919,123,360,610,4,912.75,5,0.0,118.6575
1378,1376,CA-2014-126361,20140804,20140809,777,459,609,3,1089.75,3,0.0,305.13
1379,1377,CA-2014-126361,20140804,20140809,777,1091,609,3,447.84,8,0.0,219.4416
1380,1378,CA-2014-126361,20140804,20140809,777,507,609,3,16.4,5,0.0,4.264
1381,1379,CA-2014-126361,20140804,20140809,777,1794,609,3,399.96,5,0.2,34.9965
1382,1380,CA-2014-126361,20140804,20140809,777,1386,609,3,158.9,5,0.0,7.945
1383,1381,CA-2014-126361,20140804,20140809,777,764,609,3,13.184,1,0.2,4.7792
1384,1382,US-2016-100566,20160903,20160909,383,260,2,4,83.952,3,0.6,-90.2484
1385,1383,US-2016-108504,20160205,20160205,607,1389,379,2,80.98,1,0.0,1.6196
1386,1384,US-2016-108504,20160205,20160205,607,1113,379,2,348.84,9,0.0,170.9316
1387,1385,US-2016-108504,20160205,20160205,607,914,379,2,9.45,5,0.0,0.189
1388,1386,US-2016-108504,20160205,20160205,607,295,379,2,18.84,3,0.0,7.1592
1389,1387,US-2016-108504,20160205,20160205,607,41,379,2,239.98,2,0.0,52.7956
1390,1388,US-2016-108504,20160205,20160205,607,890,379,2,167.96,2,0.0,78.9412
1391,1389,US-2016-108504,20160205,20160205,607,1716,379,2,104.85,3,0.0,28.3095
1392,1390,US-2016-108504,20160205,20160205,607,1848,379,2,484.83,3,0.0,126.0558
1393,1391,US-2016-108504,20160205,20160205,607,1058,379,2,122.97,3,0.0,60.2553
1394,1392,US-2016-108504,20160205,20160205,607,1438,379,2,154.44,3,0.0,1.5444
1395,1393,US-2016-108504,20160205,20160205,607,1259,379,2,342.37,7,0.0,160.9139
1396,1394,CA-2017-124828,20170703,20170704,791,596,400,1,9.552,3,0.2,1.5522
1397,1395,US-2017-117247,20171009,20171014,151,359,2,4,652.45,5,0.5,-430.617
1398,1396,US-2017-117247,20171009,20171014,151,338,2,4,66.645,3,0.5,-42.6528
1399,1397,CA-2016-124485,20161124,20161126,555,677,266,1,17.216,4,0.2,6.0256
1400,1398,CA-2016-124485,20161124,20161126,555,1308,266,1,11.56,2,0.0,5.6644
1401,1399,CA-2016-124485,20161124,20161126,555,1549,266,1,88.4,4,0.0,11.492
1402,1400,CA-2016-124485,20161124,20161126,555,1303,266,1,6.48,1,0.0,3.1104
1403,1401,CA-2016-159212,20161101,20161105,437,1857,447,4,21.8,2,0.0,6.104
1404,1402,CA-2016-159212,20161101,20161105,437,880,447,4,251.79,3,0.0,118.3413
1405,1403,US-2016-161396,20160419,20160425,305,354,279,4,205.176,2,0.4,-58.1332
1406,1404,US-2016-161396,20160419,20160425,305,1061,279,4,419.4,5,0.2,146.79
1407,1405,US-2014-118486,20140406,20140408,683,1475,307,1,10.304,1,0.2,-2.1896
1408,1406,US-2014-118486,20140406,20140408,683,332,307,1,154.764,3,0.4,-36.1116
1409,1407,US-2014-118486,20140406,20140408,683,1616,307,1,116.784,2,0.2,21.897
1410,1408,CA-2016-130407,20160902,20160906,423,557,265,4,75.48,2,0.0,19.6248
1411,1409,CA-2016-130407,20160902,20160906,423,209,265,4,39.98,2,0.0,9.995
1412,1410,US-2016-122245,20160925,20160930,7,350,459,4,393.165,3,0.5,-204.4458
1413,1411,CA-2017-105144,20171104,20171111,730,1010,149,4,23.68,2,0.2,8.88
1414,1412,CA-2016-136329,20160709,20160713,350,92,266,4,408.006,2,0.1,72.5344
1415,1413,CA-2016-136329,20160709,20160713,350,165,266,4,165.28,4,0.0,14.8752
1416,1414,CA-2014-146640,20140630,20140705,317,766,265,4,334.768,7,0.2,108.7996
1417,1415,CA-2017-115994,20170128,20170131,111,1497,477,3,239.97,3,0.0,26.3967
1418,1416,CA-2017-115994,20170128,20170131,111,285,477,3,37.74,3,0.0,12.8316
1419,1417,CA-2015-126697,20150921,20150924,723,1826,154,1,946.344,7,0.2,118.293
1420,1418,CA-2015-126697,20150921,20150924,723,1606,154,1,151.2,3,0.2,32.13
1421,1419,CA-2015-126697,20150921,20150924,723,196,154,1,4.928,4,0.6,-1.4784
1422,1420,CA-2015-124800,20150926,20150930,661,1068,457,4,86.272,4,0.2,31.2736
1423,1421,CA-2015-124800,20150926,20150930,661,676,457,4,72.588,2,0.7,-48.392
1424,1422,CA-2015-124800,20150926,20150930,661,482,457,4,60.672,2,0.2,14.4096
1425,1423,CA-2015-124800,20150926,20150930,661,811,457,4,77.031,9,0.7,-59.0571
1426,1424,CA-2015-124800,20150926,20150930,661,1340,457,4,119.904,6,0.2,-1.4988
1427,1425,CA-2015-124800,20150926,20150930,661,1767,457,4,263.96,5,0.2,23.0965
1428,1426,CA-2015-124800,20150926,20150930,661,1401,457,4,363.648,4,0.2,-86.3664
1429,1427,US-2015-164448,20151031,20151104,211,769,526,3,9.728,2,0.2,3.2832
1430,1428,US-2015-164448,20151031,20151104,211,885,526,3,14.75,5,0.0,7.08
1431,1429,US-2015-164448,20151031,20151104,211,799,526,3,29.8,5,0.2,9.3125
1432,1430,US-2015-164448,20151031,20151104,211,1004,526,3,427.42,14,0.0,196.6132
1433,1431,CA-2017-122700,20171126,20171130,478,1830,279,4,220.752,8,0.4,-40.4712
1434,1432,CA-2014-120768,20141219,20141221,339,696,318,3,152.76,6,0.0,74.8524
1435,1433,CA-2014-120768,20141219,20141221,339,1471,318,3,7.27,1,0.0,1.9629
1436,1434,CA-2014-120768,20141219,20141221,339,58,318,3,1819.86,14,0.0,163.7874
1437,1435,US-2016-153129,20161226,20161230,291,1249,628,4,33.9,5,0.0,15.594
1438,1436,CA-2017-106852,20170620,20170627,719,1133,295,4,31.104,6,0.2,10.8864
1439,1437,CA-2017-106852,20170620,20170627,719,611,295,4,5.248,2,0.2,0.5904
1440,1438,CA-2015-139731,20151015,20151015,357,1627,126,2,263.88,3,0.2,42.8805
1441,1439,CA-2015-139731,20151015,20151015,357,83,126,2,2453.43,5,0.3,-350.49
1442,1440,CA-2017-122735,20170412,20170415,68,832,311,3,29.7,5,0.0,13.365
1443,1441,CA-2017-122735,20170412,20170415,68,1137,311,3,39.96,4,0.0,17.982
1444,1442,CA-2017-128160,20171219,20171224,526,704,533,3,36.672,2,0.2,11.46
1445,1443,CA-2017-117695,20170805,20170808,614,1204,389,1,13.76,2,0.0,6.3296
1446,1444,CA-2015-166135,20151001,20151006,675,1405,556,4,139.424,4,0.2,17.428
1447,1445,CA-2016-133725,20160523,20160528,435,1866,9,4,1979.928,9,0.2,148.4946
1448,1446,CA-2017-102337,20170613,20170616,683,1438,10,1,164.736,4,0.2,-39.1248
1449,1447,CA-2017-102337,20170613,20170616,683,125,10,1,470.302,7,0.3,-87.3418
1450,1448,CA-2017-102337,20170613,20170616,683,1809,10,1,47.984,2,0.2,5.998
1451,1449,US-2014-112564,20140423,20140424,762,855,305,1,2.502,3,0.7,-1.7514
1452,1450,CA-2015-145821,20150501,20150507,341,1870,499,4,88.752,3,0.2,11.094
1453,1451,US-2015-160150,20150719,20150720,761,831,459,1,2.025,1,0.7,-1.35
1454,1452,CA-2016-133711,20161126,20161129,488,1136,321,1,70.98,7,0.0,34.7802
1455,1453,CA-2016-133711,20161126,20161129,488,673,321,1,91.68,3,0.0,45.84
1456,1454,CA-2016-133711,20161126,20161129,488,831,321,1,33.75,5,0.0,16.875
1457,1455,CA-2016-133711,20161126,20161129,488,1642,321,1,3040.0,8,0.0,1459.2
1458,1456,CA-2017-148474,20170612,20170619,498,683,373,4,91.2,3,0.0,41.952
1459,1457,CA-2017-148474,20170612,20170619,498,351,373,4,452.94,3,0.0,67.941
1460,1458,CA-2015-111297,20150817,20150821,675,747,230,4,52.2,9,0.0,23.49
1461,1459,CA-2016-123722,20160925,20161001,566,979,158,4,15.936,4,0.2,5.1792
1462,1460,CA-2014-155271,20140504,20140504,3,186,201,2,27.46,2,0.0,9.8856
1463,1461,CA-2015-119907,20151201,20151208,456,723,627,4,55.424,2,0.2,19.3984
1464,1462,US-2016-128902,20160311,20160315,486,334,252,4,244.006,2,0.3,-31.3722
1465,1463,CA-2016-152289,20160826,20160828,453,1613,169,1,159.984,2,0.2,43.9956
1466,1464,CA-2016-152289,20160826,20160828,453,87,169,1,1024.716,6,0.3,-29.2776
1467,1465,US-2016-104794,20161216,20161219,425,932,263,1,3.68,2,0.0,1.8032
1468,1466,CA-2014-151708,20140808,20140814,485,194,456,4,121.376,4,0.2,-3.0344
1469,1467,CA-2014-151708,20140808,20140814,485,1530,456,4,95.976,3,0.2,-10.7973
1470,1468,CA-2015-100769,20150516,20150516,753,1556,345,2,255.968,4,0.2,31.996
1471,1469,CA-2017-139199,20171209,20171213,211,64,70,4,872.94,3,0.0,226.9644
1472,1470,CA-2017-139199,20171209,20171213,211,810,70,4,41.54,2,0.0,19.5238
1473,1471,CA-2017-139199,20171209,20171213,211,1114,70,4,12.96,2,0.0,6.2208
1474,1472,US-2015-161466,20150924,20150927,580,500,304,3,6.848,2,0.2,0.5992
1475,1473,CA-2017-164959,20170711,20170715,440,1016,498,4,8.67,3,0.0,4.0749
1476,1474,US-2015-105676,20151201,20151202,570,301,153,2,6.688,4,0.6,-4.0128
1477,1475,CA-2016-113138,20161119,20161125,573,608,267,4,17.28,6,0.0,5.0112
1478,1476,CA-2016-113138,20161119,20161125,573,663,267,4,17.712,3,0.2,6.4206
1479,1477,US-2017-104955,20170319,20170324,143,998,265,4,28.91,7,0.0,13.2986
1480,1478,CA-2016-121958,20161113,20161117,181,1446,415,4,52.136,7,0.2,5.8653
1481,1479,CA-2017-121468,20171119,20171120,424,1720,551,1,31.968,4,0.2,2.3976
1482,1480,US-2016-108455,20161202,20161208,519,1184,534,4,25.92,4,0.0,12.4416
1483,1481,US-2016-108455,20161202,20161208,519,1191,534,4,40.46,7,0.0,19.8254
1484,1482,US-2016-108455,20161202,20161208,519,1384,534,4,33.87,3,0.0,8.8062
1485,1483,CA-2017-101210,20170825,20170828,242,597,431,3,9.728,2,0.2,1.7024
1486,1484,CA-2017-101210,20170825,20170828,242,1035,431,3,3.424,1,0.2,1.07
1487,1485,US-2016-108098,20161014,20161018,166,1502,629,4,177.0,3,0.0,30.09
1488,1486,CA-2014-119032,20141127,20141203,540,944,266,4,3.76,2,0.0,1.316
1489,1487,CA-2015-140410,20151103,20151107,163,1845,499,4,1212.848,7,0.2,106.1242
1490,1488,CA-2015-140410,20151103,20151107,163,1511,499,4,89.97,3,0.0,37.7874
1491,1489,CA-2015-140410,20151103,20151107,163,258,499,4,42.6,3,0.0,16.614
1492,1490,CA-2014-136280,20141129,20141206,187,967,307,4,5.04,2,0.2,1.764
1493,1491,CA-2017-151911,20170430,20170505,222,889,265,3,62.96,4,0.0,28.332
1494,1492,CA-2017-166436,20171124,20171128,765,1151,266,4,5.88,1,0.0,2.8812
1495,1493,CA-2017-166436,20171124,20171128,765,63,266,4,977.292,6,0.1,173.7408
1496,1494,CA-2017-139661,20171030,20171103,411,243,631,4,9.64,2,0.0,3.6632
1497,1495,CA-2014-123925,20141217,20141219,642,574,373,3,40.05,3,0.0,11.214
1498,1496,CA-2017-152485,20170904,20170908,349,607,138,4,10.192,7,0.2,3.185
1499,1497,CA-2017-152485,20170904,20170908,349,1441,138,4,16.784,1,0.2,-0.2098
1500,1498,CA-2017-152485,20170904,20170908,349,546,138,4,13.12,5,0.2,3.772
1501,1499,CA-2016-141586,20161017,20161020,567,809,534,1,18.16,5,0.2,6.583
1502,1500,CA-2017-130386,20171112,20171118,565,1206,128,4,16.056,3,0.2,5.8203
1503,1501,CA-2017-130386,20171112,20171118,565,1255,128,4,223.056,9,0.2,69.705
1504,1502,CA-2017-130386,20171112,20171118,565,1423,128,4,540.048,3,0.2,-47.2542
1505,1503,CA-2016-100468,20161124,20161201,59,1745,502,4,33.52,2,0.2,3.352
1506,1504,CA-2016-100468,20161124,20161201,59,139,502,4,9.94,2,0.0,3.0814
1507,1505,CA-2015-153388,20150801,20150807,588,542,498,4,6.72,4,0.0,3.36
1508,1506,CA-2015-153388,20150801,20150807,588,366,498,4,1004.976,6,0.2,-175.8708
1509,1507,CA-2017-154935,20171224,20171229,49,799,265,4,17.88,3,0.2,5.5875
1510,1508,CA-2016-134208,20160917,20160923,181,1701,373,4,396.0,4,0.0,190.08
1511,1509,CA-2017-108294,20171210,20171210,473,856,112,2,34.5,3,0.0,15.525
1512,1510,CA-2017-103611,20170912,20170915,392,301,501,1,8.36,2,0.0,3.0096
1513,1511,CA-2017-100384,20170624,20170701,566,555,517,4,385.6,8,0.0,111.824
1514,1512,CA-2017-100384,20170624,20170701,566,596,517,4,35.82,9,0.0,11.8206
1515,1513,CA-2017-112809,20170818,20170822,619,1385,142,4,200.064,3,0.2,12.504
1516,1514,CA-2017-112809,20170818,20170822,619,690,142,4,21.38,5,0.8,-33.139
1517,1515,CA-2017-112809,20170818,20170822,619,714,142,4,6.744,4,0.8,-11.4648
1518,1516,US-2017-160759,20171211,20171217,36,101,304,4,63.686,1,0.3,-9.098
1519,1517,CA-2017-148446,20171210,20171214,493,375,584,3,1669.6,4,0.0,116.872
1520,1518,CA-2014-111059,20140203,20140206,738,841,628,3,83.84,2,0.2,27.248
1521,1519,CA-2014-111059,20140203,20140206,738,763,628,3,13.272,3,0.2,4.3134
1522,1520,CA-2017-116204,20170211,20170214,787,722,533,3,21.336,7,0.2,7.7343
1523,1521,CA-2017-109946,20170416,20170421,599,527,8,4,16.52,5,0.2,2.065
1524,1522,CA-2015-144806,20151206,20151211,300,221,463,4,206.112,6,0.2,48.9516
1525,1523,CA-2015-144806,20151206,20151211,300,1197,463,4,19.92,5,0.2,6.723
1526,1524,CA-2015-144806,20151206,20151211,300,1222,463,4,198.272,8,0.2,61.96
1527,1525,CA-2015-144806,20151206,20151211,300,1438,463,4,247.104,6,0.2,-58.6872
1528,1526,CA-2015-144806,20151206,20151211,300,621,463,4,86.304,6,0.2,9.7092
1529,1527,CA-2016-122392,20160722,20160727,147,556,299,4,4.16,2,0.2,0.364
1530,1528,CA-2016-122392,20160722,20160727,147,228,299,4,11.648,2,0.2,3.3488
1531,1529,CA-2015-148432,20151107,20151110,495,956,207,3,26.18,7,0.0,0.5236
1532,1530,CA-2015-148432,20151107,20151110,495,1111,207,3,7.3,2,0.0,3.431
1533,1531,CA-2015-103793,20150326,20150331,117,1101,351,4,74.352,3,0.2,23.235
1534,1532,CA-2017-159884,20170831,20170905,363,1321,462,4,10.744,1,0.2,0.8058
1535,1533,CA-2017-159884,20170831,20170905,363,920,462,4,8.376,3,0.2,2.7222
1536,1534,CA-2016-139885,20161204,20161208,249,1412,266,4,212.88,6,0.0,0.0
1537,1535,CA-2017-124086,20170210,20170214,535,41,491,4,203.983,2,0.15,16.7986
1538,1536,CA-2016-112389,20161029,20161102,394,1323,239,4,40.74,3,0.0,0.4074
1539,1537,CA-2016-112389,20161029,20161102,394,421,239,4,11.67,3,0.0,3.0342
1540,1538,CA-2017-121888,20170915,20170917,152,1721,222,3,39.99,1,0.0,11.5971
1541,1539,CA-2017-121888,20170915,20170917,152,593,222,3,16.28,2,0.0,6.512
1542,1540,CA-2017-121888,20170915,20170917,152,22,222,3,782.94,3,0.0,203.5644
1543,1541,CA-2017-121888,20170915,20170917,152,723,222,3,242.48,7,0.0,116.3904
1544,1542,CA-2014-166884,20140311,20140316,148,286,279,3,8.32,5,0.2,2.288
1545,1543,CA-2014-166884,20140311,20140316,148,931,279,3,10.464,6,0.2,1.7004
1546,1544,CA-2014-107181,20140204,20140208,194,825,529,4,82.896,3,0.2,29.0136
1547,1545,CA-2014-107181,20140204,20140208,194,1057,529,4,34.24,4,0.0,16.0928
1548,1546,CA-2014-150245,20141231,20150104,587,24,273,3,1573.488,7,0.2,196.686
1549,1547,CA-2015-111395,20151123,20151127,776,1097,177,4,335.52,4,0.2,117.432
1550,1548,CA-2015-111395,20151123,20151127,776,766,177,4,23.912,2,0.8,-40.6504
1551,1549,CA-2015-111395,20151123,20151127,776,1356,177,4,27.056,2,0.2,2.3674
1552,1550,CA-2014-134278,20140706,20140708,276,1630,264,1,559.992,1,0.2,174.9975
1553,1551,US-2017-124926,20171113,20171118,498,481,156,3,9.324,6,0.8,-24.7086
1554,1552,CA-2016-159345,20160617,20160622,336,1091,529,4,111.96,2,0.0,54.8604
1555,1553,CA-2014-130274,20140503,20140505,409,987,183,1,21.56,7,0.0,10.3488
1556,1554,CA-2017-158386,20171016,20171021,98,802,389,4,124.75,5,0.0,57.385
1557,1555,CA-2015-111507,20150206,20150213,787,525,614,4,5.28,3,0.0,1.5312
1558,1556,CA-2017-120761,20170904,20170908,8,1486,260,4,91.96,4,0.0,39.5428
1559,1557,CA-2016-109176,20160509,20160515,413,895,306,4,9.344,1,0.2,3.504
1560,1558,CA-2016-109176,20160509,20160515,413,549,306,4,79.36,5,0.2,9.92
1561,1559,CA-2015-112116,20150316,20150318,354,332,627,3,171.96,2,0.0,44.7096
1562,1560,CA-2016-126809,20160409,20160413,248,800,627,4,35.352,9,0.2,12.8151
1563,1561,CA-2014-105172,20140404,20140409,597,981,532,4,18.9,6,0.0,9.072
1564,1562,CA-2017-107293,20170905,20170906,178,605,629,1,2.78,1,0.0,0.7228
1565,1563,US-2017-102890,20170630,20170630,689,328,264,2,1044.63,5,0.4,-295.9785
1566,1564,CA-2015-158554,20151109,20151109,159,1265,305,2,11.352,3,0.2,4.1151
1567,1565,CA-2014-116239,20140304,20140304,153,1360,418,2,354.9,5,0.0,17.745
1568,1566,CA-2015-132101,20150319,20150325,399,1878,628,4,453.576,3,0.2,39.6879
1569,1567,CA-2015-129112,20151129,20151130,61,1574,125,1,21.48,3,0.2,-0.2685
1570,1568,CA-2015-129112,20151129,20151130,61,651,125,1,8.784,4,0.8,-13.6152
1571,1569,US-2017-152002,20170611,20170611,239,1058,498,2,122.97,3,0.0,60.2553
1572,1570,CA-2017-165029,20171126,20171130,29,595,372,4,12.84,3,0.0,3.7236
1573,1571,US-2014-157385,20141123,20141125,670,65,498,1,603.92,5,0.2,-67.941
1574,1572,US-2014-157385,20141123,20141125,670,896,498,1,21.84,3,0.0,10.4832
1575,1573,US-2014-157385,20141123,20141125,670,1582,498,1,29.99,1,0.0,6.2979
1576,1574,US-2014-157385,20141123,20141125,670,60,498,1,381.44,2,0.2,23.84
1577,1575,CA-2014-101602,20141215,20141218,494,1713,145,1,40.68,3,0.2,-9.153
1578,1576,CA-2014-101602,20141215,20141218,494,130,145,1,763.28,5,0.3,-21.808
1579,1577,CA-2016-109057,20160422,20160427,773,1392,2,4,23.952,2,0.2,2.3952
1580,1578,CA-2016-154403,20160523,20160527,44,1125,318,4,4.98,1,0.0,2.4402
1581,1579,CA-2016-102456,20160227,20160301,218,473,264,1,170.88,3,0.0,49.5552
1582,1580,CA-2015-131338,20150809,20150812,571,1828,265,1,307.98,2,0.0,89.3142
1583,1581,CA-2015-131338,20150809,20150812,571,353,265,1,382.806,9,0.4,-153.1224
1584,1582,CA-2015-131338,20150809,20150812,571,1332,265,1,41.96,2,0.0,2.9372
1585,1583,CA-2015-131338,20150809,20150812,571,668,265,1,1217.568,2,0.2,456.588
1586,1584,CA-2015-131338,20150809,20150812,571,218,265,1,47.04,3,0.0,18.3456
1587,1585,CA-2015-131338,20150809,20150812,571,196,265,1,6.16,2,0.0,2.9568
1588,1586,CA-2015-131338,20150809,20150812,571,1737,265,1,979.95,5,0.0,274.386
1589,1587,CA-2015-131338,20150809,20150812,571,1117,265,1,143.7,3,0.0,68.976
1590,1588,CA-2015-131338,20150809,20150812,571,927,265,1,10.65,3,0.0,5.0055
1591,1589,CA-2015-131338,20150809,20150812,571,1562,265,1,247.8,4,0.0,34.692
1592,1590,CA-2016-109911,20160512,20160516,780,536,450,4,10.96,4,0.0,2.9592
1593,1591,US-2016-132423,20160415,20160419,550,521,150,4,33.488,7,0.2,5.8604
1594,1592,US-2016-132423,20160415,20160419,550,943,150,4,8.04,5,0.2,2.9145
1595,1593,CA-2015-122826,20150623,20150625,631,1884,623,3,201.568,4,0.2,22.6764
1596,1594,CA-2014-117317,20141019,20141019,363,1291,500,2,13.44,3,0.0,6.5856
1597,1595,CA-2015-118423,20150324,20150327,233,3,27,1,359.058,3,0.3,-35.9058
1598,1596,CA-2017-149181,20170508,20170512,496,128,279,4,47.992,2,0.3,-2.0568
1599,1597,CA-2017-132234,20171016,20171018,549,182,264,1,547.3,13,0.0,175.136
1600,1598,CA-2017-158876,20171119,20171121,8,1053,134,3,16.896,4,0.2,5.28
1601,1599,CA-2017-158876,20171119,20171121,8,1452,134,3,6.672,1,0.2,0.5004
1602,1600,CA-2017-158876,20171119,20171121,8,588,134,3,99.136,4,0.2,8.6744
1603,1601,CA-2017-158876,20171119,20171121,8,209,134,3,15.992,2,0.6,-13.993
1604,1602,CA-2016-164672,20160508,20160513,295,190,206,3,211.96,2,0.0,42.392
1605,1603,US-2016-132857,20161211,20161217,125,586,438,4,6.672,3,0.2,1.668
1606,1604,CA-2017-116645,20171130,20171204,499,513,207,4,155.94,6,0.0,45.2226
1607,1605,US-2016-115819,20160419,20160424,398,1882,503,3,39.96,5,0.2,12.987
1608,1606,US-2016-115819,20160419,20160424,398,506,503,3,5.46,3,0.0,1.5288
1609,1607,US-2016-115819,20160419,20160424,398,630,503,3,73.2,5,0.0,21.228
1610,1608,US-2016-115819,20160419,20160424,398,649,503,3,5.84,1,0.2,1.971
1611,1609,US-2016-115819,20160419,20160424,398,1188,503,3,22.72,4,0.0,10.224
1612,1610,US-2016-115819,20160419,20160424,398,670,503,3,9.336,3,0.2,3.2676
1613,1611,CA-2014-156349,20140526,20140530,520,3,499,4,290.666,2,0.15,27.3568
1614,1612,CA-2014-156349,20140526,20140530,520,1722,499,4,201.584,2,0.2,20.1584
1615,1613,CA-2014-156349,20140526,20140530,520,1817,499,4,83.984,2,0.2,31.494
1616,1614,CA-2017-138380,20171221,20171225,791,1411,511,4,1000.02,7,0.0,290.0058
1617,1615,US-2016-113509,20160315,20160319,599,1622,307,4,83.976,3,0.2,-13.6461
1618,1616,CA-2015-130022,20150810,20150816,383,995,90,4,3.75,1,0.0,1.8
1619,1617,CA-2015-130022,20150810,20150816,383,986,90,4,41.4,4,0.0,19.872
1620,1618,CA-2015-130022,20150810,20150816,383,544,90,4,29.79,3,0.0,12.5118
1621,1619,US-2016-118780,20160910,20160914,602,1322,264,3,59.48,2,0.0,8.922
1622,1620,US-2016-118780,20160910,20160914,602,1076,264,3,6.69,1,0.0,3.0774
1623,1621,CA-2017-108560,20170708,20170715,346,245,620,4,198.46,2,0.0,99.23
1624,1622,CA-2017-108560,20170708,20170715,346,1011,620,4,786.48,8,0.0,385.3752
1625,1623,CA-2017-108560,20170708,20170715,346,691,620,4,23.168,2,0.2,7.8192
1626,1624,CA-2017-108560,20170708,20170715,346,1575,620,4,50.0,2,0.0,10.5
1627,1625,CA-2015-157084,20151219,20151224,366,1826,503,4,675.96,5,0.2,84.495
1628,1626,CA-2015-157084,20151219,20151224,366,1542,503,4,1265.85,3,0.0,556.974
1629,1627,CA-2015-164539,20151116,20151122,605,435,264,4,523.25,5,0.0,141.2775
1630,1628,CA-2015-143119,20150924,20150930,487,71,392,4,517.5,6,0.0,155.25
1631,1629,CA-2017-101049,20170621,20170625,56,305,278,3,17.92,5,0.2,2.464
1632,1630,CA-2017-101049,20170621,20170625,56,704,278,3,41.256,6,0.7,-34.38
1633,1631,CA-2016-106530,20160508,20160508,153,1381,278,2,1006.056,3,0.2,88.0299
1634,1632,CA-2016-106530,20160508,20160508,153,1216,278,2,10.688,2,0.2,3.7408
1635,1633,CA-2016-106530,20160508,20160508,153,1288,278,2,10.368,2,0.2,3.6288
1636,1634,CA-2016-106530,20160508,20160508,153,1333,278,2,25.12,2,0.2,1.57
1637,1635,CA-2016-106530,20160508,20160508,153,1521,278,2,58.112,2,0.2,7.264
1638,1636,CA-2014-168984,20141126,20141202,578,1104,602,4,15.552,3,0.2,5.4432
1639,1637,CA-2014-168984,20141126,20141202,578,1350,602,4,669.08,5,0.2,-167.27
1640,1638,CA-2014-168984,20141126,20141202,578,1708,602,4,438.336,4,0.2,-87.6672
1641,1639,CA-2016-157266,20160526,20160601,736,1202,209,4,19.44,3,0.0,9.3312
1642,1640,CA-2016-157266,20160526,20160601,736,849,209,4,9.64,2,0.0,4.4344
1643,1641,CA-2016-157266,20160526,20160601,736,1298,209,4,12.7,2,0.0,5.842
1644,1642,CA-2016-157266,20160526,20160601,736,162,209,4,41.37,3,0.0,17.3754
1645,1643,US-2014-134712,20141129,20141204,106,946,32,4,12.624,2,0.2,3.945
1646,1644,CA-2015-111829,20150319,20150320,286,1319,629,1,1247.64,3,0.0,349.3392
1647,1645,CA-2015-111829,20150319,20150320,286,1633,629,1,3149.93,7,0.0,1480.4671
1648,1646,CA-2015-111829,20150319,20150320,286,1284,629,1,209.7,2,0.0,100.656
1649,1647,CA-2015-105221,20151101,20151103,781,1549,306,1,35.36,2,0.2,-3.094
1650,1648,CA-2015-105221,20151101,20151103,781,928,306,1,3.168,2,0.2,-0.7128
1651,1649,CA-2015-120341,20150926,20150929,686,824,307,3,121.104,6,0.7,-100.92
1652,1650,CA-2015-120341,20150926,20150929,686,1838,307,3,45.894,1,0.4,-9.1788
1653,1651,CA-2014-135699,20140829,20140829,325,1290,533,2,109.92,2,0.0,53.8608
1654,1652,CA-2014-135699,20140829,20140829,325,1217,533,2,13.36,2,0.0,6.4128
1655,1653,US-2017-132444,20171118,20171121,141,1414,628,1,169.68,6,0.0,45.8136
1656,1654,US-2017-132444,20171118,20171121,141,1595,628,1,132.52,4,0.0,54.3332
1657,1655,US-2017-132444,20171118,20171121,141,921,628,1,2.96,2,0.0,1.4208
1658,1656,US-2017-132444,20171118,20171121,141,692,628,1,8.448,2,0.2,2.9568
1659,1657,US-2017-132444,20171118,20171121,141,1326,628,1,95.94,3,0.0,9.594
1660,1658,CA-2014-127159,20140512,20140515,328,139,190,1,34.79,7,0.0,10.7849
1661,1659,CA-2017-161809,20170120,20170126,750,1891,502,4,160.776,3,0.2,10.0485
1662,1660,CA-2017-127285,20171030,20171106,527,830,629,4,88.752,3,0.2,27.735
1663,1661,CA-2017-127285,20171030,20171106,527,736,629,4,13.904,2,0.2,5.214
1664,1662,CA-2017-144526,20170430,20170506,616,1806,307,4,677.58,5,0.4,-158.102
1665,1663,CA-2017-144526,20170430,20170506,616,745,307,4,13.896,3,0.7,-9.264
1666,1664,CA-2016-128531,20161124,20161126,576,1358,141,3,41.92,5,0.2,3.668
1667,1665,CA-2016-128531,20161124,20161126,576,1541,141,3,297.576,3,0.2,-7.4394
1668,1666,CA-2016-128531,20161124,20161126,576,936,141,3,4.344,3,0.2,0.8688
1669,1667,CA-2016-128531,20161124,20161126,576,1571,141,3,94.992,2,0.2,-2.3748
1670,1668,CA-2016-128531,20161124,20161126,576,1039,141,3,74.352,3,0.2,23.235
1671,1669,CA-2016-128531,20161124,20161126,576,590,141,3,14.04,3,0.2,1.5795
1672,1670,US-2015-157154,20150110,20150115,526,345,264,4,1018.104,4,0.4,-373.3048
1673,1671,CA-2017-159457,20171019,20171026,631,1788,156,4,16.68,3,0.2,5.2125
1674,1672,CA-2016-107615,20160322,20160325,626,1508,584,1,58.58,2,0.0,19.3314
1675,1673,CA-2017-111647,20170703,20170707,632,1817,172,4,167.968,4,0.2,62.988
1676,1674,CA-2015-150560,20151211,20151212,728,1011,449,1,196.62,2,0.0,96.3438
1677,1675,CA-2015-143077,20150917,20150921,687,264,154,4,21.936,2,0.6,-10.4196
1678,1676,CA-2015-143077,20150917,20150921,687,651,154,4,6.588,3,0.8,-10.2114
1679,1677,CA-2016-122728,20160518,20160524,251,1328,533,4,104.28,3,0.0,26.07
1680,1678,CA-2016-122728,20160518,20160524,251,1268,533,4,17.94,3,0.0,8.7906
1681,1679,CA-2014-122882,20140907,20140913,667,1389,305,4,64.784,1,0.2,-14.5764
1682,1680,CA-2014-122882,20140907,20140913,667,1846,305,4,32.382,3,0.4,4.3176
1683,1681,CA-2014-122882,20140907,20140913,667,169,305,4,42.368,2,0.2,8.4736
1684,1682,CA-2014-122882,20140907,20140913,667,1705,305,4,399.54,4,0.7,-559.356
1685,1683,US-2016-101497,20160929,20161001,609,1041,499,3,18.97,1,0.0,9.1056
1686,1684,CA-2016-147585,20161107,20161112,128,235,533,4,14.82,3,0.0,6.2244
1687,1685,CA-2017-149489,20170424,20170427,211,437,307,1,99.28,2,0.2,12.41
1688,1686,CA-2017-149489,20170424,20170427,211,761,307,1,1.188,2,0.7,-0.99
1689,1687,CA-2017-149489,20170424,20170427,211,748,307,1,7.518,2,0.7,-5.7638
1690,1688,CA-2017-143798,20171210,20171212,61,1089,306,1,10.368,2,0.2,3.6288
1691,1689,CA-2017-143798,20171210,20171212,61,303,306,1,310.88,2,0.2,23.316
1692,1690,CA-2014-142839,20140816,20140820,768,337,307,4,853.092,6,0.4,-227.4912
1693,1691,CA-2017-129833,20171209,20171215,321,1076,40,4,33.45,5,0.0,15.387
1694,1692,CA-2017-129833,20171209,20171215,321,821,40,4,10.4,5,0.0,5.096
1695,1693,US-2016-154361,20160314,20160319,335,291,279,4,21.88,5,0.2,6.2905
1696,2253,CA-2016-117849,20160415,20160417,383,1281,531,3,143.7,3,0.0,68.976
1697,1694,US-2016-158708,20160626,20160629,10,1578,172,3,13.616,2,0.2,3.5742
1698,1695,CA-2015-156335,20150925,20150928,606,1539,237,3,63.96,4,0.0,19.8276
1699,1696,CA-2015-156335,20150925,20150928,606,781,237,3,14.46,3,0.0,7.0854
1700,1697,CA-2015-156335,20150925,20150928,606,1817,237,3,104.98,2,0.0,52.49
1701,1698,CA-2015-148376,20151227,20151231,27,390,499,4,106.96,2,0.0,31.0184
1702,1699,CA-2015-148376,20151227,20151231,27,991,499,4,21.56,7,0.0,10.3488
1703,1700,CA-2014-135657,20140603,20140607,679,370,629,3,515.88,6,0.0,113.4936
1704,1701,CA-2015-114069,20150713,20150715,559,663,266,3,11.808,2,0.2,4.2804
1705,1702,CA-2015-114069,20150713,20150715,559,60,266,3,1931.04,9,0.1,321.84
1706,1703,CA-2015-114069,20150713,20150715,559,1056,266,3,9.96,2,0.0,4.6812
1707,1704,CA-2014-139857,20140202,20140206,142,933,530,4,12.35,5,0.0,5.8045
1708,1705,CA-2016-106306,20160308,20160308,592,795,456,2,9.702,3,0.7,-7.1148
1709,1706,CA-2015-100545,20151122,20151126,339,790,304,4,11.61,2,0.7,-9.288
1710,1707,CA-2017-123491,20171030,20171105,376,997,534,4,43.86,6,0.0,20.6142
1711,1708,CA-2017-123491,20171030,20171105,376,1842,534,4,148.48,2,0.2,16.704
1712,1709,CA-2017-123491,20171030,20171105,376,1239,534,4,7.42,2,0.0,3.71
1713,1710,CA-2017-123491,20171030,20171105,376,103,534,4,71.992,1,0.2,-0.8999
1714,1711,CA-2017-123491,20171030,20171105,376,596,534,4,19.9,5,0.0,6.567
1715,1712,CA-2017-123491,20171030,20171105,376,443,534,4,1702.12,14,0.0,510.636
1716,1713,CA-2015-145401,20150130,20150204,401,1286,155,4,14.304,6,0.2,5.0064
1717,1714,US-2017-124968,20170908,20170913,527,376,8,3,765.625,7,0.5,-566.5625
1718,1715,CA-2017-104003,20171007,20171013,201,39,533,4,307.666,2,0.15,-14.4784
1719,1716,CA-2016-154788,20160430,20160504,388,781,264,4,7.712,2,0.2,2.7956
1720,1717,CA-2016-169943,20160519,20160524,96,419,264,4,242.9,5,0.0,70.441
1721,1718,CA-2016-169943,20160519,20160524,96,1429,264,4,454.9,5,0.0,0.0
1722,1719,CA-2016-169943,20160519,20160524,96,214,264,4,35.92,4,0.0,15.0864
1723,1720,CA-2016-169943,20160519,20160524,96,139,264,4,39.76,8,0.0,12.3256
1724,1721,CA-2016-169943,20160519,20160524,96,762,264,4,47.744,4,0.2,14.92
1725,1722,US-2015-123218,20151220,20151225,424,1739,9,4,159.984,2,0.2,11.9988
1726,1723,US-2015-123218,20151220,20151225,424,1500,9,4,255.968,4,0.2,51.1936
1727,1724,US-2015-123218,20151220,20151225,424,40,9,4,359.058,3,0.3,-71.8116
1728,1725,CA-2015-127453,20151219,20151220,378,402,307,1,434.352,3,0.2,43.4352
1729,1726,CA-2015-127453,20151219,20151220,378,448,307,1,3.552,2,0.2,0.444
1730,1727,CA-2015-127453,20151219,20151220,378,464,307,1,88.832,4,0.2,7.7728
1731,1728,US-2017-164056,20170429,20170504,287,335,281,3,1048.35,5,0.4,-69.89
1732,1729,CA-2016-106894,20160207,20160207,123,1575,448,2,100.0,4,0.0,21.0
1733,1730,CA-2016-106894,20160207,20160207,123,971,448,2,7.83,3,0.0,3.6018
1734,1731,CA-2014-125136,20140928,20141003,425,1120,406,4,96.256,8,0.2,31.2832
1735,1732,CA-2014-125136,20140928,20141003,425,1147,406,4,10.688,2,0.2,3.7408
1736,1733,US-2016-131149,20160710,20160714,464,1336,140,4,338.04,3,0.2,-33.804
1737,1734,US-2016-131149,20160710,20160714,464,555,140,4,154.24,4,0.2,17.352
1738,1735,CA-2017-101483,20170729,20170801,25,425,412,3,34.848,2,0.2,6.534
1739,1736,CA-2017-101483,20170729,20170801,25,1840,412,3,22.0,5,0.2,1.375
1740,1737,CA-2017-101483,20170729,20170801,25,573,412,3,4.368,3,0.2,0.3822
1741,1738,CA-2015-130204,20150903,20150909,192,1358,534,4,31.44,3,0.0,8.4888
1742,1739,CA-2015-130204,20150903,20150909,192,1574,534,4,17.9,2,0.0,3.401
1743,1740,CA-2015-130204,20150903,20150909,192,1589,534,4,129.45,5,0.0,46.602
1744,1741,CA-2014-110527,20140809,20140816,256,962,530,4,20.88,8,0.0,9.6048
1745,1742,CA-2017-152807,20171030,20171103,494,1283,306,4,20.736,4,0.2,7.2576
1746,1743,CA-2017-152807,20171030,20171103,494,305,306,4,7.168,2,0.2,0.9856
1747,1744,CA-2017-152807,20171030,20171103,494,1395,306,4,11.168,2,0.2,-2.5128
1748,1745,CA-2017-152807,20171030,20171103,494,1513,306,4,442.4,7,0.2,-55.3
1749,1746,CA-2014-133270,20140606,20140609,94,567,269,1,13.36,2,0.0,4.9432
1750,1747,CA-2016-155670,20160813,20160817,271,653,412,3,11.232,8,0.7,-8.2368
1751,1748,CA-2016-155670,20160813,20160817,271,1305,412,3,10.272,3,0.2,3.21
1752,1749,US-2014-157406,20140425,20140429,188,1242,156,4,10.368,2,0.2,3.6288
1753,1750,US-2014-157406,20140425,20140429,188,556,156,4,6.24,3,0.2,0.546
1754,1751,CA-2015-139094,20151122,20151127,531,380,177,4,206.962,2,0.3,-32.5226
1755,1752,CA-2017-168837,20171014,20171017,412,205,511,1,9.46,2,0.0,3.6894
1756,1753,CA-2017-116715,20171202,20171205,787,1434,534,1,559.62,9,0.0,151.0974
1757,1754,CA-2017-116715,20171202,20171205,787,1290,534,1,109.92,2,0.0,53.8608
1758,1755,CA-2017-116715,20171202,20171205,787,1260,534,1,8.56,2,0.0,3.852
1759,1756,CA-2015-135622,20151208,20151211,773,1034,146,3,360.712,11,0.2,130.7581
1760,1757,CA-2015-135622,20151208,20151211,773,1772,146,3,1718.4,6,0.2,150.36
1761,1758,US-2015-107349,20150713,20150715,699,723,156,1,41.568,6,0.8,-66.5088
1762,1759,CA-2014-139017,20140511,20140517,649,1508,156,4,46.864,2,0.2,7.6154
1763,1760,CA-2014-141817,20140105,20140112,486,593,307,4,19.536,3,0.2,4.884
1764,1761,CA-2015-130785,20150905,20150909,27,2,531,4,411.332,4,0.15,-4.8392
1765,1762,CA-2015-130785,20150905,20150909,27,726,531,4,28.752,6,0.2,9.7038
1766,1763,CA-2015-130785,20150905,20150909,27,29,531,4,293.199,3,0.15,-20.6964
1767,1764,CA-2016-110254,20160804,20160808,522,1465,449,4,35.06,2,0.0,10.518
1768,1765,CA-2016-110254,20160804,20160808,522,1020,449,4,4.13,1,0.0,1.8998
1769,1766,CA-2016-110254,20160804,20160808,522,193,449,4,109.8,9,0.0,46.116
1770,1767,CA-2016-110254,20160804,20160808,522,985,449,4,9.82,2,0.0,4.8118
1771,1768,US-2014-158057,20140322,20140326,138,834,409,4,7.644,4,0.7,-5.8604
1772,1769,US-2014-158057,20140322,20140326,138,757,409,4,51.465,5,0.7,-39.4565
1773,1770,CA-2017-146024,20170302,20170308,680,1458,140,4,6.976,4,0.2,-1.3952
1774,1771,CA-2017-146024,20170302,20170308,680,779,140,4,12.222,7,0.8,-20.1663
1775,1772,CA-2016-129686,20161127,20161129,298,1433,9,3,97.984,2,0.2,-24.496
1776,1773,CA-2016-129686,20161127,20161129,298,1514,9,3,62.4,6,0.2,19.5
1777,1774,CA-2014-118976,20140428,20140503,550,712,212,4,20.86,2,0.0,9.387
1778,1775,CA-2014-118976,20140428,20140503,550,1342,212,4,497.61,9,0.0,129.3786
1779,1776,CA-2014-118976,20140428,20140503,550,639,212,4,5.34,2,0.0,1.4952
1780,1777,CA-2014-118976,20140428,20140503,550,967,212,4,3.15,1,0.0,1.512
1781,1778,CA-2015-105347,20151124,20151128,230,1083,498,4,368.91,9,0.0,180.7659
1782,1779,CA-2015-105347,20151124,20151128,230,577,498,4,14.7,5,0.0,6.615
1783,1780,CA-2016-124667,20161111,20161116,75,1587,264,4,59.97,3,0.0,14.9925
1784,1781,CA-2016-124667,20161111,20161116,75,1385,264,4,83.36,1,0.0,20.84
1785,1782,CA-2015-111094,20150709,20150713,128,1131,223,4,6.58,2,0.0,3.0268
1786,1783,CA-2015-111094,20150709,20150713,128,710,223,4,122.94,3,0.0,59.0112
1787,1784,CA-2017-166317,20170922,20170926,355,1290,190,4,219.84,4,0.0,107.7216
1788,1785,CA-2017-166317,20170922,20170926,355,1610,190,4,98.16,6,0.0,9.816
1789,1786,CA-2017-166317,20170922,20170926,355,771,190,4,33.04,8,0.0,15.5288
1790,1787,CA-2017-166317,20170922,20170926,355,1763,190,4,86.97,3,0.0,25.2213
1791,1788,CA-2015-154326,20150215,20150219,655,1773,187,4,134.97,3,0.0,64.7856
1792,1789,CA-2015-154326,20150215,20150219,655,1726,187,4,699.98,2,0.0,195.9944
1793,1790,CA-2015-154326,20150215,20150219,655,1612,187,4,139.95,5,0.0,26.5905
1794,1791,CA-2014-102008,20140930,20141004,619,1272,264,4,48.94,1,0.0,24.47
1795,1792,CA-2014-120474,20141201,20141203,654,79,189,1,2807.84,8,0.0,673.8816
1796,1793,CA-2014-120474,20141201,20141203,654,496,189,1,46.64,4,0.0,12.5928
1797,1794,CA-2014-104773,20141208,20141213,733,1339,154,4,60.416,2,0.2,6.0416
1798,1795,CA-2016-140774,20160905,20160910,78,619,61,4,107.94,3,0.0,26.985
1799,1796,US-2017-139465,20170827,20170830,536,1390,265,1,63.84,8,0.0,16.5984
1800,1797,US-2017-139465,20170827,20170830,536,1723,265,1,347.97,3,0.0,100.9113
1801,1798,US-2017-139465,20170827,20170830,536,806,265,1,37.008,6,0.2,11.565
1802,1799,CA-2016-100965,20160707,20160711,649,249,536,4,215.65,5,0.0,73.321
1803,1800,CA-2016-121034,20160808,20160810,364,920,140,3,11.168,4,0.2,3.6296
1804,1801,CA-2016-121034,20160808,20160810,364,1166,140,3,53.952,3,0.2,17.5344
1805,1802,CA-2016-149461,20161113,20161119,54,301,613,4,4.18,1,0.0,1.5048
1806,1803,CA-2017-158379,20170922,20170926,340,752,305,3,5.607,1,0.7,-4.2987
1807,1804,CA-2017-158379,20170922,20170926,340,1466,305,3,4663.736,7,0.2,-1049.3406
1808,1805,CA-2017-158379,20170922,20170926,340,1569,305,3,79.984,2,0.2,22.9954
1809,1806,US-2016-116729,20161225,20161228,303,1790,503,1,2575.944,7,0.2,257.5944
1810,1807,US-2016-116729,20161225,20161228,303,1168,503,1,45.36,7,0.0,21.7728
1811,1808,US-2016-116729,20161225,20161228,303,1521,503,1,254.24,7,0.0,76.272
1812,1809,CA-2016-164938,20160211,20160213,586,1888,120,1,69.93,7,0.0,0.6993
1813,1810,CA-2016-165484,20161023,20161029,327,180,8,4,16.156,7,0.6,-12.117
1814,1811,CA-2016-165484,20161023,20161029,327,1078,8,4,54.816,3,0.2,17.8152
1815,1812,CA-2014-132612,20140609,20140611,290,378,444,3,1441.3,7,0.0,245.021
1816,1813,US-2017-161193,20171120,20171126,116,201,294,4,77.6,5,0.2,28.13
1817,1814,US-2017-161193,20171120,20171126,116,146,294,4,4.656,2,0.2,1.5714
1818,1815,CA-2015-131597,20150914,20150918,708,353,502,4,170.136,3,0.2,-8.5068
1819,1816,CA-2015-164833,20150604,20150604,465,966,628,2,7.38,2,0.0,3.4686
1820,1817,CA-2015-164833,20150604,20150604,465,636,628,2,9.26,2,0.0,3.0558
1821,1818,CA-2015-125423,20151213,20151215,489,982,501,3,9.96,2,0.0,4.5816
1822,1819,US-2014-130379,20140525,20140529,386,416,9,4,75.6,2,0.8,-166.32
1823,1820,US-2014-130379,20140525,20140529,386,233,9,4,29.32,2,0.6,-24.189
1824,1821,CA-2016-168956,20160216,20160220,246,471,9,4,92.064,6,0.8,-225.5568
1825,1822,CA-2016-168956,20160216,20160220,246,918,9,4,6.976,4,0.2,1.8312
1826,1823,CA-2016-168956,20160216,20160220,246,132,9,4,62.958,3,0.3,-2.6982
1827,1824,CA-2016-168956,20160216,20160220,246,1093,9,4,5.184,1,0.2,1.8144
1828,1825,CA-2016-167507,20161222,20161228,664,797,599,4,31.32,10,0.7,-25.056
1829,1826,CA-2016-167507,20161222,20161228,664,207,599,4,11.84,4,0.2,3.108
1830,1827,CA-2016-167507,20161222,20161228,664,242,599,4,22.784,1,0.2,4.8416
1831,1828,CA-2016-109344,20160208,20160211,145,1813,414,3,1127.976,3,0.2,126.8973
1832,1829,US-2015-140851,20150713,20150715,560,1028,375,3,38.88,6,0.0,18.6624
1833,1830,CA-2014-103373,20140518,20140524,109,1824,278,4,779.796,2,0.4,-168.9558
1834,1831,CA-2017-145884,20171021,20171021,699,1734,117,2,1439.92,8,0.0,374.3792
1835,1832,CA-2017-145884,20171021,20171021,699,350,117,2,262.11,1,0.0,62.9064
1836,1833,CA-2015-131422,20151105,20151109,295,71,413,4,207.0,3,0.2,25.875
1837,1834,CA-2017-162691,20170801,20170807,52,1648,128,4,1439.982,3,0.4,-263.9967
1838,1835,CA-2017-162691,20170801,20170807,52,1251,128,4,36.288,7,0.2,12.7008
1839,1836,CA-2014-141278,20140621,20140624,649,578,200,1,21.4,5,0.0,6.206
1840,1837,CA-2017-122693,20170219,20170221,566,438,377,3,1245.86,7,0.0,361.2994
1841,1838,CA-2014-117345,20140801,20140805,79,960,403,4,17.544,3,0.2,5.9211
1842,1839,CA-2014-117345,20140801,20140805,79,162,403,4,44.128,4,0.2,12.1352
1843,1840,CA-2014-117345,20140801,20140805,79,405,403,4,62.92,1,0.2,10.2245
1844,1841,CA-2014-117345,20140801,20140805,79,1189,403,4,78.304,2,0.2,29.364
1845,1842,CA-2016-157763,20160718,20160723,429,66,382,4,140.81,1,0.0,39.4268
1846,1843,CA-2015-135391,20150209,20150211,280,972,177,3,40.096,4,0.2,13.5324
1847,1844,CA-2015-135391,20150209,20150211,280,211,177,3,40.784,2,0.6,-30.588
1848,1845,US-2017-113852,20170729,20170802,314,1572,629,4,90.57,3,0.0,11.7741
1849,1846,US-2017-158512,20170112,20170117,188,1147,209,3,40.08,6,0.0,19.2384
1850,1847,US-2017-158512,20170112,20170117,188,326,209,3,37.68,2,0.0,15.8256
1851,1848,CA-2017-128370,20170910,20170910,284,95,498,2,362.352,3,0.2,27.1764
1852,1849,CA-2017-128370,20170910,20170910,284,819,498,2,7.184,2,0.2,2.245
1853,1850,CA-2015-160472,20150720,20150725,647,1324,50,3,34.76,1,0.0,9.7328
1854,1851,CA-2015-160472,20150720,20150725,647,1547,50,3,831.2,5,0.0,124.68
1855,1852,CA-2015-160472,20150720,20150725,647,1070,50,3,26.4,5,0.0,11.88
1856,1853,CA-2015-160472,20150720,20150725,647,862,50,3,106.75,7,0.0,49.105
1857,1854,CA-2015-160472,20150720,20150725,647,1226,50,3,97.82,2,0.0,45.9754
1858,1855,CA-2015-160472,20150720,20150725,647,1414,50,3,141.4,5,0.0,38.178
1859,1856,CA-2014-114643,20140613,20140617,287,600,500,4,14.52,3,0.0,4.7916
1860,1857,US-2017-158218,20170512,20170515,12,1326,154,3,127.92,5,0.2,-15.99
1861,1858,US-2017-158218,20170512,20170515,12,739,154,3,34.24,4,0.8,-53.072
1862,1859,CA-2015-121608,20150903,20150905,341,431,196,1,137.62,2,0.0,60.5528
1863,1860,CA-2015-121608,20150903,20150905,341,1893,196,1,100.49,1,0.0,25.1225
1864,1861,US-2017-121251,20170326,20170327,304,15,263,1,257.568,2,0.2,-28.9764
1865,1862,US-2017-121251,20170326,20170327,304,1887,263,1,119.96,4,0.0,33.5888
1866,1863,CA-2014-151078,20141112,20141112,642,1359,177,2,49.632,4,0.2,4.9632
1867,1864,US-2016-100839,20161013,20161017,558,379,556,4,727.45,5,0.5,-465.568
1868,1865,US-2016-100839,20161013,20161017,558,195,556,4,24.96,3,0.2,4.368
1869,1866,US-2017-116659,20171112,20171112,564,1821,294,2,370.782,3,0.4,-92.6955
1870,1867,CA-2017-118857,20170415,20170418,29,306,582,1,196.45,5,0.0,70.722
1871,1868,CA-2015-127110,20150625,20150701,145,1235,307,4,31.104,6,0.2,10.8864
1872,1869,CA-2015-127110,20150625,20150701,145,1396,307,4,78.256,2,0.2,-17.6076
1873,1870,CA-2016-148201,20160826,20160829,130,1028,627,3,6.48,1,0.0,3.1104
1874,1871,CA-2014-116932,20140721,20140725,500,554,534,4,99.2,5,0.0,25.792
1875,1872,CA-2014-116932,20140721,20140725,500,70,534,4,801.568,2,0.2,50.098
1876,1873,CA-2014-116932,20140721,20140725,500,374,534,4,272.848,1,0.2,27.2848
1877,1874,CA-2017-142888,20171121,20171125,103,382,630,4,70.98,1,0.0,20.5842
1878,1875,CA-2014-147914,20140604,20140609,533,1136,279,4,16.224,2,0.2,5.8812
1879,1876,US-2016-112977,20160310,20160316,147,30,260,4,176.784,1,0.2,-22.098
1880,1877,CA-2017-112039,20170325,20170329,347,1737,177,4,470.376,3,0.2,47.0376
1881,1878,CA-2017-118885,20171229,20180102,366,100,503,4,393.568,4,0.2,-44.2764
1882,1879,CA-2017-118885,20171229,20180102,366,1808,503,4,302.376,3,0.2,22.6782
1883,1880,US-2017-166611,20170328,20170402,151,696,345,4,68.742,9,0.7,-48.1194
1884,1881,CA-2015-109512,20150305,20150305,460,886,264,2,29.34,3,0.0,14.67
1885,1882,CA-2015-109512,20150305,20150305,460,68,264,2,383.607,7,0.1,63.9345
1886,1883,CA-2015-109512,20150305,20150305,460,1336,264,2,563.4,4,0.0,67.608
1887,1884,CA-2016-118570,20161113,20161117,133,1113,307,4,217.056,7,0.2,78.6828
1888,1885,CA-2017-154718,20170119,20170123,218,1007,159,3,6.0,2,0.2,2.1
1889,1886,CA-2016-147578,20160422,20160426,593,204,534,3,31.56,3,0.0,10.4148
1890,1887,CA-2014-140165,20140513,20140515,261,940,342,1,7.104,2,0.2,2.3976
1891,1888,CA-2014-140165,20140513,20140515,261,838,342,1,398.352,8,0.7,-331.96
1892,1889,CA-2014-142587,20141021,20141022,739,478,283,1,121.792,4,0.2,13.7016
1893,1890,CA-2014-142587,20141021,20141022,739,329,283,1,409.59,3,0.4,-122.877
1894,1891,CA-2014-157623,20140314,20140318,216,1106,487,4,10.56,2,0.0,4.752
1895,1892,CA-2014-157623,20140314,20140318,216,603,487,4,3.38,1,0.0,1.2506
1896,1893,CA-2017-145310,20171222,20171224,401,886,363,3,7.824,1,0.2,2.934
1897,1894,CA-2016-100083,20161124,20161129,140,1046,597,4,24.784,1,0.2,7.745
1898,1895,US-2017-108063,20171202,20171205,53,529,441,1,34.65,3,0.0,10.395
1899,1896,CA-2015-109197,20151231,20160104,398,844,581,4,487.984,2,0.2,152.495
1900,1897,CA-2017-141789,20171003,20171006,13,702,93,1,1793.98,2,0.0,843.1706
1901,1898,CA-2014-169775,20140829,20140902,620,878,352,3,29.808,2,0.2,10.8054
1902,1899,CA-2014-169775,20140829,20140902,620,833,352,3,505.176,4,0.7,-336.784
1903,1900,CA-2014-169775,20140829,20140902,620,343,352,3,174.0585,3,0.45,-110.7645
1904,1901,CA-2016-140543,20160629,20160703,187,1326,419,3,191.88,6,0.0,19.188
1905,1902,CA-2016-151141,20160820,20160823,241,1892,68,1,14.78,2,0.0,3.9906
1906,1903,CA-2017-167094,20171021,20171022,211,1263,601,1,5.184,1,0.2,1.8144
1907,1904,CA-2017-167094,20171021,20171022,211,52,601,1,478.48,2,0.2,47.848
1908,1905,CA-2017-167094,20171021,20171022,211,1577,601,1,28.4,2,0.2,6.745
1909,1906,CA-2017-154410,20171021,20171024,497,1401,40,1,909.12,8,0.0,9.0912
1910,1907,US-2016-150567,20160517,20160521,655,720,333,4,2.952,2,0.7,-2.1648
1911,1908,US-2016-150567,20160517,20160521,655,650,333,4,27.018,6,0.7,-21.6144
1912,1909,CA-2015-157959,20150203,20150204,661,297,499,1,136.92,4,0.0,41.076
1913,1910,CA-2017-105886,20171218,20171223,199,175,268,4,18.96,2,0.0,8.532
1914,1911,CA-2016-105963,20161115,20161122,680,1595,499,4,99.39,3,0.0,40.7499
1915,1912,CA-2017-121503,20170703,20170706,284,1154,154,3,273.896,7,0.2,92.4399
1916,1913,CA-2017-121503,20170703,20170706,284,1693,154,3,597.132,3,0.4,49.761
1917,1914,CA-2014-103366,20140115,20140117,260,1592,377,1,149.95,5,0.0,65.978
1918,1915,CA-2017-124597,20170430,20170505,58,1000,335,4,4.608,2,0.2,1.6704
1919,1916,CA-2017-124597,20170430,20170505,58,560,335,4,15.528,3,0.2,4.8525
1920,1917,CA-2017-124597,20170430,20170505,58,979,335,4,11.952,3,0.2,3.8844
1921,1918,CA-2015-105634,20151108,20151114,317,534,223,4,11.65,5,0.0,3.3785
1922,1919,CA-2015-123673,20151030,20151101,145,1771,69,3,299.9,2,0.0,74.975
1923,1920,US-2017-111423,20170817,20170819,258,774,273,1,895.92,5,0.2,302.373
1924,1921,US-2017-111423,20170817,20170819,258,120,273,1,462.564,2,0.1,97.6524
1925,1922,CA-2015-125178,20151003,20151009,552,1397,308,4,15.008,2,0.2,1.5008
1926,1923,CA-2016-156685,20160708,20160710,671,1869,127,3,863.64,9,0.2,107.955
1927,1924,CA-2016-156685,20160708,20160710,671,498,127,3,47.616,3,0.2,3.5712
1928,1925,CA-2017-126865,20171205,20171207,571,1222,529,3,92.94,3,0.0,41.823
1929,1926,CA-2017-102834,20170309,20170313,480,1534,533,4,199.98,2,0.0,69.993
1930,1927,US-2016-139710,20160609,20160615,307,1742,502,4,177.48,3,0.2,19.9665
1931,1928,CA-2017-121538,20171128,20171201,643,1270,560,1,88.768,2,0.2,31.0688
1932,1929,US-2017-101539,20170316,20170318,781,1164,628,3,6.48,1,0.0,3.1104
1933,1930,US-2017-101539,20170316,20170318,781,1430,628,3,46.51,1,0.0,1.8604
1934,1931,US-2017-101539,20170316,20170318,781,1866,628,3,659.976,3,0.2,49.4982
1935,1932,CA-2016-152121,20161127,20161129,137,1803,460,3,271.992,1,0.2,23.7993
1936,1933,CA-2017-161200,20170806,20170810,721,4,392,3,145.74,3,0.0,23.3184
1937,1934,CA-2017-161200,20170806,20170810,721,196,392,3,15.4,5,0.0,7.392
1938,1935,CA-2017-101245,20171127,20171203,480,1226,532,4,244.55,5,0.0,114.9385
1939,1936,CA-2017-101245,20171127,20171203,480,1516,532,4,166.16,8,0.0,59.8176
1940,1937,CA-2015-141768,20150525,20150527,573,222,532,3,14.73,3,0.0,4.8609
1941,1938,CA-2016-112109,20160708,20160712,356,737,557,4,19.968,2,0.7,-13.312
1942,1939,CA-2016-112109,20160708,20160712,356,1367,557,4,33.488,7,0.2,-1.2558
1943,1940,CA-2016-112109,20160708,20160712,356,713,557,4,8.736,4,0.7,-6.1152
1944,1941,CA-2016-112109,20160708,20160712,356,124,557,4,662.88,3,0.2,74.574
1945,1942,CA-2017-144064,20170829,20170901,165,1021,28,1,47.36,4,0.2,17.76
1946,1943,CA-2017-144064,20170829,20170901,165,1436,28,1,27.44,2,0.2,2.401
1947,1944,CA-2017-144064,20170829,20170901,165,731,28,1,3.24,9,0.8,-5.184
1948,1945,CA-2016-108581,20160620,20160626,246,1511,134,4,95.968,4,0.2,26.3912
1949,1946,CA-2016-108581,20160620,20160626,246,1093,134,4,10.368,2,0.2,3.6288
1950,1947,CA-2017-157987,20170902,20170906,14,502,263,4,23.1,2,0.0,6.468
1951,1948,CA-2017-157987,20170902,20170906,14,180,263,4,11.54,2,0.0,3.462
1952,1949,CA-2017-157987,20170902,20170906,14,345,263,4,254.526,1,0.4,-93.3262
1953,1950,CA-2017-157987,20170902,20170906,14,394,263,4,12.98,1,0.0,3.7642
1954,1951,CA-2017-157987,20170902,20170906,14,858,263,4,26.432,8,0.2,8.9208
1955,1952,CA-2017-157987,20170902,20170906,14,1854,263,4,197.97,3,0.0,57.4113
1956,1953,CA-2017-157987,20170902,20170906,14,981,263,4,18.9,6,0.0,9.072
1957,1954,CA-2017-157987,20170902,20170906,14,107,263,4,1282.41,5,0.1,213.735
1958,1955,CA-2017-157987,20170902,20170906,14,632,263,4,4.92,3,0.0,2.214
1959,1956,CA-2017-157987,20170902,20170906,14,1567,263,4,238.0,2,0.0,38.08
1960,1957,CA-2017-157987,20170902,20170906,14,1484,263,4,167.97,3,0.0,40.3128
1961,1958,CA-2017-157987,20170902,20170906,14,1260,263,4,17.12,4,0.0,7.704
1962,1959,CA-2017-110905,20170910,20170915,663,794,108,3,16.2,3,0.0,7.776
1963,1960,CA-2017-110905,20170910,20170915,663,479,108,3,33.99,3,0.0,14.6157
1964,1961,CA-2017-110905,20170910,20170915,663,1571,108,3,296.85,5,0.0,53.433
1965,1962,CA-2017-110905,20170910,20170915,663,1546,108,3,112.8,6,0.0,6.768
1966,1963,CA-2017-110905,20170910,20170915,663,770,108,3,13.71,3,0.0,6.5808
1967,1964,CA-2017-110905,20170910,20170915,663,1197,108,3,24.9,5,0.0,11.703
1968,1965,CA-2017-110905,20170910,20170915,663,1311,108,3,286.29,3,0.0,17.1774
1969,1966,CA-2017-110905,20170910,20170915,663,457,108,3,24.18,2,0.0,7.254
1970,1967,CA-2017-165841,20171221,20171228,193,1784,249,4,281.97,3,0.0,78.9516
1971,1968,CA-2017-165841,20171221,20171228,193,1449,249,4,69.5,5,0.0,20.155
1972,1969,CA-2017-165841,20171221,20171228,193,1102,249,4,166.44,3,0.0,79.8912
1973,1970,CA-2017-117485,20170923,20170929,68,1616,120,4,291.96,4,0.0,102.186
1974,1971,CA-2017-140242,20170506,20170511,522,639,9,4,6.408,3,0.2,0.6408
1975,1972,CA-2017-140242,20170506,20170511,522,1616,9,4,408.744,7,0.2,76.6395
1976,1973,CA-2014-148950,20141214,20141219,351,698,8,4,5.104,4,0.8,-8.6768
1977,1974,CA-2014-148950,20141214,20141219,351,945,8,4,2.896,2,0.2,0.4706
1978,1975,CA-2014-148950,20141214,20141219,351,1565,8,4,35.016,3,0.2,-2.1885
1979,1976,CA-2014-110408,20141018,20141020,55,1369,322,3,275.97,3,0.0,11.0388
1980,1977,CA-2014-110408,20141018,20141020,55,1797,322,3,1394.95,5,0.0,362.687
1981,1978,CA-2014-110408,20141018,20141020,55,113,322,3,545.88,6,0.0,70.9644
1982,1979,CA-2015-109939,20150508,20150512,2,485,600,4,5.248,2,0.2,0.5904
1983,1980,CA-2016-112669,20160414,20160414,444,122,456,2,933.536,4,0.2,105.0228
1984,1981,CA-2016-112669,20160414,20160414,444,1353,456,2,42.976,4,0.2,4.2976
1985,1982,CA-2015-119592,20151214,20151216,528,822,373,3,3.76,2,0.0,1.8048
1986,1983,CA-2014-122749,20141203,20141209,565,1852,119,4,479.96,4,0.0,134.3888
1987,1984,CA-2014-164721,20141125,20141127,479,390,469,3,320.88,6,0.0,93.0552
1988,1985,CA-2014-164721,20141125,20141127,479,208,469,3,23.88,3,0.0,10.5072
1989,1986,CA-2014-164721,20141125,20141127,479,1076,469,3,26.76,4,0.0,12.3096
1990,1987,CA-2016-147417,20160725,20160727,127,1631,279,1,1439.976,4,0.4,191.9968
1991,1988,CA-2015-127509,20151109,20151113,53,746,108,4,17.22,3,0.0,7.9212
1992,1989,CA-2015-127509,20151109,20151113,53,357,108,4,1024.38,7,0.0,215.1198
1993,1990,CA-2015-127509,20151109,20151113,53,863,108,4,26.22,3,0.0,12.3234
1994,1991,CA-2015-127509,20151109,20151113,53,1174,108,4,17.34,3,0.0,8.4966
1995,1992,CA-2017-111374,20170224,20170228,127,858,305,4,4.956,4,0.7,-3.7996
1996,1993,CA-2017-133648,20170625,20170702,522,1010,601,4,71.04,6,0.2,26.64
1997,1994,CA-2017-133648,20170625,20170702,522,559,601,4,5.344,2,0.2,0.7348
1998,1995,CA-2017-133648,20170625,20170702,522,953,601,4,11.304,3,0.2,-2.1195
1999,1996,US-2017-147221,20171202,20171204,410,439,153,3,294.62,5,0.8,-766.012
2000,1997,US-2017-147221,20171202,20171204,410,291,153,3,8.752,4,0.6,-3.7196
2001,1998,CA-2014-131905,20140206,20140209,560,995,442,1,15.0,4,0.0,7.2
2002,1999,CA-2014-131905,20140206,20140209,560,1848,442,1,161.61,1,0.0,42.0186
2003,2000,CA-2014-131905,20140206,20140209,560,1763,442,1,144.95,5,0.0,42.0355
2004,2001,CA-2017-166128,20170411,20170418,482,1530,515,4,199.95,5,0.0,21.9945
2005,2002,CA-2017-166128,20170411,20170418,482,521,515,4,41.86,7,0.0,14.2324
2006,2003,CA-2017-163510,20171225,20171228,412,1326,386,3,95.94,3,0.0,9.594
2007,2004,CA-2017-163510,20171225,20171228,412,68,386,3,304.45,5,0.0,76.1125
2008,2005,US-2017-143028,20170411,20170418,669,850,163,4,11.364,3,0.8,-17.046
2009,2006,CA-2014-111150,20141231,20150104,662,483,100,4,29.68,7,0.0,11.5752
2010,2007,CA-2014-111150,20141231,20150104,662,1488,100,4,47.53,7,0.0,16.1602
2011,2008,CA-2017-165386,20170803,20170804,159,28,9,1,183.372,2,0.3,-36.6744
2012,2009,CA-2014-116407,20141115,20141121,359,525,432,4,4.224,3,0.2,0.4752
2013,2010,CA-2014-116407,20141115,20141121,359,426,432,4,333.056,2,0.2,29.1424
2014,2011,CA-2014-116407,20141115,20141121,359,1173,432,4,24.896,4,0.2,7.78
2015,2012,CA-2015-155761,20151211,20151211,681,1527,154,2,159.984,2,0.2,35.9964
2016,2013,CA-2015-155761,20151211,20151211,681,1346,154,2,46.344,3,0.2,4.6344
2017,2014,CA-2016-145905,20160918,20160923,42,79,316,4,350.98,1,0.0,84.2352
2018,2015,CA-2016-145905,20160918,20160923,42,1071,316,4,13.08,2,0.0,6.0168
2019,2016,CA-2016-145905,20160918,20160923,42,1423,316,4,900.08,4,0.0,117.0104
2020,2017,CA-2015-113110,20150319,20150323,90,651,527,4,17.568,2,0.2,6.3684
2021,2018,CA-2015-113110,20150319,20150323,90,960,527,4,14.62,2,0.0,6.8714
2022,2019,CA-2015-113110,20150319,20150323,90,1452,527,4,33.36,4,0.0,8.6736
2023,2020,CA-2015-113110,20150319,20150323,90,1206,527,4,40.14,6,0.0,19.6686
2024,2021,CA-2016-168354,20160919,20160921,644,1365,311,1,1606.23,9,0.0,481.869
2025,2022,CA-2016-168354,20160919,20160921,644,1188,311,1,17.04,3,0.0,7.668
2026,2023,CA-2016-168354,20160919,20160921,644,853,311,1,49.53,3,0.0,23.7744
2027,2024,CA-2016-168354,20160919,20160921,644,130,311,1,872.32,4,0.0,244.2496
2028,2025,US-2017-111241,20170820,20170822,306,766,485,3,239.12,5,0.2,77.714
2029,2026,CA-2015-114237,20150313,20150315,487,45,627,1,141.96,2,0.0,39.7488
2030,2027,CA-2016-113516,20160908,20160910,781,743,495,3,33.024,2,0.2,11.5584
2031,2028,CA-2016-113516,20160908,20160910,781,729,495,3,67.136,4,0.2,23.4976
2032,2029,CA-2015-117961,20151126,20151130,309,664,226,4,14.73,3,0.0,6.9231
2033,2030,CA-2015-117961,20151126,20151130,309,1352,226,4,104.9,5,0.0,25.176
2034,2031,CA-2015-117961,20151126,20151130,309,798,226,4,61.04,4,0.0,30.52
2035,2032,CA-2015-117961,20151126,20151130,309,1111,226,4,10.95,3,0.0,5.1465
2036,2033,CA-2016-128923,20161209,20161213,295,1181,146,4,9.392,2,0.2,3.2872
2037,2034,CA-2016-128923,20161209,20161213,295,496,146,4,9.328,1,0.2,0.8162
2038,2035,CA-2017-162481,20170925,20170929,182,771,95,4,8.26,2,0.0,3.8822
2039,2036,CA-2017-162481,20170925,20170929,182,103,95,4,269.97,3,0.0,51.2943
2040,2037,CA-2015-119214,20150123,20150127,185,1211,578,4,29.04,3,0.0,13.9392
2041,2038,CA-2015-119214,20150123,20150127,185,997,578,4,14.62,2,0.0,6.8714
2042,2039,CA-2015-122287,20150618,20150623,704,1134,458,4,11.952,3,0.2,4.3326
2043,2040,CA-2015-122287,20150618,20150623,704,847,458,4,4.536,7,0.7,-3.3264
2044,2041,CA-2015-122287,20150618,20150623,704,798,458,4,9.156,2,0.7,-6.104
2045,2042,CA-2015-122287,20150618,20150623,704,326,458,4,75.36,5,0.2,20.724
2046,2043,CA-2015-104493,20151002,20151008,247,852,531,4,57.504,6,0.2,20.1264
2047,2044,US-2017-158946,20171118,20171123,411,541,287,4,38.864,7,0.2,7.7728
2048,2045,CA-2014-129168,20140817,20140823,418,1133,156,4,15.552,3,0.2,5.4432
2049,2046,CA-2016-131835,20160717,20160721,490,474,250,4,162.64,2,0.0,45.5392
2050,2047,CA-2016-131835,20160717,20160721,490,1768,250,4,597.0,3,0.0,280.59
2051,2048,CA-2016-131835,20160717,20160721,490,1270,250,4,55.48,1,0.0,26.6304
2052,2049,CA-2015-142237,20150711,20150713,150,318,305,1,289.8,7,0.2,36.225
2053,2050,CA-2015-142237,20150711,20150713,150,814,305,1,2.502,3,0.7,-2.0016
2054,2051,CA-2015-142237,20150711,20150713,150,794,305,1,6.48,4,0.7,-4.752
2055,2052,CA-2015-142237,20150711,20150713,150,115,305,1,341.488,8,0.3,-73.176
2056,2053,CA-2015-142237,20150711,20150713,150,605,305,1,11.12,5,0.2,0.834
2057,2054,CA-2015-142237,20150711,20150713,150,252,305,1,25.344,6,0.2,3.4848
2058,2055,CA-2016-136434,20161201,20161207,631,180,49,4,17.31,3,0.0,5.193
2059,2056,CA-2017-120376,20171222,20171225,757,1512,69,1,199.95,5,0.0,63.984
2060,2057,CA-2017-120376,20171222,20171225,757,92,69,1,1586.69,7,0.0,412.5394
2061,2058,CA-2017-120376,20171222,20171225,757,1501,69,1,84.99,1,0.0,30.5964
2062,2059,CA-2017-120376,20171222,20171225,757,378,69,1,411.8,2,0.0,70.006
2063,2060,CA-2014-106439,20141031,20141104,298,941,503,4,11.34,3,0.0,5.2164
2064,2061,CA-2014-106439,20141031,20141104,298,1428,503,4,80.3,5,0.0,20.878
2065,2062,CA-2014-106439,20141031,20141104,298,754,503,4,15.968,2,0.2,5.3892
2066,2063,CA-2014-106439,20141031,20141104,298,1064,503,4,64.74,13,0.0,30.4278
2067,2064,CA-2014-106439,20141031,20141104,298,823,503,4,19.296,3,0.2,6.03
2068,2065,CA-2014-106439,20141031,20141104,298,1380,503,4,405.64,4,0.0,12.1692
2069,2066,CA-2014-106439,20141031,20141104,298,115,503,4,146.352,3,0.2,-9.147
2070,2067,CA-2014-106439,20141031,20141104,298,1612,503,4,251.91,9,0.0,47.8629
2071,2068,CA-2014-106439,20141031,20141104,298,527,503,4,12.39,3,0.0,3.717
2072,2069,CA-2015-133452,20150413,20150419,792,1566,517,4,199.96,4,0.0,69.986
2073,2070,CA-2015-133452,20150413,20150419,792,369,517,4,710.832,3,0.2,-97.7394
2074,2071,CA-2016-146521,20160721,20160723,136,660,305,3,1.941,1,0.7,-1.294
2075,2072,US-2017-110996,20171120,20171125,414,117,513,4,283.92,5,0.2,-46.137
2076,2073,CA-2016-129693,20161126,20161202,742,770,628,4,7.312,2,0.2,2.5592
2077,2074,CA-2017-122504,20171107,20171112,194,1583,469,3,59.97,3,0.0,13.7931
2078,2075,CA-2017-122504,20171107,20171112,194,1802,469,3,761.544,7,0.2,66.6351
2079,2076,CA-2014-131051,20141201,20141205,760,201,534,4,58.2,3,0.0,28.518
2080,2077,CA-2017-140676,20170912,20170915,82,1271,212,1,39.9,5,0.0,19.95
2081,2078,CA-2017-140676,20170912,20170915,82,394,212,1,90.86,7,0.0,26.3494
2082,2079,CA-2017-140676,20170912,20170915,82,1277,212,1,94.85,5,0.0,45.528
2083,2080,CA-2015-120103,20151224,20151229,537,1115,459,4,106.232,7,0.2,37.1812
2084,2081,CA-2015-120103,20151224,20151229,537,1787,459,4,111.984,2,0.2,11.1984
2085,2082,CA-2015-120103,20151224,20151229,537,243,459,4,7.712,2,0.2,1.7352
2086,2083,CA-2017-104647,20170223,20170301,150,1210,499,4,37.44,6,0.0,16.848
2087,2084,CA-2014-110352,20141123,20141129,256,1010,153,4,23.68,2,0.2,8.88
2088,2085,CA-2016-140501,20160623,20160628,339,1004,263,4,122.12,4,0.0,56.1752
2089,2086,CA-2016-140501,20160623,20160628,339,961,263,4,18.45,5,0.0,8.6715
2090,2087,CA-2016-140501,20160623,20160628,339,1314,263,4,324.9,5,0.0,38.988
2091,2088,CA-2016-140501,20160623,20160628,339,1226,263,4,146.73,3,0.0,68.9631
2092,2089,CA-2016-140501,20160623,20160628,339,951,263,4,3.96,2,0.0,1.4652
2093,2090,CA-2015-139290,20151026,20151030,549,1012,518,4,5.76,2,0.0,2.6496
2094,2091,CA-2017-166142,20170715,20170719,525,816,208,4,26.55,3,0.0,13.0095
2095,2092,CA-2017-166142,20170715,20170719,525,380,208,4,310.443,3,0.3,-48.7839
2096,2093,CA-2014-145926,20141117,20141121,533,125,94,4,479.9,5,0.0,81.583
2097,2094,CA-2015-149678,20150413,20150415,61,1475,590,3,12.88,1,0.0,0.3864
2098,2095,US-2015-164357,20151125,20151129,685,519,416,4,13.12,5,0.2,1.476
2099,2096,US-2016-146570,20160515,20160520,705,718,397,4,511.84,8,0.0,240.5648
2100,2097,US-2016-146570,20160515,20160520,705,634,397,4,91.96,4,0.0,25.7488
2101,2098,US-2016-146570,20160515,20160520,705,612,397,4,8.34,3,0.0,2.1684
2102,2099,CA-2017-124401,20170907,20170912,636,1333,598,4,37.68,3,0.2,2.355
2103,2100,CA-2017-124401,20170907,20170912,636,1569,598,4,279.944,7,0.2,80.4839
2104,2101,US-2014-140116,20140310,20140317,445,1315,560,4,636.408,3,0.2,-15.9102
2105,2102,US-2014-140116,20140310,20140317,445,513,560,4,83.168,4,0.2,9.3564
2106,2103,CA-2014-123295,20140718,20140718,30,93,463,2,259.136,4,0.2,-25.9136
2107,2104,CA-2017-167101,20170324,20170328,93,1059,263,3,221.92,4,0.0,106.5216
2108,2105,CA-2017-167101,20170324,20170328,93,1514,263,3,26.0,2,0.0,11.7
2109,2106,US-2014-167633,20140930,20141005,120,1303,335,4,15.552,3,0.2,5.4432
2110,2107,US-2014-152723,20140926,20140926,323,786,166,2,0.876,1,0.8,-1.4016
2111,2108,CA-2015-164882,20151031,20151031,688,1038,520,2,19.98,1,0.0,9.3906
2112,2109,CA-2015-164882,20151031,20151031,688,838,520,2,398.352,3,0.2,124.485
2113,2110,CA-2015-164882,20151031,20151031,688,627,520,2,5.04,3,0.0,1.26
2114,2111,CA-2015-164882,20151031,20151031,688,920,520,2,17.45,5,0.0,8.027
2115,2112,CA-2015-164882,20151031,20151031,688,123,520,2,323.136,4,0.2,20.196
2116,2113,CA-2015-164882,20151031,20151031,688,1472,520,2,29.7,3,0.0,8.019
2117,2114,CA-2015-164882,20151031,20151031,688,1761,520,2,1295.84,4,0.2,145.782
2118,2115,CA-2015-164882,20151031,20151031,688,1419,520,2,46.84,2,0.0,12.6468
2119,2116,CA-2015-164882,20151031,20151031,688,19,520,2,425.833,1,0.15,20.0392
2120,2117,CA-2015-159786,20151012,20151017,647,335,269,3,209.67,1,0.4,-13.978
2121,2118,CA-2016-130267,20160919,20160923,725,1177,543,4,159.88,7,0.0,73.5448
2122,2119,CA-2017-155460,20170413,20170415,662,1192,628,1,5.28,1,0.0,2.376
2123,2120,CA-2017-155460,20170413,20170415,662,774,628,1,895.92,5,0.2,302.373
2124,2121,US-2017-168690,20170107,20170113,761,654,357,4,2.808,3,0.7,-1.9656
2125,2122,CA-2017-158246,20171109,20171111,341,103,544,1,215.976,3,0.2,-2.6997
2126,2123,CA-2017-167381,20170922,20170924,261,16,74,3,241.96,2,0.0,41.1332
2127,2124,CA-2017-167381,20170922,20170924,261,959,74,3,27.72,9,0.0,13.3056
2128,2125,CA-2017-144862,20171201,20171205,261,891,307,4,104.68,5,0.2,35.3295
2129,2126,CA-2017-144862,20171201,20171205,261,1736,307,4,62.958,7,0.4,9.4437
2130,2127,CA-2014-126032,20140623,20140628,108,1485,307,4,86.376,3,0.2,1.0797
2131,2128,CA-2015-134859,20151004,20151009,383,268,305,4,64.944,3,0.2,6.4944
2132,2129,CA-2015-134859,20151004,20151009,383,1114,305,4,20.736,4,0.2,7.2576
2133,2130,US-2014-114188,20140520,20140522,640,387,234,3,33.28,4,0.0,9.3184
2134,2131,US-2014-114188,20140520,20140522,640,631,234,3,38.52,9,0.0,11.9412
2135,2132,US-2014-114188,20140520,20140522,640,142,234,3,139.86,7,0.0,60.1398
2136,2133,CA-2015-156524,20151120,20151126,218,1258,264,4,19.65,3,0.0,9.039
2137,2134,CA-2015-122210,20151130,20151204,788,793,305,4,152.991,3,0.7,-122.3928
2138,2135,CA-2015-122210,20151130,20151204,788,914,305,4,10.584,7,0.2,-2.3814
2139,2136,CA-2015-122210,20151130,20151204,788,1819,305,4,94.92,4,0.4,15.82
2140,2137,CA-2015-156377,20151231,20160105,741,224,149,4,14.76,5,0.6,-11.439
2141,2138,CA-2015-156377,20151231,20160105,741,770,149,4,3.656,4,0.8,-5.8496
2142,2139,US-2017-157896,20171116,20171116,127,1272,263,2,146.82,3,0.0,73.41
2143,2140,CA-2014-159520,20140606,20140611,311,810,260,4,149.544,9,0.2,50.4711
2144,2141,CA-2014-159520,20140606,20140611,311,1457,260,4,17.14,2,0.0,4.4564
2145,2142,CA-2014-159520,20140606,20140611,311,361,260,4,991.764,3,0.4,-347.1174
2146,2143,CA-2016-155481,20160901,20160905,216,1298,306,4,30.48,6,0.2,9.906
2147,2144,CA-2016-155481,20160901,20160905,216,1793,306,4,23.988,2,0.4,-4.7976
2148,2145,CA-2016-155481,20160901,20160905,216,939,306,4,16.688,7,0.2,5.4236
2149,2146,US-2016-152051,20160625,20160629,762,102,309,4,422.058,3,0.3,-18.0882
2150,2147,US-2016-152051,20160625,20160629,762,851,309,4,38.088,4,0.7,-27.9312
2151,2148,US-2016-152051,20160625,20160629,762,1375,309,4,254.352,6,0.2,-50.8704
2152,2149,CA-2014-141607,20141212,20141217,788,284,476,4,43.31,1,0.0,4.331
2153,2150,CA-2017-102771,20170331,20170405,228,1758,266,4,84.95,5,0.0,22.087
2154,2151,US-2017-139969,20171119,20171126,17,81,136,4,233.058,3,0.3,-53.2704
2155,2152,CA-2014-167360,20141124,20141129,623,1531,106,3,111.79,7,0.0,43.5981
2156,2153,CA-2015-123505,20151122,20151126,49,1197,231,4,14.94,3,0.0,7.0218
2157,2154,CA-2016-117282,20160714,20160718,234,816,263,4,14.16,2,0.2,5.133
2158,2155,US-2016-120460,20160430,20160505,83,326,140,4,22.608,3,0.6,-10.1736
2159,2156,CA-2016-111115,20160725,20160727,449,923,500,3,21.48,6,0.0,10.74
2160,2157,CA-2014-124646,20140622,20140624,239,1350,93,1,501.81,3,0.0,0.0
2161,2158,CA-2014-124646,20140622,20140624,239,1363,93,1,161.94,3,0.0,9.7164
2162,2159,CA-2017-148166,20171021,20171026,567,644,340,4,17.856,4,0.2,2.0088
2163,2160,CA-2016-159737,20160903,20160909,173,827,8,4,8.808,3,0.8,-14.9736
2164,2161,CA-2016-141019,20160514,20160514,464,245,277,2,79.384,1,0.2,29.769
2165,2162,CA-2016-101938,20160107,20160112,241,602,511,4,34.58,1,0.0,10.0282
2166,2163,CA-2017-166296,20170313,20170319,428,1284,504,4,314.55,3,0.0,150.984
2167,2164,CA-2016-154018,20161013,20161019,318,1556,161,4,191.976,3,0.2,23.997
2168,2165,CA-2016-154018,20161013,20161019,318,1072,161,4,8.288,2,0.2,3.0044
2169,2166,CA-2016-154018,20161013,20161019,318,260,161,4,139.92,5,0.6,-150.414
2170,2167,CA-2016-154018,20161013,20161019,318,554,161,4,15.872,1,0.2,1.1904
2171,2168,CA-2016-154018,20161013,20161019,318,819,161,4,6.286,7,0.8,-11.0005
2172,2169,CA-2017-117870,20170127,20170130,370,623,286,3,14.016,3,0.2,1.752
2173,2170,CA-2017-117870,20170127,20170130,370,1505,286,3,71.976,3,0.2,-8.997
2174,2171,CA-2017-117870,20170127,20170130,370,1855,286,3,107.982,3,0.4,-26.9955
2175,2172,US-2017-137491,20171119,20171125,453,130,176,4,305.312,2,0.3,-8.7232
2176,2173,CA-2014-152296,20140801,20140803,337,837,534,1,19.752,3,0.2,6.9132
2177,2174,CA-2016-112025,20160730,20160804,473,745,155,4,9.264,3,0.8,-13.896
2178,2175,CA-2015-132507,20150730,20150803,136,1346,154,3,61.792,4,0.2,6.1792
2179,2176,CA-2016-125738,20161015,20161021,583,1087,611,4,45.68,2,0.0,21.0128
2180,2177,CA-2016-125738,20161015,20161021,583,1217,611,4,60.12,9,0.0,28.8576
2181,2178,CA-2016-125738,20161015,20161021,583,712,611,4,41.72,5,0.2,13.0375
2182,2179,CA-2016-125738,20161015,20161021,583,1124,611,4,71.6,8,0.0,32.936
2183,2180,CA-2016-128818,20160507,20160511,147,661,263,4,85.232,7,0.2,30.8966
2184,2181,CA-2016-128818,20160507,20160511,147,1010,263,4,44.4,3,0.0,22.2
2185,2182,CA-2016-128818,20160507,20160511,147,86,263,4,442.764,4,0.1,59.0352
2186,2183,CA-2016-128818,20160507,20160511,147,1648,263,4,3999.95,5,0.0,1159.9855
2187,2184,CA-2016-128818,20160507,20160511,147,1530,263,4,199.95,5,0.0,21.9945
2188,2185,CA-2016-128818,20160507,20160511,147,208,263,4,63.68,8,0.0,28.0192
2189,2186,CA-2017-124576,20170801,20170804,327,757,526,3,54.896,2,0.2,18.5274
2190,2187,CA-2016-101378,20160714,20160714,646,1552,320,2,29.0,2,0.0,7.25
2191,2188,CA-2017-143063,20170810,20170815,337,895,37,4,70.08,6,0.0,35.04
2192,2189,CA-2017-143063,20170810,20170815,337,271,37,4,121.3,2,0.0,25.473
2193,2190,CA-2017-143063,20170810,20170815,337,1848,37,4,1454.49,9,0.0,378.1674
2194,2191,CA-2016-118913,20160625,20160629,56,399,503,4,60.81,3,0.0,17.0268
2195,2192,CA-2016-128412,20161210,20161217,45,718,628,4,153.552,3,0.2,51.8238
2196,2193,CA-2016-128412,20161210,20161217,45,425,628,4,65.34,3,0.0,22.869
2197,2194,CA-2016-128412,20161210,20161217,45,1101,628,4,123.92,4,0.0,55.764
2198,2195,CA-2016-128412,20161210,20161217,45,391,628,4,35.1,3,0.0,12.285
2199,2196,CA-2016-128412,20161210,20161217,45,1574,628,4,44.75,5,0.0,8.5025
2200,2197,CA-2016-136483,20161201,20161206,22,510,433,4,4.704,2,0.2,0.4116
2201,2198,CA-2014-163013,20141128,20141204,82,548,322,4,14.67,3,0.0,3.9609
2202,2199,CA-2015-135363,20150328,20150402,148,1229,304,4,15.552,3,0.2,5.4432
2203,2200,CA-2015-135363,20150328,20150402,148,1071,304,4,5.232,1,0.2,1.7004
2204,2201,US-2014-165659,20140601,20140606,478,207,328,4,22.2,6,0.0,9.102
2205,2202,US-2014-165659,20140601,20140606,478,1808,328,4,881.93,7,0.0,229.3018
2206,2203,CA-2015-138002,20150906,20150912,111,740,627,4,6.096,2,0.2,2.1336
2207,2204,CA-2015-138002,20150906,20150912,111,315,627,4,191.82,3,0.0,74.8098
2208,2205,CA-2015-128860,20150629,20150705,679,187,303,4,20.104,1,0.2,1.7591
2209,2206,CA-2016-164350,20160910,20160912,143,497,425,3,67.56,3,0.2,8.445
2210,2207,US-2014-103905,20140714,20140720,62,690,2,4,29.932,7,0.8,-46.3946
2211,2208,US-2014-103905,20140714,20140720,62,1759,2,4,38.272,4,0.2,3.8272
2212,2209,CA-2015-129854,20150822,20150826,627,492,263,4,16.52,4,0.0,7.5992
2213,2210,CA-2014-125556,20141114,20141116,521,1740,198,3,832.93,7,0.0,233.2204
2214,2211,CA-2014-125556,20141114,20141116,521,786,198,3,43.8,10,0.0,21.024
2215,2212,CA-2016-162313,20161127,20161130,776,462,75,1,167.292,6,0.1,29.7408
2216,2213,CA-2017-107874,20171121,20171125,726,264,266,4,27.42,1,0.0,11.2422
2217,2214,CA-2017-129378,20171001,20171002,576,731,536,1,1.44,1,0.2,0.504
2218,2215,CA-2017-129378,20171001,20171002,576,727,536,1,61.776,13,0.2,20.8494
2219,2216,CA-2017-129378,20171001,20171002,576,396,536,1,241.96,2,0.0,60.49
2220,2217,CA-2017-129378,20171001,20171002,576,59,536,1,108.608,4,0.2,9.5032
2221,2218,CA-2014-151953,20140920,20140925,197,591,345,4,2.816,2,0.2,0.9856
2222,2219,CA-2017-130841,20170728,20170801,513,654,533,4,9.984,4,0.2,3.6192
2223,2220,CA-2017-130841,20170728,20170801,513,1372,533,4,14.98,1,0.0,4.1944
2224,2221,CA-2017-130841,20170728,20170801,513,1772,533,4,1145.6,4,0.2,100.24
2225,2222,CA-2015-131884,20151206,20151206,217,1761,290,2,485.94,2,0.4,-89.089
2226,2223,CA-2015-131884,20151206,20151206,217,623,290,2,37.376,8,0.2,4.672
2227,2224,CA-2015-131884,20151206,20151206,217,134,290,2,70.686,1,0.3,-24.2352
2228,2225,CA-2017-121909,20170731,20170805,246,1253,305,4,54.816,3,0.2,17.8152
2229,2226,CA-2016-106383,20160319,20160321,113,17,564,3,72.294,1,0.7,-98.8018
2230,2227,CA-2017-130771,20170729,20170803,448,945,128,4,2.896,2,0.2,0.4706
2231,2228,CA-2017-130771,20170729,20170803,448,1804,128,4,124.792,1,0.2,15.599
2232,2229,CA-2016-139157,20161001,20161005,307,361,265,4,330.588,1,0.4,-115.7058
2233,2230,CA-2014-128055,20140331,20140405,1,833,534,4,673.568,2,0.2,252.588
2234,2231,CA-2014-128055,20140331,20140405,1,445,534,4,52.98,2,0.0,14.8344
2235,2232,CA-2017-157091,20170626,20170701,196,152,41,4,526.45,5,0.0,31.587
2236,2233,CA-2017-132122,20170709,20170714,370,1422,8,4,228.92,5,0.2,14.3075
2237,2234,CA-2015-123232,20151214,20151216,210,1738,598,3,319.968,4,0.2,35.9964
2238,2235,CA-2017-104066,20171205,20171210,616,1508,314,4,205.03,7,0.0,67.6599
2239,2236,CA-2015-145849,20150915,20150917,182,1311,40,3,190.86,2,0.0,11.4516
2240,2237,CA-2015-145849,20150915,20150917,182,505,40,3,24.32,8,0.0,8.2688
2241,2238,CA-2016-122322,20160715,20160721,644,1451,610,4,44.4,5,0.0,12.432
2242,2239,CA-2017-166849,20170420,20170426,695,309,8,4,44.4,2,0.6,-52.17
2243,2240,CA-2016-146633,20161115,20161117,748,788,503,3,1016.792,1,0.2,381.297
2244,2241,CA-2016-146633,20161115,20161117,748,772,503,3,38.136,7,0.2,13.3476
2245,2242,US-2016-126893,20161126,20161201,182,1866,305,4,494.982,3,0.4,-115.4958
2246,2243,CA-2017-103380,20171121,20171125,80,1414,515,4,56.56,2,0.0,15.2712
2247,2244,CA-2017-103380,20171121,20171125,80,612,515,4,5.56,2,0.0,1.4456
2248,2245,CA-2017-103380,20171121,20171125,80,952,515,4,9.02,2,0.0,3.5178
2249,2246,CA-2017-103380,20171121,20171125,80,418,515,4,8.62,1,0.0,2.2412
2250,2247,CA-2017-103380,20171121,20171125,80,1866,515,4,659.976,3,0.2,49.4982
2251,2248,CA-2015-116092,20150215,20150218,396,1280,498,3,13.36,2,0.0,6.4128
2252,2249,CA-2015-116092,20150215,20150218,396,712,498,3,41.72,5,0.2,13.0375
2253,2250,CA-2015-116092,20150215,20150218,396,669,498,3,11.52,5,0.2,4.176
2254,2251,CA-2015-116092,20150215,20150218,396,415,498,3,541.44,6,0.0,157.0176
2255,2252,CA-2015-116092,20150215,20150218,396,1065,498,3,19.44,3,0.0,9.3312
2256,2254,CA-2015-169201,20150928,20151001,323,400,533,1,43.26,3,0.0,14.2758
2257,2255,CA-2015-169201,20150928,20151001,323,425,533,1,43.56,2,0.0,15.246
2258,2256,CA-2016-164091,20160917,20160922,448,1778,210,4,437.85,3,0.0,131.355
2259,2257,CA-2016-164091,20160917,20160922,448,323,210,4,109.48,2,0.0,33.9388
2260,2258,CA-2017-105214,20170616,20170619,768,51,534,1,1212.96,7,0.2,90.972
2261,2259,CA-2017-105214,20170616,20170619,768,1143,534,1,18.54,2,0.0,8.7138
2262,2260,CA-2015-117611,20151108,20151110,551,935,529,3,5.0,1,0.0,2.4
2263,2261,CA-2015-117611,20151108,20151110,551,1541,529,3,371.97,3,0.0,66.9546
2264,2262,US-2015-137960,20151218,20151218,547,1547,266,2,166.24,1,0.0,24.936
2265,2263,CA-2017-122994,20170206,20170209,545,41,440,1,359.97,3,0.0,79.1934
2266,2264,CA-2016-131065,20161114,20161116,2,1602,372,3,499.98,2,0.0,114.9954
2267,2265,CA-2016-131065,20161114,20161116,2,1192,372,3,5.28,1,0.0,2.376
2268,2266,CA-2016-131065,20161114,20161116,2,858,372,3,8.26,2,0.0,3.8822
2269,2267,CA-2017-149146,20171012,20171012,701,1261,413,2,7.968,2,0.2,2.6892
2270,2268,CA-2017-137470,20170917,20170917,758,1167,629,2,12.96,2,0.0,6.3504
2271,2269,CA-2017-105480,20171220,20171226,216,1209,269,4,6.48,1,0.0,3.1104
2272,2270,CA-2017-105480,20171220,20171226,216,779,269,4,6.984,1,0.2,2.3571
2273,2271,CA-2017-164917,20171202,20171207,518,628,353,4,47.96,5,0.2,4.1965
2274,2272,CA-2015-102036,20150921,20150927,174,1407,628,4,199.74,6,0.0,47.9376
2275,2273,CA-2015-142944,20150306,20150311,389,154,534,4,435.26,7,0.0,95.7572
2276,2274,CA-2015-142944,20150306,20150311,389,1638,534,4,1119.984,2,0.2,377.9946
2277,2275,CA-2014-157882,20141003,20141008,47,344,501,3,143.432,1,0.2,3.5858
2278,2276,CA-2014-157882,20141003,20141008,47,98,501,3,122.352,3,0.2,13.7646
2279,2277,CA-2014-104283,20140627,20140701,466,1433,398,4,306.2,5,0.0,0.0
2280,2278,CA-2014-104283,20140627,20140701,466,332,398,4,85.98,1,0.0,22.3548
2281,2279,CA-2014-104283,20140627,20140701,466,1484,398,4,223.96,4,0.0,53.7504
2282,2280,CA-2017-142622,20171030,20171102,379,115,629,1,97.568,2,0.2,-6.098
2283,2281,CA-2017-142622,20171030,20171102,379,125,629,1,614.272,8,0.2,-23.0352
2284,2282,CA-2017-142622,20171030,20171102,379,46,629,1,199.98,2,0.0,37.9962
2285,2283,CA-2016-132143,20160903,20160905,287,1204,201,1,48.16,7,0.0,22.1536
2286,2284,CA-2015-153108,20150305,20150309,686,1759,46,4,23.92,2,0.0,6.6976
2287,2285,CA-2015-153108,20150305,20150309,686,429,46,4,60.69,7,0.0,16.3863
2288,2286,CA-2016-112676,20160505,20160508,595,1264,436,1,14.352,3,0.2,5.2026
2289,2287,CA-2017-165687,20171117,20171123,177,468,447,4,35.04,2,0.0,12.264
2290,2288,US-2017-112928,20170601,20170605,65,430,297,3,17.48,5,0.2,1.311
2291,2289,CA-2017-143343,20170610,20170613,120,562,500,1,16.4,5,0.0,4.756
2292,2290,CA-2017-115154,20170108,20170111,658,347,629,1,892.98,2,0.0,80.3682
2293,2291,CA-2015-149342,20150420,20150425,762,1760,373,4,287.97,3,0.0,77.7519
2294,2292,CA-2015-149342,20150420,20150425,762,245,373,4,595.38,6,0.0,297.69
2295,2293,CA-2015-149342,20150420,20150425,762,1104,373,4,12.96,2,0.0,6.2208
2296,2294,CA-2015-130995,20151101,20151106,616,1718,263,4,4.95,1,0.0,1.3365
2297,2295,CA-2017-127929,20171223,20171227,287,271,201,4,181.95,3,0.0,38.2095
2298,2296,CA-2015-113145,20151101,20151105,777,1200,264,4,13.52,4,0.0,6.2192
2299,2297,CA-2015-113145,20151101,20151105,777,173,264,4,259.7,5,0.0,106.477
2300,2298,CA-2015-113145,20151101,20151105,777,1755,264,4,42.95,1,0.0,1.2885
2301,2299,CA-2015-113145,20151101,20151105,777,1532,264,4,1399.93,7,0.0,601.9699
2302,2300,CA-2015-113145,20151101,20151105,777,1812,264,4,503.96,4,0.0,125.99
2303,2301,CA-2014-162362,20141114,20141118,387,674,76,4,12.72,3,0.0,6.36
2304,2302,CA-2014-162362,20141114,20141118,387,669,76,4,11.52,4,0.0,5.6448
2305,2303,CA-2016-106558,20160117,20160121,222,1513,373,4,316.0,4,0.0,31.6
2306,2304,CA-2017-157931,20170917,20170922,531,63,377,3,723.92,4,0.0,188.2192
2307,2305,CA-2017-157931,20170917,20170922,531,1063,377,3,106.32,3,0.0,49.9704
2308,2306,CA-2016-115574,20161223,20161224,102,33,9,1,141.372,2,0.3,-14.1372
2309,2307,CA-2015-160794,20150806,20150808,542,1275,154,1,27.216,3,0.2,9.8658
2310,2308,CA-2017-116225,20171105,20171109,724,1519,263,4,390.75,5,0.0,171.93
2311,2309,US-2017-120418,20170611,20170612,67,72,458,1,280.792,1,0.2,35.099
2312,2310,US-2017-120418,20170611,20170612,67,1391,458,1,68.448,4,0.2,7.7004
2313,2311,US-2017-120418,20170611,20170612,67,575,458,1,88.04,5,0.2,6.603
2314,2312,US-2017-120418,20170611,20170612,67,549,458,1,15.872,1,0.2,1.984
2315,2313,US-2017-120418,20170611,20170612,67,1377,458,1,215.592,3,0.2,-48.5082
2316,2314,CA-2017-122035,20170720,20170725,269,1014,123,4,14.62,2,0.0,6.8714
2317,2315,CA-2017-122035,20170720,20170725,269,426,123,4,416.32,2,0.0,112.4064
2318,2316,CA-2017-122035,20170720,20170725,269,665,123,4,43.0,5,0.0,20.21
2319,2317,CA-2017-122035,20170720,20170725,269,115,123,4,182.94,3,0.0,27.441
2320,2318,CA-2017-122035,20170720,20170725,269,736,123,4,60.83,7,0.0,30.415
2321,2319,CA-2017-122035,20170720,20170725,269,1576,123,4,389.97,3,0.0,132.5898
2322,2320,CA-2015-117828,20151223,20151226,69,419,446,1,194.32,4,0.0,56.3528
2323,2321,CA-2017-165491,20170320,20170324,334,1490,629,4,265.93,7,0.0,63.8232
2324,2322,CA-2015-109470,20151231,20160103,420,836,385,3,94.74,3,0.0,44.5278
2325,2323,CA-2015-109470,20151231,20160103,420,687,385,3,60.64,4,0.0,27.8944
2326,2324,CA-2015-109470,20151231,20160103,420,798,385,3,76.3,5,0.0,38.15
2327,2325,CA-2015-109470,20151231,20160103,420,683,385,3,364.8,12,0.0,167.808
2328,2326,CA-2015-105102,20150915,20150919,92,737,266,3,79.872,3,0.2,29.952
2329,2327,CA-2015-105102,20150915,20150919,92,49,266,3,46.384,1,0.2,1.1596
2330,2328,CA-2015-105102,20150915,20150919,92,1187,266,3,12.96,2,0.0,6.2208
2331,2329,CA-2017-138422,20170923,20170926,442,906,562,1,14.352,3,0.2,5.2026
2332,2330,US-2015-147739,20151225,20151229,353,185,306,4,547.136,4,0.2,-68.392
2333,2331,CA-2016-155187,20160924,20160926,448,1332,498,3,41.96,2,0.0,2.9372
2334,2332,CA-2016-155187,20160924,20160926,448,1060,498,3,41.7,5,0.0,20.85
2335,2333,CA-2017-169285,20170321,20170325,663,1270,42,4,277.4,5,0.0,133.152
2336,2334,CA-2017-169285,20170321,20170325,663,1308,42,4,5.78,1,0.0,2.8322
2337,2335,CA-2014-140886,20140930,20141004,447,400,427,4,69.216,6,0.2,11.2476
2338,2793,CA-2014-125514,20140921,20140922,93,1029,112,1,6.48,1,0.0,3.1104
2339,2336,CA-2017-152695,20171210,20171210,131,905,198,2,10.86,3,0.0,5.1042
2340,2337,CA-2017-152695,20171210,20171210,131,384,198,2,426.79,7,0.0,123.7691
2341,2338,CA-2014-110639,20140823,20140823,643,1262,263,2,25.92,4,0.0,12.4416
2342,2339,CA-2014-110639,20140823,20140823,643,1292,263,2,45.92,4,0.0,22.5008
2343,2340,CA-2014-121727,20140819,20140824,379,643,279,4,10.72,2,0.2,1.742
2344,2341,CA-2016-137736,20161110,20161115,201,646,380,4,41.86,7,0.0,10.465
2345,2342,US-2014-143231,20141231,20150103,305,229,223,1,63.2,5,0.0,23.384
2346,2343,US-2014-143231,20141231,20150103,305,1490,223,1,113.97,3,0.0,27.3528
2347,2344,US-2014-155894,20140726,20140730,152,1438,9,3,123.552,3,0.2,-29.3436
2348,2345,CA-2016-119025,20160222,20160228,613,409,190,4,490.32,9,0.0,137.2896
2349,2346,CA-2016-159373,20160313,20160318,478,1081,177,4,70.08,5,0.2,24.528
2350,2347,CA-2016-159373,20160313,20160318,478,820,177,4,1.272,2,0.8,-2.1624
2351,2348,CA-2016-159373,20160313,20160318,478,381,177,4,557.585,5,0.3,0.0
2352,2349,CA-2017-109701,20171202,20171203,41,822,500,2,9.024,6,0.2,3.1584
2353,2350,CA-2017-109701,20171202,20171203,41,672,500,2,69.456,2,0.2,22.5732
2354,2351,CA-2017-109701,20171202,20171203,41,1250,500,2,10.86,2,0.0,5.3214
2355,2352,CA-2017-109701,20171202,20171203,41,445,500,2,79.47,3,0.0,22.2516
2356,2353,CA-2017-109701,20171202,20171203,41,542,500,2,10.08,6,0.0,5.04
2357,2354,CA-2015-111514,20150831,20150902,672,22,534,1,1552.831,7,0.15,200.9546
2358,2355,CA-2015-111514,20150831,20150902,672,757,534,1,137.24,5,0.2,46.3185
2359,2356,CA-2015-111514,20150831,20150902,672,1624,534,1,36.51,1,0.0,15.6993
2360,2357,CA-2015-111514,20150831,20150902,672,1649,534,1,239.976,3,0.2,80.9919
2361,2358,US-2014-148838,20140317,20140321,166,364,265,4,1579.746,7,0.4,-447.5947
2362,2359,US-2014-148838,20140317,20140321,166,347,265,4,1071.576,4,0.4,-553.6476
2363,2360,US-2014-148838,20140317,20140321,166,374,265,4,613.908,3,0.4,-122.7816
2364,2361,US-2014-148838,20140317,20140321,166,1214,265,4,34.86,7,0.0,16.3842
2365,2362,US-2014-148838,20140317,20140321,166,1095,265,4,155.04,4,0.0,75.9696
2366,2363,CA-2017-136497,20170416,20170420,642,708,279,4,13.71,5,0.7,-10.054
2367,2364,US-2016-108637,20160313,20160318,6,320,451,4,127.88,2,0.0,40.9216
2368,2365,US-2016-108637,20160313,20160318,6,476,451,4,160.32,2,0.0,44.8896
2369,2366,US-2016-108637,20160313,20160318,6,856,451,4,46.0,4,0.0,20.7
2370,2367,CA-2014-102295,20141124,20141126,260,76,525,3,120.712,1,0.2,-18.1068
2371,2368,CA-2017-123659,20170210,20170213,529,1191,213,1,23.12,4,0.0,11.3288
2372,2369,US-2016-129469,20160923,20160927,434,223,283,4,532.704,6,0.2,-26.6352
2373,2370,US-2016-129469,20160923,20160927,434,489,283,4,4.912,2,0.2,0.307
2374,2371,CA-2017-155152,20170707,20170709,534,1606,312,3,252.0,4,0.0,93.24
2375,2372,CA-2016-159940,20160707,20160711,81,326,2,3,60.288,8,0.6,-27.1296
2376,2373,CA-2016-159940,20160707,20160711,81,926,2,3,2.632,1,0.2,0.8225
2377,2374,CA-2016-159940,20160707,20160711,81,1131,2,3,23.688,9,0.2,7.6986
2378,2375,CA-2016-159940,20160707,20160711,81,63,2,3,253.372,2,0.3,-14.4784
2379,2376,CA-2017-119669,20170124,20170130,757,914,379,4,5.67,3,0.0,0.1134
2380,2377,US-2014-164616,20140819,20140821,540,718,279,3,76.776,4,0.7,-58.8616
2381,2378,US-2014-164616,20140819,20140821,540,1479,279,3,9.184,2,0.2,1.148
2382,2379,CA-2015-148628,20151206,20151211,437,1258,546,4,32.75,5,0.0,15.065
2383,2380,CA-2016-118052,20160506,20160510,78,952,289,4,7.216,2,0.2,1.7138
2384,2381,CA-2016-118052,20160506,20160510,78,1196,289,4,49.568,2,0.2,15.49
2385,2382,CA-2016-118052,20160506,20160510,78,317,289,4,54.712,7,0.2,11.6263
2386,2383,US-2017-117534,20170325,20170326,183,433,485,1,176.04,4,0.0,45.7704
2387,2384,US-2017-117534,20170325,20170326,183,579,485,1,16.02,9,0.0,4.4856
2388,2385,US-2017-117534,20170325,20170326,183,732,485,1,185.92,4,0.2,62.748
2389,2386,US-2017-117534,20170325,20170326,183,1710,485,1,211.168,4,0.2,15.8376
2390,2387,US-2017-117534,20170325,20170326,183,1629,485,1,479.984,2,0.2,59.998
2391,2388,CA-2015-145065,20151212,20151215,217,929,531,1,7.86,2,0.0,3.6156
2392,2389,CA-2015-145065,20151212,20151215,217,751,531,1,24.448,2,0.2,8.8624
2393,2390,US-2015-127040,20151206,20151210,690,1279,263,4,6.48,1,0.0,3.1104
2394,2391,US-2015-127040,20151206,20151210,690,1105,263,4,41.86,7,0.0,20.5114
2395,2392,US-2015-127040,20151206,20151210,690,1563,263,4,1619.91,9,0.0,97.1946
2396,2393,US-2015-127040,20151206,20151210,690,242,263,4,113.92,4,0.0,42.1504
2397,2394,CA-2016-128111,20160317,20160323,177,498,228,4,39.68,2,0.0,10.3168
2398,2395,CA-2015-137897,20151114,20151119,595,1546,266,4,37.6,2,0.0,2.256
2399,2396,CA-2015-137897,20151114,20151119,595,1515,266,4,59.9,2,0.0,23.96
2400,2397,CA-2015-137897,20151114,20151119,595,1269,266,4,37.0,5,0.0,16.65
2401,2398,CA-2017-169264,20170814,20170816,574,980,532,3,5.76,2,0.0,2.8224
2402,2399,CA-2017-169264,20170814,20170816,574,487,532,3,16.68,6,0.0,4.3368
2403,2400,CA-2017-147361,20170909,20170915,667,1377,419,4,628.81,7,0.0,12.5762
2404,2401,CA-2017-147361,20170909,20170915,667,1384,419,4,56.45,5,0.0,14.677
2405,2402,CA-2017-145877,20170401,20170404,53,1333,108,3,94.2,6,0.0,23.55
2406,2403,CA-2017-145877,20170401,20170404,53,879,108,3,28.4,5,0.0,13.348
2407,2404,US-2016-110170,20160927,20161003,329,6,157,4,956.6648,7,0.32,-225.0976
2408,2405,CA-2017-108574,20171007,20171011,508,1541,502,4,1115.91,9,0.0,200.8638
2409,2406,CA-2017-108574,20171007,20171011,508,1844,502,4,128.744,7,0.2,-28.9674
2410,2407,CA-2017-108574,20171007,20171011,508,1732,502,4,79.92,10,0.2,26.973
2411,2408,CA-2017-144589,20170120,20170125,754,600,534,4,24.2,5,0.0,7.986
2412,2409,CA-2017-144589,20170120,20170125,754,1829,534,4,359.976,3,0.2,130.4913
2413,2410,CA-2017-155985,20170323,20170325,76,169,534,1,211.84,8,0.0,76.2624
2414,2411,CA-2014-162684,20140801,20140806,58,927,304,4,5.68,2,0.2,1.917
2415,2412,CA-2015-142041,20150607,20150609,268,822,501,3,7.52,5,0.2,2.632
2416,2413,CA-2014-151295,20141112,20141116,340,1158,502,4,11.96,2,0.0,5.8604
2417,2414,CA-2014-151295,20141112,20141116,340,350,502,4,629.064,3,0.2,31.4532
2418,2415,CA-2016-156300,20161229,20170102,740,76,190,4,754.45,5,0.0,60.356
2419,2416,CA-2015-146087,20150706,20150711,607,25,224,4,301.96,2,0.0,60.392
2420,2417,CA-2017-168655,20171012,20171018,523,1567,587,4,595.0,5,0.0,95.2
2421,2418,CA-2017-168655,20171012,20171018,523,737,587,4,79.872,3,0.2,29.952
2422,2419,CA-2016-107202,20160521,20160528,453,1645,586,4,2396.4,10,0.2,179.73
2423,2420,CA-2017-159597,20171109,20171114,490,1386,475,4,63.56,2,0.0,3.178
2424,2421,CA-2017-159597,20171109,20171114,490,1603,475,4,99.99,1,0.0,43.9956
2425,2422,CA-2016-155551,20160418,20160423,167,1421,14,4,230.376,3,0.2,-48.9549
2426,2423,CA-2016-155551,20160418,20160423,167,1127,14,4,9.664,2,0.2,3.2616
2427,2424,US-2017-147669,20171225,20171230,724,1557,283,4,158.928,7,0.2,41.7186
2428,2425,US-2017-147669,20171225,20171230,724,672,283,4,13.023,1,0.7,-10.4184
2429,2426,US-2017-147669,20171225,20171230,724,355,283,4,273.06,2,0.4,-104.673
2430,2427,US-2017-147669,20171225,20171230,724,941,283,4,39.312,13,0.2,12.7764
2431,2428,CA-2016-169922,20160611,20160617,552,804,127,4,1.344,4,0.8,-2.1504
2432,2429,CA-2016-169922,20160611,20160617,552,711,127,4,8.272,4,0.8,-13.6488
2433,2430,CA-2016-169922,20160611,20160617,552,305,127,4,12.544,7,0.6,-9.0944
2434,2431,CA-2017-100748,20170513,20170520,628,960,533,4,58.48,8,0.0,27.4856
2435,2432,CA-2017-129805,20171228,20180102,329,207,627,4,7.4,2,0.0,3.034
2436,2433,CA-2014-148586,20140325,20140401,64,94,263,4,366.786,7,0.1,65.2064
2437,2434,US-2017-112613,20170528,20170601,371,1758,155,4,54.368,4,0.2,4.0776
2438,2435,CA-2015-154746,20151114,20151117,595,875,448,1,33.96,2,0.0,16.98
2439,2436,CA-2015-154746,20151114,20151117,595,452,448,1,826.11,3,0.0,322.1829
2440,2437,CA-2017-140053,20170703,20170710,123,271,590,4,545.85,9,0.0,114.6285
2441,2438,CA-2014-164210,20141118,20141120,615,331,566,3,145.98,2,0.5,-99.2664
2442,2439,CA-2014-164210,20141118,20141120,615,1183,566,3,35.808,4,0.2,12.5328
2443,2440,CA-2017-139948,20170717,20170722,728,235,369,4,7.904,2,0.2,2.1736
2444,2441,CA-2016-146934,20160522,20160527,17,1880,248,4,345.0,5,0.0,86.25
2445,2442,CA-2016-146934,20160522,20160527,17,367,248,4,174.286,2,0.3,-19.9184
2446,2443,CA-2016-146934,20160522,20160527,17,454,248,4,662.84,4,0.0,172.3384
2447,2444,CA-2016-146934,20160522,20160527,17,1555,248,4,95.1,5,0.0,30.432
2448,2445,CA-2016-146934,20160522,20160527,17,888,248,4,26.88,6,0.0,12.9024
2449,2446,CA-2016-146934,20160522,20160527,17,1747,248,4,257.98,2,0.0,74.8142
2450,2447,CA-2015-100573,20150925,20151001,42,861,498,4,17.48,2,0.0,8.2156
2451,2448,CA-2016-119165,20161031,20161106,68,66,307,4,492.835,5,0.3,-14.081
2452,2449,CA-2015-128027,20150914,20150917,161,1377,421,3,269.49,3,0.0,5.3898
2453,2450,CA-2016-140207,20161105,20161110,178,808,536,4,29.12,5,0.2,9.828
2454,2451,CA-2017-140949,20170317,20170322,196,957,264,3,18.75,5,0.0,9.0
2455,2452,CA-2017-140949,20170317,20170322,196,1712,264,3,119.7,6,0.0,31.122
2456,2453,CA-2017-140949,20170317,20170322,196,671,264,3,9.144,3,0.2,3.0861
2457,2454,CA-2017-140949,20170317,20170322,196,1555,264,3,57.06,3,0.0,18.2592
2458,2455,CA-2017-140949,20170317,20170322,196,1574,264,3,71.6,8,0.0,13.604
2459,2456,CA-2017-140949,20170317,20170322,196,1321,264,3,107.44,8,0.0,27.9344
2460,2457,CA-2017-140949,20170317,20170322,196,1014,264,3,7.31,1,0.0,3.4357
2461,2458,CA-2017-140949,20170317,20170322,196,537,264,3,59.1,6,0.0,22.458
2462,2459,CA-2017-140949,20170317,20170322,196,1415,264,3,46.53,3,0.0,12.0978
2463,2460,CA-2017-138548,20170815,20170821,366,440,251,4,97.84,2,0.0,25.4384
2464,2461,CA-2015-142419,20150711,20150713,674,1142,629,3,29.97,3,0.0,13.4865
2465,2462,CA-2015-142419,20150711,20150713,674,710,629,3,98.352,3,0.2,34.4232
2466,2463,CA-2017-148691,20171203,20171209,179,705,263,4,83.92,5,0.2,29.372
2467,2464,CA-2017-148691,20171203,20171209,179,708,263,4,14.624,2,0.2,5.1184
2468,2465,CA-2017-148691,20171203,20171209,179,1728,263,4,136.99,1,0.0,36.9873
2469,2466,CA-2017-148691,20171203,20171209,179,976,263,4,3.15,1,0.0,1.512
2470,2467,CA-2017-128755,20170504,20170508,519,1086,445,4,9.11,1,0.0,4.0995
2471,2468,CA-2017-128755,20170504,20170508,519,1411,445,4,571.44,4,0.0,165.7176
2472,2469,CA-2017-128755,20170504,20170508,519,1309,445,4,32.4,5,0.0,15.552
2473,2470,CA-2017-128755,20170504,20170508,519,1356,445,4,16.91,1,0.0,4.5657
2474,2471,US-2016-135923,20160122,20160128,156,215,406,4,14.272,8,0.2,4.2816
2475,2472,US-2016-135923,20160122,20160128,156,20,406,4,451.136,4,0.2,-67.6704
2476,2473,US-2016-135923,20160122,20160128,156,399,406,4,64.864,4,0.2,6.4864
2477,2474,CA-2016-114972,20161103,20161106,591,69,500,1,217.584,2,0.2,-29.9178
2478,2475,CA-2016-114972,20161103,20161106,591,1498,500,1,82.95,5,0.0,29.0325
2479,2476,CA-2016-114972,20161103,20161106,591,1022,500,1,87.71,7,0.0,41.2237
2480,2477,CA-2016-114972,20161103,20161106,591,452,500,1,1101.48,4,0.0,429.5772
2481,2478,CA-2017-102750,20170904,20170908,308,327,501,3,1322.352,3,0.2,-99.1764
2482,2479,CA-2014-145212,20140913,20140919,200,573,264,4,5.46,3,0.0,1.4742
2483,2480,CA-2017-141992,20170619,20170625,290,1464,142,4,11.184,1,0.2,0.8388
2484,2481,CA-2017-141992,20170619,20170625,290,1421,142,4,153.584,2,0.2,-32.6366
2485,2482,CA-2017-147956,20171224,20171231,32,1350,628,4,1003.62,6,0.0,0.0
2486,2483,CA-2017-126067,20170828,20170903,442,1735,628,4,35.168,4,0.2,11.4296
2487,2484,CA-2017-126067,20170828,20170903,442,329,628,4,1137.75,5,0.0,250.305
2488,2485,CA-2017-126067,20170828,20170903,442,715,628,4,99.68,5,0.2,32.396
2489,2486,CA-2017-126067,20170828,20170903,442,612,628,4,5.56,2,0.0,1.4456
2490,2487,CA-2015-104514,20150102,20150104,128,1378,207,3,85.52,2,0.0,22.2352
2491,2488,CA-2015-104514,20150102,20150104,128,531,207,3,9.84,3,0.0,2.6568
2492,2489,CA-2015-104514,20150102,20150104,128,1280,207,3,20.04,3,0.0,9.6192
2493,2490,CA-2015-141040,20151009,20151013,735,1774,265,3,631.96,4,0.0,303.3408
2494,2491,CA-2015-141040,20151009,20151013,735,1179,265,3,23.92,4,0.0,10.764
2495,2492,CA-2014-113579,20141213,20141215,424,1120,503,3,90.24,6,0.0,41.5104
2496,2493,CA-2014-144624,20141119,20141123,395,1824,258,4,4548.81,7,0.0,1228.1787
2497,2494,CA-2016-146206,20160910,20160914,445,370,156,3,300.93,5,0.3,-34.392
2498,2495,CA-2016-146206,20160910,20160914,445,1734,156,3,719.96,5,0.2,53.997
2499,2496,CA-2014-136644,20140616,20140622,676,53,44,4,647.84,8,0.0,32.392
2500,2497,CA-2015-122371,20150926,20151001,110,1391,530,4,64.17,3,0.0,18.6093
2501,2498,CA-2015-122371,20150926,20151001,110,860,530,4,124.46,2,0.0,58.4962
2502,2499,CA-2016-126935,20160519,20160524,112,852,532,4,9.584,1,0.2,3.3544
2503,2500,US-2017-133781,20170622,20170623,200,910,352,1,37.608,3,0.2,12.6927
2504,2501,CA-2017-131618,20170617,20170620,474,1155,32,1,12.224,2,0.2,4.4312
2505,2502,CA-2017-131618,20170617,20170620,474,669,32,1,2.304,4,0.8,-3.5712
2506,2503,CA-2017-131618,20170617,20170620,474,700,32,1,9.36,4,0.8,-16.38
2507,2504,CA-2016-149482,20161114,20161119,656,961,533,4,7.38,2,0.0,3.4686
2508,2505,CA-2014-143917,20140725,20140727,435,1353,534,3,53.72,4,0.0,15.0416
2509,2506,CA-2014-143917,20140725,20140727,435,1444,534,3,8187.65,5,0.0,327.506
2510,2507,CA-2014-143917,20140725,20140727,435,304,534,3,77.92,8,0.0,34.2848
2511,2508,CA-2015-120397,20150702,20150702,623,412,155,2,32.784,4,0.8,-85.2384
2512,2509,CA-2017-163902,20170302,20170308,549,1731,502,4,196.776,3,0.2,14.7582
2513,2510,CA-2017-163902,20170302,20170308,549,1497,502,4,479.94,6,0.0,52.7934
2514,2511,CA-2016-136812,20161118,20161123,62,1416,119,4,1117.92,4,0.0,55.896
2515,2512,CA-2015-102722,20150418,20150419,447,1577,394,1,106.5,6,0.0,41.535
2516,2513,CA-2017-155089,20171202,20171206,189,749,369,4,45.66,5,0.7,-33.484
2517,2514,CA-2016-124506,20161111,20161117,66,1582,9,4,95.968,4,0.2,1.1996
2518,2515,CA-2016-124506,20161111,20161117,66,128,9,4,47.992,2,0.3,-2.0568
2519,2516,CA-2014-106572,20140905,20140910,574,1327,276,4,264.32,2,0.2,19.824
2520,2517,CA-2014-128888,20141115,20141122,584,890,156,4,604.656,9,0.2,204.0714
2521,2518,CA-2017-123134,20170502,20170507,243,284,253,4,129.93,3,0.0,12.993
2522,2519,CA-2016-124352,20161015,20161021,142,1023,119,4,20.16,7,0.0,9.8784
2523,2520,CA-2016-124352,20161015,20161021,142,1001,119,4,29.46,6,0.0,14.4354
2524,2521,CA-2016-124352,20161015,20161021,142,441,119,4,868.59,3,0.0,251.8911
2525,2522,CA-2016-124352,20161015,20161021,142,1229,119,4,12.96,2,0.0,6.2208
2526,2523,CA-2016-124352,20161015,20161021,142,1840,119,4,5.5,1,0.0,1.375
2527,2524,CA-2016-124352,20161015,20161021,142,683,119,4,121.6,4,0.0,55.936
2528,2525,CA-2015-124541,20150406,20150410,771,623,154,4,42.048,9,0.2,5.256
2529,2526,CA-2015-124541,20150406,20150410,771,1558,154,4,25.488,2,0.2,4.4604
2530,2527,CA-2015-124541,20150406,20150410,771,856,154,4,6.9,3,0.8,-12.075
2531,2528,CA-2015-124541,20150406,20150410,771,823,154,4,9.648,6,0.8,-16.884
2532,2529,CA-2015-124541,20150406,20150410,771,1125,154,4,7.968,2,0.2,2.8884
2533,2530,CA-2014-108707,20141024,20141029,189,1089,341,4,10.368,2,0.2,3.6288
2534,2531,CA-2014-111500,20140817,20140821,209,1078,328,4,114.2,5,0.0,52.532
2535,2532,CA-2014-111500,20140817,20140821,209,678,328,4,17.96,4,0.0,8.2616
2536,2533,CA-2014-111500,20140817,20140821,209,936,328,4,12.67,7,0.0,4.5612
2537,2534,CA-2014-111500,20140817,20140821,209,1501,328,4,339.96,4,0.0,122.3856
2538,2535,US-2017-117723,20170815,20170818,222,1435,304,3,1801.632,6,0.2,-337.806
2539,2536,CA-2015-143238,20150906,20150908,467,1588,490,1,46.32,4,0.0,18.0648
2540,2537,CA-2015-168746,20150127,20150129,721,58,278,3,181.986,2,0.3,-54.5958
2541,2538,CA-2015-168746,20150127,20150129,721,1734,278,3,431.976,4,0.4,-100.7944
2542,2539,CA-2015-168746,20150127,20150129,721,1807,278,3,155.37,1,0.4,-36.253
2543,2540,CA-2015-113404,20150716,20150716,268,106,534,2,1348.704,6,0.2,-219.1644
2544,2541,CA-2015-113404,20150716,20150716,268,122,534,2,700.152,3,0.2,78.7671
2545,2542,CA-2016-144792,20160430,20160504,426,239,460,4,111.888,7,0.2,22.3776
2546,2543,CA-2014-164385,20140926,20141001,553,427,305,3,143.952,3,0.2,14.3952
2547,2544,US-2016-114174,20160908,20160914,44,34,228,4,173.94,3,0.0,13.9152
2548,2545,US-2016-114174,20160908,20160914,44,961,228,4,14.76,4,0.0,6.9372
2549,2546,CA-2017-108070,20170416,20170420,357,1438,536,4,205.92,4,0.0,2.0592
2550,2547,CA-2017-108070,20170416,20170420,357,7,536,4,102.833,1,0.15,-6.049
2551,2548,US-2015-128090,20150816,20150822,395,558,459,4,2.304,1,0.2,0.2592
2552,2549,US-2015-128090,20150816,20150822,395,1813,459,4,1879.96,5,0.2,211.4955
2553,2550,US-2015-128090,20150816,20150822,395,1154,459,4,313.024,8,0.2,105.6456
2554,2551,US-2015-128090,20150816,20150822,395,967,459,4,5.04,2,0.2,1.764
2555,2552,CA-2017-101042,20171119,20171123,7,311,385,4,821.88,6,0.0,213.6888
2556,2553,CA-2017-101042,20171119,20171123,7,651,385,4,21.96,2,0.0,10.7604
2557,2554,CA-2016-155439,20160914,20160918,602,1029,418,4,25.92,4,0.0,12.4416
2558,2555,CA-2016-118626,20160815,20160820,347,1719,367,4,705.544,7,0.2,70.5544
2559,2556,CA-2015-111458,20150926,20150930,590,1526,266,4,50.0,2,0.0,12.0
2560,2557,US-2016-126844,20161008,20161014,119,322,155,4,51.712,8,0.6,-32.32
2561,2558,US-2015-112508,20150324,20150330,102,430,337,4,6.992,2,0.2,0.5244
2562,2559,CA-2015-147788,20150531,20150604,754,43,608,4,1406.86,7,0.0,140.686
2563,2560,CA-2015-147788,20150531,20150604,754,1009,608,4,15.75,5,0.0,7.56
2564,2561,CA-2015-147788,20150531,20150604,754,1313,608,4,323.1,2,0.0,61.389
2565,2562,CA-2015-144288,20151225,20151231,485,1000,437,4,9.216,4,0.2,3.3408
2566,2563,CA-2015-144288,20151225,20151231,485,1209,437,4,10.368,2,0.2,3.6288
2567,2564,CA-2015-110632,20150317,20150322,333,1491,263,3,15.02,1,0.0,2.7036
2568,2565,CA-2015-110632,20150317,20150322,333,1356,263,3,33.82,2,0.0,9.1314
2569,2566,CA-2017-109589,20171221,20171224,73,1577,382,1,71.0,4,0.0,27.69
2570,2567,CA-2017-123967,20171101,20171103,686,701,615,3,25.12,5,0.2,7.85
2571,2568,CA-2017-123967,20171101,20171103,686,369,615,3,2665.62,9,0.0,239.9058
2572,2569,CA-2017-148929,20170907,20170911,708,1410,264,4,478.08,8,0.0,133.8624
2573,2570,CA-2017-134404,20171227,20171227,234,1728,294,2,164.388,2,0.4,-35.6174
2574,2571,CA-2017-134404,20171227,20171227,234,629,294,2,13.248,4,0.2,3.6432
2575,2572,CA-2017-109778,20170716,20170721,781,607,35,4,2.912,2,0.2,0.91
2576,2573,CA-2016-155845,20160812,20160815,160,1602,134,3,1399.944,7,0.2,52.4979
2577,2574,CA-2017-145128,20170709,20170714,701,152,42,4,526.45,5,0.0,31.587
2578,2575,CA-2014-129091,20141122,20141127,618,913,373,4,16.23,3,0.0,7.9527
2579,2576,CA-2014-129091,20141122,20141127,618,686,373,4,319.9,5,0.0,156.751
2580,2577,CA-2014-129091,20141122,20141127,618,879,373,4,11.36,2,0.0,5.3392
2581,2578,CA-2014-129091,20141122,20141127,618,444,373,4,675.12,3,0.0,290.3016
2582,2579,US-2014-155502,20140126,20140131,683,308,439,4,62.82,3,0.0,30.7818
2583,2580,US-2014-155502,20140126,20140131,683,1433,439,4,489.92,8,0.0,0.0
2584,2581,US-2014-155502,20140126,20140131,683,1224,439,4,19.44,3,0.0,9.3312
2585,2582,US-2014-155502,20140126,20140131,683,1060,439,4,16.68,2,0.0,8.34
2586,2583,US-2014-155502,20140126,20140131,683,1885,439,4,155.35,13,0.0,0.0
2587,2584,US-2014-155502,20140126,20140131,683,199,439,4,12.42,3,0.0,4.4712
2588,2585,US-2014-155502,20140126,20140131,683,1784,439,4,187.98,2,0.0,52.6344
2589,2586,CA-2015-121041,20151103,20151110,176,867,151,4,6.608,2,0.2,2.1476
2590,2587,CA-2017-131695,20170630,20170706,617,1364,265,4,248.57,7,0.0,67.1139
2591,2588,CA-2017-131695,20170630,20170706,617,213,265,4,22.23,1,0.0,9.7812
2592,2589,CA-2016-137729,20160505,20160509,80,1367,498,4,5.98,1,0.0,1.0166
2593,2590,CA-2016-137729,20160505,20160509,80,1750,498,4,246.168,3,0.2,21.5397
2594,2591,US-2016-115455,20160908,20160914,684,313,34,4,14.136,2,0.6,-7.7748
2595,2592,US-2016-115455,20160908,20160914,684,365,34,4,601.47,3,0.5,-300.735
2596,2593,CA-2017-128300,20171124,20171126,659,1819,423,3,79.1,2,0.0,39.55
2597,2594,CA-2017-128300,20171124,20171126,659,710,423,3,327.84,8,0.0,157.3632
2598,2595,CA-2017-149048,20170513,20170517,93,898,37,4,180.96,2,0.0,81.432
2599,2596,CA-2017-149048,20170513,20170517,93,844,37,4,914.97,3,0.0,411.7365
2600,2597,CA-2017-149048,20170513,20170517,93,1795,37,4,587.97,3,0.0,158.7519
2601,2598,CA-2017-149048,20170513,20170517,93,1315,37,4,530.34,2,0.0,95.4612
2602,2599,CA-2017-149048,20170513,20170517,93,1141,37,4,14.94,3,0.0,7.3206
2603,2600,CA-2017-108553,20170423,20170429,698,384,265,4,121.94,2,0.0,35.3626
2604,2601,CA-2017-108553,20170423,20170429,698,1465,265,4,122.71,7,0.0,36.813
2605,2602,CA-2016-165848,20160604,20160604,275,1056,266,2,14.94,3,0.0,7.0218
2606,2603,CA-2016-165848,20160604,20160604,275,1688,266,2,1349.85,3,0.0,364.4595
2607,2604,CA-2016-165848,20160604,20160604,275,3,266,2,136.784,1,0.2,5.1294
2608,2605,CA-2016-165848,20160604,20160604,275,281,266,2,61.12,4,0.0,20.7808
2609,2606,CA-2014-112718,20141216,20141221,441,670,345,4,1.167,1,0.7,-0.8558
2610,2607,CA-2016-154053,20160304,20160310,507,604,529,4,16.99,1,0.0,4.9271
2611,2608,CA-2014-127446,20141125,20141130,490,1528,127,4,24.672,3,0.2,0.0
2612,2609,CA-2014-127446,20141125,20141130,490,976,127,4,2.52,1,0.2,0.882
2613,2610,CA-2014-127446,20141125,20141130,490,328,127,4,1218.735,5,0.3,-121.8735
2614,2611,CA-2014-127446,20141125,20141130,490,961,127,4,5.904,2,0.2,1.9926
2615,2612,CA-2014-127446,20141125,20141130,490,1096,127,4,15.696,3,0.2,5.1012
2616,2613,CA-2014-127446,20141125,20141130,490,147,127,4,6.096,3,0.6,-3.9624
2617,2614,CA-2016-137204,20160428,20160505,97,88,502,4,41.568,2,0.2,2.598
2618,2615,CA-2014-147298,20140426,20140503,20,136,503,4,230.28,3,0.2,23.028
2619,2616,CA-2014-147298,20140426,20140503,20,706,503,4,18.288,6,0.2,5.715
2620,2617,CA-2017-147942,20170401,20170405,537,1006,533,4,5.78,2,0.0,2.7166
2621,2618,CA-2017-147942,20170401,20170405,537,700,533,4,121.68,13,0.2,38.025
2622,2619,CA-2017-115931,20171222,20171226,394,490,588,4,4.17,3,0.0,1.0842
2623,2620,CA-2017-115931,20171222,20171226,394,1745,588,4,67.04,4,0.2,6.704
2624,2621,CA-2017-115931,20171222,20171226,394,1341,588,4,37.32,3,0.0,10.4496
2625,2622,CA-2017-115931,20171222,20171226,394,977,588,4,18.45,5,0.0,8.6715
2626,2623,CA-2014-164861,20141203,20141206,492,1164,106,3,25.92,4,0.0,12.4416
2627,2624,CA-2017-127180,20171022,20171024,731,1641,265,1,11199.968,4,0.2,3919.9888
2628,2625,CA-2017-127180,20171022,20171024,731,1754,265,1,2399.6,8,0.0,647.892
2629,2626,CA-2017-127180,20171022,20171024,731,882,265,1,63.9,5,0.0,28.755
2630,2627,CA-2017-127180,20171022,20171024,731,1851,265,1,52.99,1,0.0,0.5299
2631,2628,US-2017-165344,20171113,20171115,667,1555,296,1,60.864,4,0.2,9.1296
2632,2629,US-2017-165344,20171113,20171115,667,1669,296,1,652.995,7,0.7,-935.9595
2633,2630,US-2017-165344,20171113,20171115,667,777,296,1,11.22,10,0.7,-7.48
2634,2631,CA-2015-168186,20150910,20150915,8,1064,120,4,14.94,3,0.0,7.0218
2635,2632,US-2017-110604,20170515,20170520,360,142,627,4,39.96,2,0.0,17.1828
2636,2633,US-2017-110604,20170515,20170520,360,82,627,4,42.624,2,0.2,4.2624
2637,2634,US-2017-110604,20170515,20170520,360,124,627,4,220.96,1,0.2,24.858
2638,2635,CA-2015-116750,20150705,20150710,79,278,406,3,4.928,2,0.2,0.7392
2639,2636,CA-2015-116750,20150705,20150710,79,849,406,3,7.23,5,0.7,-5.784
2640,2637,CA-2015-162369,20150815,20150819,772,1313,502,4,323.1,2,0.0,61.389
2641,2638,CA-2017-108441,20170612,20170618,665,1085,266,4,19.04,4,0.0,9.3296
2642,2639,CA-2017-108441,20170612,20170618,665,680,266,4,13.128,3,0.2,4.2666
2643,2640,CA-2017-108441,20170612,20170618,665,637,266,4,64.14,3,0.0,16.6764
2644,2641,CA-2017-108441,20170612,20170618,665,60,266,4,858.24,4,0.1,143.04
2645,2642,CA-2015-169740,20150220,20150225,466,1505,326,4,29.99,1,0.0,2.999
2646,2643,CA-2016-124051,20161229,20161230,414,1113,2,1,186.048,6,0.2,67.4424
2647,2644,CA-2016-149111,20160417,20160421,83,1830,414,3,36.792,1,0.2,4.1391
2648,2645,CA-2016-149111,20160417,20160421,83,146,414,3,18.624,8,0.2,6.2856
2649,2646,CA-2014-131002,20140907,20140912,738,302,120,3,57.69,3,0.0,23.6529
2650,2647,CA-2014-131002,20140907,20140912,738,681,120,3,42.81,3,0.0,20.1207
2651,2648,CA-2014-131002,20140907,20140912,738,1044,120,3,12.96,2,0.0,6.2208
2652,2649,CA-2014-131002,20140907,20140912,738,311,120,3,821.88,6,0.0,213.6888
2653,2650,CA-2014-131002,20140907,20140912,738,1716,120,3,104.85,3,0.0,28.3095
2654,2651,US-2016-146794,20160926,20161001,692,46,486,4,424.9575,5,0.15,19.998
2655,2652,CA-2017-112515,20170917,20170921,55,678,610,3,10.776,3,0.2,3.5022
2656,2653,CA-2017-112515,20170917,20170921,55,800,610,3,11.784,3,0.2,4.2717
2657,2654,CA-2017-112515,20170917,20170921,55,1032,610,3,164.88,3,0.0,80.7912
2658,2655,CA-2017-112515,20170917,20170921,55,31,610,3,1292.94,3,0.0,77.5764
2659,2656,CA-2017-112515,20170917,20170921,55,826,610,3,25.584,2,0.2,8.9544
2660,2657,CA-2017-112515,20170917,20170921,55,1355,610,3,261.74,2,0.0,65.435
2661,2658,CA-2017-112515,20170917,20170921,55,974,610,3,14.4,5,0.0,7.056
2662,2659,CA-2016-150343,20160816,20160820,598,905,533,4,10.86,3,0.0,5.1042
2663,2660,CA-2015-135538,20151224,20151228,333,124,455,4,883.84,4,0.2,99.432
2664,2661,CA-2017-123372,20171128,20171202,205,1822,266,4,1979.89,11,0.0,494.9725
2665,2662,CA-2017-123372,20171128,20171202,205,892,266,4,79.96,2,0.0,35.982
2666,2663,CA-2017-159604,20170414,20170415,154,786,108,1,8.76,2,0.0,4.2048
2667,2664,CA-2016-164784,20160501,20160504,321,979,435,1,3.984,1,0.2,1.2948
2668,2665,CA-2016-164784,20160501,20160504,321,378,435,1,370.62,3,0.4,-142.071
2669,2666,CA-2016-164784,20160501,20160504,321,770,435,1,2.742,2,0.7,-2.0108
2670,2667,CA-2016-111794,20161001,20161001,324,1595,126,2,79.512,3,0.2,20.8719
2671,2668,CA-2016-111794,20161001,20161001,324,1063,126,2,28.352,1,0.2,9.5688
2672,2669,US-2015-139759,20150825,20150830,568,98,502,4,40.784,1,0.2,4.5882
2673,2670,US-2015-139759,20150825,20150830,568,445,502,4,105.96,4,0.0,29.6688
2674,2671,CA-2014-126403,20140909,20140912,657,1102,227,3,166.44,3,0.0,79.8912
2675,2672,CA-2014-126403,20140909,20140912,657,112,227,3,785.88,6,0.0,212.1876
2676,2673,CA-2014-126403,20140909,20140912,657,1297,227,3,26.2,2,0.0,12.838
2677,2674,CA-2014-126403,20140909,20140912,657,1315,227,3,1325.85,5,0.0,238.653
2678,2675,CA-2017-136875,20171203,20171203,744,1059,529,2,166.44,3,0.0,79.8912
2679,2676,CA-2017-132185,20171127,20171202,198,494,399,4,8.76,5,0.2,0.7665
2680,2677,CA-2017-132185,20171127,20171202,198,409,399,4,43.584,1,0.2,4.3584
2681,2678,US-2014-160780,20140621,20140621,722,692,569,2,11.088,7,0.7,-8.1312
2682,2679,US-2014-160780,20140621,20140621,722,768,569,2,25.164,2,0.7,-16.776
2683,2680,CA-2017-127026,20170121,20170127,516,669,73,4,14.4,5,0.0,7.056
2684,2681,CA-2017-127026,20170121,20170127,516,1541,73,4,619.95,5,0.0,111.591
2685,2682,CA-2017-127026,20170121,20170127,516,697,73,4,89.52,4,0.0,42.0744
2686,2683,CA-2017-127026,20170121,20170127,516,1678,73,4,350.973,3,0.1,152.0883
2687,2684,CA-2017-127026,20170121,20170127,516,1847,73,4,164.99,1,0.0,49.497
2688,2685,CA-2017-137085,20170629,20170706,182,672,498,4,312.552,9,0.2,101.5794
2689,2686,CA-2016-133123,20160906,20160911,416,892,415,4,95.952,3,0.2,29.985
2690,2687,CA-2016-133123,20160906,20160911,416,684,415,4,3.204,2,0.7,-2.4564
2691,2688,US-2016-128195,20160804,20160805,617,730,27,1,3.98,5,0.8,-6.567
2692,2689,CA-2015-153220,20151112,20151114,790,1218,500,1,15.7,5,0.0,7.065
2693,2690,CA-2014-123064,20140630,20140702,619,632,10,1,5.248,4,0.2,1.64
2694,2691,CA-2017-156412,20171204,20171208,158,832,305,4,5.346,3,0.7,-4.455
2695,2692,US-2016-144211,20160828,20160902,174,1180,561,4,15.48,3,0.2,5.6115
2696,2693,US-2016-144211,20160828,20160902,174,1825,561,4,108.576,3,0.2,8.1432
2697,2694,CA-2016-138079,20160122,20160128,38,188,629,4,109.9,5,0.0,37.366
2698,2695,CA-2014-143182,20141015,20141020,218,302,342,4,15.384,1,0.2,4.0383
2699,2696,CA-2016-161662,20160207,20160209,77,1241,288,1,30.352,2,0.2,10.6232
2700,2697,CA-2014-145317,20140318,20140323,701,1691,345,4,821.3,4,0.5,-16.426
2701,2698,CA-2014-145317,20140318,20140323,701,1670,345,4,22638.48,6,0.5,-1811.0784
2702,2699,CA-2014-145317,20140318,20140323,701,1147,345,4,21.376,4,0.2,7.4816
2703,2700,CA-2014-145317,20140318,20140323,701,583,345,4,8.016,3,0.2,1.002
2704,2701,CA-2014-145317,20140318,20140323,701,302,345,4,30.768,2,0.2,8.0766
2705,2702,CA-2014-145317,20140318,20140323,701,946,345,4,18.936,3,0.2,5.9175
2706,2703,CA-2014-145317,20140318,20140323,701,211,345,4,122.352,3,0.2,15.294
2707,2704,CA-2014-143413,20140524,20140530,654,1185,212,4,116.28,3,0.0,56.9772
2708,2705,CA-2017-156818,20170711,20170713,351,1549,263,3,132.6,6,0.0,17.238
2709,2706,CA-2017-155873,20170616,20170621,10,1452,588,4,16.68,2,0.0,4.3368
2710,2707,CA-2017-155873,20170616,20170621,10,1109,588,4,19.44,3,0.0,9.3312
2711,2708,CA-2017-155873,20170616,20170621,10,1148,588,4,192.16,4,0.0,92.2368
2712,2709,CA-2015-121797,20150130,20150206,130,203,503,4,227.36,7,0.0,81.8496
2713,2710,CA-2015-121797,20150130,20150206,130,1648,503,4,1919.976,3,0.2,215.9973
2714,2711,US-2015-120572,20151211,20151215,300,690,345,4,12.828,2,0.7,-8.9796
2715,2712,CA-2017-132430,20171009,20171011,165,266,287,1,45.888,4,0.2,9.1776
2716,2713,CA-2017-146031,20170729,20170801,304,567,271,3,60.12,9,0.0,22.2444
2717,2714,CA-2014-110100,20140425,20140429,452,1875,416,4,302.376,3,0.2,37.797
2718,2715,CA-2015-103723,20151201,20151206,111,586,628,4,13.9,5,0.0,5.56
2719,2716,CA-2014-127187,20141204,20141208,165,1730,265,4,129.98,2,0.0,62.3904
2720,2717,CA-2017-128475,20170826,20170901,677,1485,373,4,71.98,2,0.0,15.1158
2721,2718,CA-2014-100006,20140907,20140913,217,1782,265,4,377.97,3,0.0,109.6113
2722,2719,CA-2017-144827,20171221,20171227,684,1434,477,4,124.36,2,0.0,33.5772
2723,2720,CA-2014-110030,20141206,20141208,460,239,156,3,23.976,3,0.6,-14.3856
2724,2721,CA-2014-121286,20141104,20141108,580,920,401,3,8.376,3,0.2,2.7222
2725,2722,CA-2014-121286,20141104,20141108,580,480,401,3,58.24,5,0.2,5.096
2726,2723,CA-2016-164735,20160414,20160419,738,1371,439,3,81.2,5,0.0,12.18
2727,2724,CA-2014-153479,20141004,20141008,204,1025,549,4,14.45,5,0.0,6.7915
2728,2725,CA-2014-153479,20141004,20141008,204,766,549,4,95.648,2,0.2,31.0856
2729,2726,CA-2017-149888,20171107,20171113,276,1852,304,4,359.97,5,0.4,-71.994
2730,2727,CA-2017-149888,20171107,20171113,276,331,304,4,350.352,4,0.4,-140.1408
2731,2728,CA-2017-119193,20171222,20171224,698,680,297,1,1.641,1,0.7,-1.3128
2732,2729,CA-2017-119193,20171222,20171224,698,1829,297,1,629.958,7,0.4,94.4937
2733,2730,CA-2017-104801,20170213,20170219,285,533,628,4,6.63,3,0.0,1.7901
2734,2731,CA-2017-104801,20170213,20170219,285,1532,628,4,799.96,4,0.0,343.9828
2735,2732,CA-2017-104801,20170213,20170219,285,289,628,4,107.53,1,0.0,21.506
2736,2733,CA-2014-107594,20140702,20140706,259,1827,251,4,73.98,2,0.0,19.9746
2737,2734,CA-2014-107594,20140702,20140706,259,503,251,4,5.58,1,0.0,2.1762
2738,2735,CA-2015-129770,20150221,20150223,356,1048,591,3,49.12,4,0.0,23.0864
2739,2736,CA-2015-115798,20151113,20151119,435,1850,207,4,377.97,3,0.0,94.4925
2740,2737,CA-2015-115798,20151113,20151119,435,1127,207,4,42.28,7,0.0,19.8716
2741,2738,CA-2015-115798,20151113,20151119,435,46,207,4,299.97,3,0.0,56.9943
2742,2739,CA-2015-115798,20151113,20151119,435,1773,207,4,89.98,2,0.0,43.1904
2743,2740,CA-2017-122707,20170416,20170418,248,1445,319,1,477.24,4,0.0,9.5448
2744,2741,CA-2017-122707,20170416,20170418,248,1605,319,1,25.98,2,0.0,1.5588
2745,2742,CA-2016-165015,20160225,20160227,74,895,294,3,46.72,5,0.2,17.52
2746,2743,CA-2014-149244,20141104,20141108,538,313,530,4,35.34,2,0.0,13.4292
2747,2744,CA-2015-140144,20150620,20150625,680,221,534,3,257.64,6,0.0,100.4796
2748,2745,CA-2015-140144,20150620,20150625,680,1817,534,3,125.976,3,0.2,47.241
2749,2746,CA-2017-163321,20170807,20170811,289,1613,412,3,79.992,1,0.2,21.9978
2750,2747,CA-2014-155887,20140512,20140517,445,349,223,4,700.056,3,0.3,-130.0104
2751,2748,US-2015-165449,20151122,20151126,44,1601,147,4,27.168,4,0.2,-1.3584
2752,2749,CA-2015-110247,20151204,20151208,645,708,367,4,8.226,3,0.7,-6.0324
2753,2750,US-2014-141257,20140608,20140614,173,97,629,4,585.552,3,0.2,73.194
2754,2751,CA-2014-154669,20140808,20140811,754,1325,548,3,423.28,11,0.0,110.0528
2755,2752,CA-2014-158029,20140526,20140530,321,66,499,4,225.296,2,0.2,22.5296
2756,2753,CA-2015-155306,20150417,20150421,293,586,534,4,5.56,2,0.0,2.224
2757,2754,CA-2015-155306,20150417,20150421,293,1579,534,4,323.37,3,0.0,129.348
2758,2755,CA-2015-155306,20150417,20150421,293,1795,534,4,783.96,5,0.2,68.5965
2759,2756,CA-2015-155306,20150417,20150421,293,441,534,4,1447.65,5,0.0,419.8185
2760,2757,CA-2015-155306,20150417,20150421,293,1105,534,4,11.96,2,0.0,5.8604
2761,2758,CA-2016-127775,20160611,20160613,278,1556,266,3,239.97,3,0.0,71.991
2762,2759,CA-2016-146171,20160311,20160315,402,302,373,4,76.92,4,0.0,31.5372
2763,2760,CA-2016-146171,20160311,20160315,402,1370,373,4,481.32,4,0.0,125.1432
2764,2761,CA-2014-129574,20140526,20140529,245,1211,607,1,48.4,5,0.0,23.232
2765,2762,CA-2017-126536,20171012,20171014,567,1594,533,1,0.99,1,0.0,0.4356
2766,2763,CA-2017-126536,20171012,20171014,567,696,533,1,101.84,5,0.2,36.917
2767,2764,CA-2017-165757,20170622,20170628,599,776,306,4,10.332,3,0.7,-7.5768
2768,2765,CA-2017-165757,20170622,20170628,599,810,306,4,31.155,5,0.7,-23.8855
2769,2766,CA-2017-165757,20170622,20170628,599,1439,306,4,8.928,2,0.2,0.6696
2770,2767,CA-2017-167752,20170115,20170118,663,388,305,1,34.384,1,0.2,3.8682
2771,2768,CA-2017-167752,20170115,20170118,663,449,305,1,1924.16,8,0.2,312.676
2772,2769,US-2015-122140,20150402,20150407,532,410,142,4,32.192,2,0.8,-80.48
2773,2770,US-2015-122140,20150402,20150407,532,1574,142,4,50.12,7,0.2,-0.6265
2774,2771,US-2015-122140,20150402,20150407,532,1583,142,4,47.976,3,0.2,1.7991
2775,2772,CA-2016-163986,20160903,20160910,374,1344,193,4,54.5,5,0.0,14.17
2776,2773,CA-2017-158967,20171210,20171212,116,208,341,1,19.104,3,0.2,5.7312
2777,2774,CA-2016-131576,20161122,20161126,632,764,68,4,49.44,3,0.0,24.2256
2778,2775,CA-2017-143455,20171111,20171118,522,1288,296,4,10.368,2,0.2,3.6288
2779,2776,CA-2016-144729,20161021,20161025,357,1438,530,4,154.44,3,0.0,1.5444
2780,2777,CA-2015-127019,20151221,20151225,277,467,558,4,60.984,7,0.2,4.5738
2781,2778,CA-2015-138534,20150717,20150719,392,29,468,3,195.466,2,0.15,-13.7976
2782,2779,CA-2017-108322,20170430,20170505,714,207,362,4,23.68,8,0.2,6.216
2783,2780,CA-2017-108322,20170430,20170505,714,1585,362,4,2.376,3,0.2,0.7425
2784,2781,CA-2017-167668,20170506,20170508,744,1021,266,1,59.2,4,0.0,29.6
2785,2782,CA-2017-146724,20171120,20171127,324,512,91,4,22.0,10,0.0,9.68
2786,2783,CA-2016-139878,20161111,20161116,458,1747,70,4,257.98,2,0.0,74.8142
2787,2784,US-2016-106677,20161105,20161110,57,1834,305,4,23.988,2,0.4,-15.992
2788,2785,CA-2016-116974,20161009,20161015,534,1888,298,4,23.976,4,0.4,-15.5844
2789,2786,CA-2015-149972,20150921,20150923,142,138,501,1,601.536,4,0.2,0.0
2790,2787,CA-2015-149972,20150921,20150923,142,938,501,1,7.9,2,0.0,2.528
2791,2788,US-2014-117744,20141202,20141206,497,192,139,4,58.36,5,0.6,-24.803
2792,2789,US-2014-117744,20141202,20141206,497,510,139,4,16.464,7,0.2,1.4406
2793,2790,US-2014-117744,20141202,20141206,497,239,139,4,39.96,5,0.6,-23.976
2794,2791,CA-2014-125514,20140921,20140922,93,394,112,1,25.96,2,0.0,7.5284
2795,2792,CA-2014-125514,20140921,20140922,93,457,112,1,36.27,3,0.0,10.881
2796,2794,CA-2014-154599,20140412,20140417,441,1760,521,4,1075.088,14,0.2,94.0702
2797,2795,CA-2014-154599,20140412,20140417,441,1728,521,4,438.368,4,0.2,38.3572
2798,2796,CA-2014-154599,20140412,20140417,441,758,521,4,18.088,7,0.2,6.5569
2799,2797,CA-2014-154599,20140412,20140417,441,7,521,4,308.499,3,0.15,-18.147
2800,2798,CA-2017-158743,20171020,20171027,336,559,328,4,13.36,4,0.0,4.1416
2801,2799,CA-2017-158743,20171020,20171027,336,1099,328,4,39.96,2,0.0,18.7812
2802,2800,CA-2017-158743,20171020,20171027,336,784,328,4,145.85,5,0.0,70.008
2803,2801,CA-2016-153318,20161025,20161028,406,1737,353,1,783.96,5,0.2,78.396
2804,2802,US-2015-110163,20151101,20151104,294,537,600,1,7.88,1,0.2,1.773
2805,2803,CA-2017-143329,20171103,20171108,221,162,591,4,41.37,3,0.0,17.3754
2806,2804,CA-2015-159380,20150512,20150516,181,1260,534,4,12.84,3,0.0,5.778
2807,2805,CA-2015-159380,20150512,20150516,181,1276,534,4,25.68,6,0.0,11.556
2808,2806,CA-2015-122623,20150907,20150911,130,59,145,4,47.516,2,0.3,-2.0364
2809,2807,CA-2015-148635,20150725,20150727,515,953,629,3,9.42,2,0.0,0.471
2810,2808,CA-2015-148635,20150725,20150727,515,1302,629,3,12.96,2,0.0,6.2208
2811,2809,CA-2015-148635,20150725,20150727,515,20,629,3,704.9,5,0.0,56.392
2812,2810,CA-2015-148635,20150725,20150727,515,79,629,3,561.568,2,0.2,28.0784
2813,2811,CA-2015-135685,20151116,20151118,535,1038,190,3,179.82,9,0.0,84.5154
2814,2812,CA-2015-135685,20151116,20151118,535,179,190,3,185.58,6,0.0,76.0878
2815,2813,CA-2015-135685,20151116,20151118,535,336,190,3,214.11,3,0.0,36.3987
2816,2814,CA-2015-135685,20151116,20151118,535,1602,190,3,999.96,4,0.0,229.9908
2817,2815,CA-2015-135685,20151116,20151118,535,330,190,3,653.55,3,0.0,111.1035
2818,2816,CA-2015-104626,20150901,20150908,235,704,223,4,114.6,5,0.0,51.57
2819,2817,CA-2015-104626,20150901,20150908,235,114,223,4,60.74,1,0.0,15.185
2820,2818,CA-2015-104626,20150901,20150908,235,154,223,4,124.36,2,0.0,27.3592
2821,2819,CA-2015-104626,20150901,20150908,235,1408,223,4,1088.76,6,0.0,315.7404
2822,2820,CA-2016-160500,20160505,20160508,224,804,482,1,6.72,5,0.2,2.352
2823,2821,CA-2016-160500,20160505,20160508,224,367,482,1,298.776,3,0.2,7.4694
2824,2822,CA-2017-100202,20161231,20170105,72,1808,465,4,302.376,3,0.2,22.6782
2825,2823,CA-2017-131016,20170918,20170920,200,484,127,1,8.928,2,0.2,0.558
2826,2824,CA-2017-131016,20170918,20170920,200,1322,127,1,47.584,2,0.2,-2.974
2827,2825,US-2014-112914,20140925,20140930,544,1233,154,4,33.792,8,0.2,10.56
2828,2826,US-2014-112914,20140925,20140930,544,30,154,4,300.5328,2,0.32,-97.2312
2829,2827,US-2014-112914,20140925,20140930,544,772,154,4,2.724,2,0.8,-4.3584
2830,2828,US-2014-112914,20140925,20140930,544,874,154,4,3.264,2,0.2,1.1016
2831,2829,CA-2016-124149,20160423,20160426,517,1190,288,1,108.336,6,0.2,37.9176
2832,2830,CA-2016-124149,20160423,20160426,517,1338,288,1,55.92,5,0.2,6.291
2833,2831,CA-2016-124149,20160423,20160426,517,1212,288,1,78.304,2,0.2,29.364
2834,2832,CA-2014-148915,20141101,20141105,559,1351,598,4,443.92,5,0.2,-94.333
2835,2833,CA-2014-148915,20141101,20141105,559,1730,598,4,155.976,3,0.2,54.5916
2836,2834,CA-2017-134649,20170126,20170131,121,533,319,3,15.47,7,0.0,4.1769
2837,2835,CA-2017-134649,20170126,20170131,121,725,319,3,7.16,2,0.0,3.4368
2838,2836,CA-2017-110842,20171111,20171116,294,467,501,4,10.89,1,0.0,2.8314
2839,2837,CA-2017-110842,20171111,20171116,294,1069,501,4,19.44,3,0.0,9.3312
2840,2838,CA-2017-110842,20171111,20171116,294,683,501,4,121.6,5,0.2,39.52
2841,2839,CA-2016-147368,20160609,20160612,744,1668,367,1,695.7,2,0.5,-27.828
2842,2840,US-2015-104185,20150903,20150908,341,1370,263,3,120.33,1,0.0,31.2858
2843,2841,US-2014-125521,20140314,20140319,149,107,442,4,1139.92,4,0.0,284.98
2844,2842,US-2017-135062,20170831,20170904,648,1034,406,3,229.544,7,0.2,83.2097
2845,2843,CA-2017-135650,20170323,20170327,15,1377,157,4,143.728,2,0.2,-32.3388
2846,2844,CA-2017-112865,20170518,20170522,89,1491,306,4,36.048,3,0.2,-0.9012
2847,2845,US-2016-162852,20161227,20161231,87,133,35,4,845.488,8,0.3,-12.0784
2848,2846,CA-2017-138163,20171117,20171120,789,550,222,1,50.94,3,0.0,14.2632
2849,2847,CA-2017-152093,20170910,20170915,704,788,10,4,762.594,3,0.8,-1143.891
2850,2848,CA-2017-157854,20170408,20170415,225,279,377,4,56.28,6,0.0,15.7584
2851,2849,CA-2017-157854,20170408,20170415,225,702,377,4,2690.97,3,0.0,1264.7559
2852,2850,CA-2016-123617,20161128,20161203,37,771,358,4,7.434,6,0.7,-5.6994
2853,2851,US-2016-128293,20160602,20160605,420,1337,304,1,64.784,1,0.2,-12.9568
2854,2852,CA-2017-107342,20171217,20171222,778,1140,37,4,28.16,4,0.0,13.2352
2855,2853,CA-2016-136371,20160319,20160321,724,157,268,3,14.98,1,0.0,6.8908
2856,2854,CA-2016-136371,20160319,20160321,724,147,268,3,20.32,4,0.0,6.9088
2857,2855,CA-2017-137344,20170820,20170820,268,1321,223,2,40.29,3,0.0,10.4754
2858,2856,CA-2017-169810,20170725,20170731,622,1006,123,4,20.23,7,0.0,9.5081
2859,2857,CA-2016-128594,20160826,20160829,209,70,530,1,1603.136,4,0.2,100.196
2860,2858,CA-2016-154690,20160815,20160817,132,66,406,3,225.296,2,0.2,22.5296
2861,2859,CA-2017-138975,20170519,20170523,674,1586,372,4,67.8,4,0.0,4.068
2862,2860,CA-2017-138975,20170519,20170523,674,1871,372,4,377.97,3,0.0,98.2722
2863,2861,CA-2017-138975,20170519,20170523,674,48,372,4,1628.82,9,0.0,374.6286
2864,2862,CA-2017-138975,20170519,20170523,674,1034,372,4,286.93,7,0.0,140.5957
2865,2863,CA-2017-106537,20170812,20170817,643,1044,356,4,20.736,4,0.2,7.2576
2866,2864,US-2017-103828,20170813,20170813,378,1358,534,2,31.44,3,0.0,8.4888
2867,2865,US-2017-103828,20170813,20170813,378,472,534,2,83.79,7,0.0,22.6233
2868,2866,US-2017-103828,20170813,20170813,378,498,534,2,59.52,3,0.0,15.4752
2869,2867,US-2017-103828,20170813,20170813,378,1450,534,2,31.92,4,0.0,9.2568
2870,2868,CA-2016-115588,20161110,20161112,18,1455,297,3,14.72,5,0.2,-3.312
2871,2869,CA-2016-115588,20161110,20161112,18,1371,297,3,38.976,3,0.2,-2.436
2872,2870,CA-2017-143861,20170612,20170619,452,191,365,4,17.088,2,0.2,1.068
2873,2871,CA-2014-148040,20140322,20140326,85,1196,463,4,74.352,3,0.2,23.235
2874,2872,CA-2014-148040,20140322,20140326,85,73,463,4,314.352,3,0.2,-35.3646
2875,2873,CA-2017-135167,20170615,20170620,681,563,501,4,4.26,1,0.0,1.7466
2876,2874,CA-2017-137022,20171116,20171122,726,1380,531,4,811.28,8,0.0,24.3384
2877,2875,US-2017-102638,20171229,20171231,493,943,266,1,6.03,3,0.0,2.9547
2878,2876,US-2016-167339,20160121,20160123,747,125,530,3,153.568,2,0.2,-5.7588
2879,2877,US-2016-167339,20160121,20160123,747,63,530,3,1013.488,7,0.2,76.0116
2880,2878,CA-2016-152072,20160115,20160119,245,891,253,4,52.34,2,0.0,24.5998
2881,2879,CA-2016-152072,20160115,20160119,245,534,253,4,4.66,2,0.0,1.3514
2882,2880,CA-2016-152072,20160115,20160119,245,1501,253,4,254.97,3,0.0,91.7892
2883,2881,CA-2016-102932,20160919,20160923,683,674,247,3,25.44,6,0.0,12.72
2884,2882,CA-2016-102932,20160919,20160923,683,1446,247,3,27.93,3,0.0,8.0997
2885,2883,CA-2014-165540,20140221,20140225,754,816,35,4,8.85,5,0.8,-13.7175
2886,2884,CA-2016-130799,20161111,20161116,90,200,533,3,6.96,4,0.0,2.2272
2887,2885,CA-2016-164483,20160130,20160203,363,647,534,4,17.456,2,0.2,5.8914
2888,2886,US-2016-159856,20161018,20161022,276,108,462,4,307.92,5,0.2,-34.641
2889,2887,CA-2017-102099,20171218,20171219,276,610,499,1,6.63,3,0.0,1.7901
2890,2888,CA-2017-102099,20171218,20171219,276,1228,499,1,12.96,2,0.0,6.2208
2891,2889,CA-2017-102099,20171218,20171219,276,1049,499,1,32.4,5,0.0,15.552
2892,2890,CA-2017-164049,20171102,20171106,432,1090,628,4,23.85,5,0.0,10.7325
2893,2891,CA-2014-142727,20140429,20140501,322,88,393,3,51.96,2,0.0,12.99
2894,2892,CA-2014-142727,20140429,20140501,322,652,393,3,17.94,3,0.0,8.6112
2895,2893,CA-2017-139913,20171023,20171029,348,1252,269,4,11.56,2,0.0,5.6644
2896,2894,CA-2017-139913,20171023,20171029,348,1192,269,4,26.4,5,0.0,11.88
2897,2895,CA-2017-139913,20171023,20171029,348,170,269,4,69.08,11,0.0,29.0136
2898,2896,CA-2017-139913,20171023,20171029,348,1759,269,4,35.88,3,0.0,10.0464
2899,2897,CA-2014-169033,20140330,20140403,439,544,260,4,49.65,5,0.0,20.853
2900,2898,US-2016-164630,20160104,20160109,252,1629,403,4,959.968,4,0.2,119.996
2901,2899,US-2015-114839,20150426,20150430,615,122,153,4,408.422,2,0.3,-5.8346
2902,2900,CA-2015-166464,20150912,20150917,593,1629,266,4,479.984,2,0.2,59.998
2903,2901,CA-2015-166464,20150912,20150917,593,976,266,4,12.6,4,0.0,6.048
2904,2902,CA-2017-124898,20170911,20170915,189,1247,373,4,184.66,7,0.0,84.9436
2905,2903,CA-2016-164035,20160612,20160617,169,1174,8,4,23.12,5,0.2,8.381
2906,2904,CA-2016-153577,20160627,20160701,429,1076,19,4,37.464,7,0.2,12.1758
2907,2905,CA-2016-153577,20160627,20160701,429,120,19,4,539.658,3,0.3,-7.7094
2908,2906,CA-2014-127586,20140926,20140930,178,1400,629,4,310.12,2,0.0,80.6312
2909,2907,CA-2017-121615,20171103,20171109,219,1055,90,4,8.56,2,0.0,3.852
2910,2908,CA-2017-121615,20171103,20171109,219,1358,90,4,52.4,5,0.0,14.148
2911,2909,CA-2017-121615,20171103,20171109,219,982,90,4,14.94,3,0.0,6.8724
2912,2910,CA-2017-166415,20170219,20170223,499,956,627,4,11.22,3,0.0,0.2244
2913,2911,CA-2015-118444,20151105,20151109,777,396,337,4,387.136,4,0.2,24.196
2914,2912,CA-2014-113929,20140616,20140621,148,897,257,4,41.4,5,0.0,19.458
2915,2913,CA-2014-113929,20140616,20140621,148,609,257,4,35.0,4,0.0,10.5
2916,2914,CA-2014-113929,20140616,20140621,148,764,257,4,39.552,3,0.2,14.3376
2917,2915,CA-2015-134747,20151012,20151017,219,1825,47,3,135.72,3,0.0,35.2872
2918,2916,CA-2015-134747,20151012,20151017,219,701,47,3,12.56,2,0.0,5.652
2919,2917,CA-2015-134747,20151012,20151017,219,1767,47,3,263.96,4,0.0,71.2692
2920,2918,CA-2017-155047,20170827,20170830,684,587,142,1,5.952,1,0.2,0.372
2921,2919,CA-2016-160129,20161123,20161123,474,938,306,2,15.8,5,0.2,2.37
2922,2920,CA-2016-160129,20161123,20161123,474,214,306,2,14.368,2,0.2,3.9512
2923,2921,CA-2016-160129,20161123,20161123,474,285,306,2,70.448,7,0.2,12.3284
2924,2922,CA-2017-164329,20170130,20170130,526,1368,532,2,129.3,2,0.0,6.465
2925,2923,US-2015-141453,20151130,20151203,194,660,128,3,3.882,3,0.8,-5.823
2926,2924,CA-2014-156993,20140628,20140704,662,950,70,4,6.08,1,0.0,3.04
2927,2925,CA-2014-157721,20140902,20140905,396,413,273,1,19.9,1,0.0,8.955
2928,2926,CA-2014-157721,20140902,20140905,396,217,273,1,70.71,1,0.0,4.9497
2929,2927,CA-2017-128629,20170710,20170714,101,170,373,3,18.84,3,0.0,7.9128
2930,2928,CA-2017-158106,20170604,20170610,182,558,87,4,8.64,3,0.0,2.5056
2931,2929,US-2017-120390,20171019,20171026,753,859,400,4,1633.188,4,0.7,-1306.5504
2932,2930,CA-2017-143434,20171118,20171124,498,235,82,4,19.76,4,0.0,8.2992
2933,2931,CA-2015-168564,20150808,20150808,771,858,532,2,6.608,2,0.2,2.2302
2934,2932,CA-2015-168564,20150808,20150808,771,753,532,2,7.28,2,0.2,2.73
2935,2933,CA-2015-168564,20150808,20150808,771,63,532,2,144.784,1,0.2,10.8588
2936,2934,US-2016-169040,20161206,20161212,312,1795,628,4,156.792,1,0.2,13.7193
2937,2935,US-2016-169040,20161206,20161212,312,1822,628,4,431.976,3,0.2,26.9985
2938,2936,US-2016-169040,20161206,20161212,312,864,628,4,35.89,1,0.0,16.1505
2939,2937,US-2016-169040,20161206,20161212,312,714,628,4,47.208,7,0.2,15.3426
2940,2938,US-2016-169040,20161206,20161212,312,1139,628,4,248.08,7,0.0,116.5976
2941,2939,US-2016-169040,20161206,20161212,312,1066,628,4,189.7,5,0.0,89.159
2942,2940,US-2016-169040,20161206,20161212,312,715,628,4,59.808,3,0.2,19.4376
2943,2941,CA-2017-155880,20170325,20170331,353,56,190,4,90.99,1,0.0,14.5584
2944,2942,CA-2017-155880,20170325,20170331,353,130,190,4,1526.56,7,0.0,427.4368
2945,2943,CA-2017-155880,20170325,20170331,353,100,190,4,368.97,3,0.0,40.5867
2946,2944,CA-2017-126242,20171119,20171124,494,1334,503,4,305.01,9,0.0,76.2525
2947,2945,CA-2017-126242,20171119,20171124,494,237,503,4,18.7,1,0.0,7.106
2948,2946,CA-2016-166443,20161104,20161105,463,291,534,1,38.29,7,0.0,16.4647
2949,2947,CA-2017-169859,20171214,20171218,535,325,529,4,26.25,3,0.0,11.025
2950,2948,CA-2017-169859,20171214,20171218,535,655,529,4,64.96,14,0.2,22.736
2951,2949,CA-2017-169859,20171214,20171218,535,861,529,4,43.7,5,0.0,20.539
2952,2950,CA-2017-134915,20171112,20171112,273,1514,456,2,41.6,4,0.2,13.0
2953,2951,CA-2017-134915,20171112,20171112,273,1174,456,2,23.12,5,0.2,8.381
2954,2952,CA-2017-134915,20171112,20171112,273,135,456,2,113.888,2,0.2,9.9652
2955,2953,CA-2017-134915,20171112,20171112,273,153,456,2,113.568,2,0.2,-5.6784
2956,2954,CA-2017-134915,20171112,20171112,273,1718,456,2,7.92,2,0.2,0.693
2957,2955,CA-2017-134915,20171112,20171112,273,1752,456,2,671.984,2,0.2,50.3988
2958,2956,CA-2016-153353,20160818,20160824,298,1721,266,4,39.99,1,0.0,11.5971
2959,2957,CA-2017-123638,20170627,20170704,484,96,273,4,191.646,3,0.1,31.941
2960,2958,CA-2017-168900,20170504,20170509,693,806,296,4,2.313,1,0.7,-1.9275
2961,2959,CA-2015-158456,20151224,20151229,444,689,500,4,19.936,4,0.2,7.2268
2962,2960,CA-2015-158456,20151224,20151229,444,955,500,4,45.92,4,0.0,21.5824
2963,2961,CA-2017-143665,20170426,20170501,605,1249,629,4,20.34,3,0.0,9.3564
2964,2962,CA-2017-143665,20170426,20170501,605,985,629,4,39.28,8,0.0,19.2472
2965,2963,CA-2017-137428,20171216,20171221,63,98,512,3,81.568,2,0.2,9.1764
2966,2964,CA-2017-137428,20171216,20171221,63,114,512,3,97.184,2,0.2,6.074
2967,2965,CA-2017-137428,20171216,20171221,63,769,512,3,24.32,5,0.2,8.208
2968,2966,CA-2017-137428,20171216,20171221,63,227,512,3,18.96,2,0.0,7.584
2969,2967,CA-2014-162866,20141227,20141231,187,186,32,4,32.952,6,0.6,-19.7712
2970,2968,CA-2014-162866,20141227,20141231,187,1397,32,4,30.016,4,0.2,3.0016
2971,2969,CA-2017-167941,20171106,20171109,364,426,406,3,499.584,3,0.2,43.7136
2972,2970,CA-2017-167941,20171106,20171109,364,1145,406,3,31.104,6,0.2,10.8864
2973,2971,CA-2017-167941,20171106,20171109,364,763,406,3,13.272,8,0.7,-10.6176
2974,2972,CA-2017-167941,20171106,20171109,364,313,406,3,28.272,2,0.2,6.3612
2975,2973,CA-2017-167941,20171106,20171109,364,1337,406,3,259.136,4,0.2,-51.8272
2976,2974,CA-2017-111808,20171216,20171220,48,847,120,4,10.8,5,0.0,5.184
2977,2975,CA-2015-137512,20150507,20150512,25,334,125,4,244.006,2,0.3,-31.3722
2978,2976,CA-2015-137512,20150507,20150512,25,1043,125,4,15.936,4,0.2,5.3784
2979,2977,CA-2017-139773,20171204,20171204,238,77,307,2,188.552,7,0.3,-2.6936
2980,2978,CA-2017-134607,20171003,20171008,328,1384,269,3,22.58,2,0.0,5.8708
2981,2979,CA-2014-109232,20140113,20140116,559,56,420,3,545.94,6,0.0,87.3504
2982,2980,CA-2015-139850,20150612,20150617,296,1257,305,4,20.736,4,0.2,7.2576
2983,2981,CA-2015-139850,20150612,20150617,296,268,305,4,43.296,2,0.2,4.3296
2984,2982,CA-2014-131310,20140712,20140718,153,77,629,4,123.136,4,0.2,13.8528
2985,2983,CA-2014-131310,20140712,20140718,153,775,629,4,11.264,4,0.2,3.8016
2986,2984,US-2014-112872,20141206,20141211,630,1383,601,3,53.424,3,0.2,4.6746
2987,2985,US-2014-112872,20141206,20141211,630,361,601,3,275.49,1,0.5,-170.8038
2988,2986,CA-2016-139269,20160525,20160530,344,168,373,4,24.96,4,0.0,6.24
2989,2987,CA-2016-139269,20160525,20160530,344,1211,373,4,19.36,2,0.0,9.2928
2990,2988,CA-2016-139269,20160525,20160530,344,1336,373,4,1267.65,9,0.0,152.118
2991,2989,CA-2016-139010,20160221,20160226,492,1605,500,3,12.99,1,0.0,0.7794
2992,2990,CA-2016-139010,20160221,20160226,492,655,500,3,18.56,4,0.2,6.496
2993,2991,CA-2016-139010,20160221,20160226,492,1377,500,3,449.15,5,0.0,8.983
2994,2992,CA-2016-139010,20160221,20160226,492,744,500,3,31.248,7,0.2,10.9368
2995,2993,CA-2016-134376,20161002,20161006,772,475,265,4,61.44,3,0.0,16.5888
2996,2994,CA-2017-147291,20170311,20170317,517,774,69,4,895.92,4,0.0,421.0824
2997,2995,CA-2016-112893,20160909,20160913,60,846,543,3,55.36,4,0.2,18.684
2998,2996,US-2014-150532,20140714,20140721,585,1338,459,4,55.92,5,0.2,6.291
2999,2997,CA-2014-138317,20140621,20140625,578,877,304,4,24.896,4,0.2,8.4024
3000,2998,CA-2014-138317,20140621,20140625,578,160,304,4,3.984,1,0.2,0.6474
3001,2999,CA-2014-138317,20140621,20140625,578,1592,304,4,95.968,4,0.2,28.7904
3002,3000,CA-2014-138317,20140621,20140625,578,1702,304,4,206.991,3,0.7,-172.4925
3003,3001,CA-2014-138317,20140621,20140625,578,464,304,4,44.416,2,0.2,3.8864
3004,3002,CA-2014-138317,20140621,20140625,578,650,304,4,9.006,2,0.7,-7.2048
3005,3003,CA-2015-130610,20150705,20150710,783,792,83,4,19.0,5,0.0,8.93
3006,3004,CA-2017-104381,20171216,20171223,635,712,269,4,33.376,4,0.2,10.43
3007,3005,CA-2016-131499,20160908,20160910,506,461,264,1,207.48,1,0.0,62.244
3008,3006,CA-2014-148761,20140517,20140521,582,673,184,4,91.68,3,0.0,45.84
3009,3007,CA-2017-116519,20171013,20171015,169,402,263,1,904.9,5,0.0,253.372
3010,3008,CA-2014-130729,20141024,20141029,2,756,518,4,34.272,3,0.2,11.1384
3011,3009,CA-2016-124772,20161205,20161206,366,315,387,1,191.82,3,0.0,74.8098
3012,3010,CA-2016-115525,20160725,20160729,657,384,297,4,243.88,5,0.2,27.4365
3013,3011,CA-2017-134845,20170417,20170423,712,675,566,4,12.03,5,0.7,-9.223
3014,3012,CA-2017-134845,20170417,20170423,712,1651,566,4,2549.985,5,0.7,-3399.98
3015,3013,CA-2017-134845,20170417,20170423,712,707,566,4,21.594,2,0.7,-15.8356
3016,3014,CA-2017-134845,20170417,20170423,712,783,566,4,8.964,6,0.7,-6.5736
3017,3015,CA-2017-134845,20170417,20170423,712,1168,566,4,20.736,4,0.2,7.2576
3018,3016,US-2015-138919,20150917,20150921,473,373,266,4,344.22,2,0.4,-103.266
3019,3017,US-2016-160528,20160823,20160830,516,1401,171,4,727.296,8,0.2,-172.7328
3020,3018,US-2016-160528,20160823,20160830,516,326,171,4,22.608,3,0.6,-10.1736
3021,3019,US-2016-160528,20160823,20160830,516,1567,171,4,666.4,7,0.2,-33.32
3022,3020,CA-2015-123568,20151108,20151114,670,937,612,4,5.04,3,0.0,0.2016
3023,3021,CA-2015-123568,20151108,20151114,670,1101,612,4,92.94,3,0.0,41.823
3024,3022,CA-2015-123568,20151108,20151114,670,294,612,4,66.69,3,0.0,22.0077
3025,3023,CA-2015-123568,20151108,20151114,670,704,612,4,91.68,5,0.2,28.65
3026,3024,CA-2017-124674,20171117,20171123,343,17,132,4,327.7328,2,0.32,-14.4588
3027,3025,CA-2015-164441,20151108,20151113,13,727,264,4,52.272,11,0.2,17.6418
3028,3026,CA-2015-164441,20151108,20151113,13,1135,264,4,17.94,3,0.0,8.073
3029,3027,CA-2017-169054,20170422,20170426,531,190,306,4,254.352,3,0.2,0.0
3030,3028,CA-2014-106719,20140824,20140824,626,760,577,2,8.288,2,0.2,2.6936
3031,3029,CA-2017-116855,20171217,20171221,36,116,442,4,504.9,5,0.0,80.784
3032,3030,US-2016-164189,20160324,20160328,234,1850,595,4,403.168,4,0.2,25.198
3033,3031,CA-2015-168480,20150921,20150927,223,4,75,4,194.32,4,0.0,31.0912
3034,3032,CA-2015-168480,20150921,20150927,223,513,75,4,25.99,1,0.0,7.5371
3035,3033,US-2016-114293,20161121,20161126,373,115,595,4,195.136,4,0.2,-12.196
3036,3034,CA-2017-134173,20170916,20170921,6,1283,307,4,20.736,4,0.2,7.2576
3037,3035,US-2015-123960,20150611,20150616,71,1574,394,4,53.7,6,0.0,10.203
3038,3036,US-2015-123960,20150611,20150616,71,760,394,4,36.26,7,0.0,16.6796
3039,3037,US-2015-123960,20150611,20150616,71,598,394,4,56.3,2,0.0,15.764
3040,3038,US-2015-123960,20150611,20150616,71,1288,394,4,32.4,5,0.0,15.552
3041,3039,US-2015-123960,20150611,20150616,71,312,394,4,29.16,2,0.0,10.7892
3042,3040,CA-2017-101749,20171003,20171008,52,336,515,4,171.288,3,0.2,-6.4233
3043,3041,US-2016-147991,20160505,20160509,793,301,426,4,16.72,5,0.2,3.344
3044,3042,CA-2017-149559,20170911,20170912,428,1228,497,2,12.96,2,0.0,6.2208
3045,3043,CA-2017-149559,20170911,20170912,428,881,497,2,22.18,2,0.0,10.8682
3046,3044,CA-2017-149559,20170911,20170912,428,90,497,2,2054.272,8,0.2,256.784
3047,3045,CA-2015-135174,20150430,20150502,103,1756,298,3,1022.97,5,0.4,-255.7425
3048,3046,CA-2017-125290,20171106,20171110,133,520,93,3,13.9,5,0.0,3.614
3049,3047,CA-2017-125290,20171106,20171110,133,1225,93,3,26.38,1,0.0,12.1348
3050,3048,CA-2014-137351,20140930,20141004,198,806,628,4,43.176,7,0.2,13.4925
3051,3049,CA-2017-121419,20170402,20170404,745,378,373,1,411.8,2,0.0,70.006
3052,3050,CA-2017-121419,20170402,20170404,745,1503,373,1,360.0,4,0.0,129.6
3053,3051,US-2017-148054,20171006,20171011,579,255,574,4,41.96,2,0.0,2.9372
3054,3052,US-2017-148054,20171006,20171011,579,473,574,4,227.84,4,0.0,66.0736
3055,3053,US-2017-148054,20171006,20171011,579,1115,574,4,37.94,2,0.0,18.2112
3056,3054,CA-2016-128517,20160409,20160414,727,1807,69,3,517.9,2,0.0,134.654
3057,3055,CA-2016-128517,20160409,20160414,727,679,69,3,5.28,2,0.0,2.4288
3058,3056,US-2015-100377,20150828,20150901,765,1630,9,4,2799.96,5,0.2,874.9875
3059,3057,CA-2017-131492,20171019,20171024,325,888,533,3,8.96,2,0.0,4.3008
3060,3058,CA-2017-131492,20171019,20171024,325,981,533,3,31.5,10,0.0,15.12
3061,3059,CA-2017-131492,20171019,20171024,325,281,533,3,30.56,2,0.0,10.3904
3062,3060,CA-2017-131492,20171019,20171024,325,368,533,3,24.368,2,0.2,-3.3506
3063,3061,CA-2016-144554,20161107,20161112,225,1566,294,4,119.976,3,0.2,22.4955
3064,3062,CA-2017-127621,20170303,20170307,639,1116,140,4,26.88,8,0.2,9.744
3065,3063,CA-2015-145184,20151127,20151129,353,1796,207,1,83.97,3,0.0,23.5116
3066,3064,CA-2015-145184,20151127,20151129,353,1492,207,1,104.97,3,0.0,7.3479
3067,3065,CA-2017-106859,20170313,20170318,84,1329,587,3,90.8,8,0.0,25.424
3068,3066,CA-2017-106859,20170313,20170318,84,1876,587,3,140.736,8,0.2,49.2576
3069,3067,CA-2017-106859,20170313,20170318,84,1599,587,3,214.95,5,0.0,88.1295
3070,3068,CA-2017-106859,20170313,20170318,84,1126,587,3,45.36,7,0.0,21.7728
3071,3069,CA-2017-106859,20170313,20170318,84,1148,587,3,288.24,6,0.0,138.3552
3072,3070,US-2017-120089,20171130,20171130,522,461,297,2,663.936,4,0.2,82.992
3073,3071,CA-2014-119375,20141117,20141122,790,1381,207,4,2934.33,7,0.0,792.2691
3074,3072,CA-2014-119375,20141117,20141122,790,225,207,4,124.41,3,0.0,14.9292
3075,3073,CA-2014-119375,20141117,20141122,790,606,207,4,57.75,5,0.0,26.565
3076,3074,CA-2016-125206,20160103,20160105,470,1422,502,1,114.46,2,0.0,28.615
3077,3075,CA-2015-126137,20151003,20151008,109,45,500,4,120.666,2,0.15,18.4548
3078,3076,CA-2014-143903,20140720,20140724,437,1411,141,4,342.864,3,0.2,38.5722
3079,3077,CA-2014-143903,20140720,20140724,437,272,141,4,16.74,5,0.6,-14.229
3080,3078,CA-2014-143903,20140720,20140724,437,83,141,4,981.372,2,0.3,-140.196
3081,3079,CA-2014-104780,20140521,20140525,115,596,530,4,31.84,8,0.0,10.5072
3082,3080,CA-2017-101182,20170904,20170905,417,1145,467,1,12.96,2,0.0,6.2208
3083,3081,CA-2017-101182,20170904,20170905,417,1846,467,1,43.176,3,0.2,15.1116
3084,3082,US-2017-132297,20170527,20170602,241,784,386,4,58.34,2,0.0,28.0032
3085,3083,US-2017-132297,20170527,20170602,241,1822,386,4,539.97,3,0.0,134.9925
3086,3084,CA-2014-100328,20140128,20140203,345,664,265,4,3.928,1,0.2,1.3257
3087,3085,CA-2017-118773,20170209,20170214,758,840,155,4,252.784,4,0.8,-417.0936
3088,3086,CA-2017-118773,20170209,20170214,758,1556,155,4,127.984,2,0.2,15.998
3089,3087,CA-2017-118773,20170209,20170214,758,160,155,4,3.984,2,0.6,-2.6892
3090,3088,CA-2017-118773,20170209,20170214,758,386,155,4,12.992,2,0.8,-32.48
3091,3089,US-2017-159205,20170331,20170402,189,193,385,3,61.0,5,0.0,25.62
3092,3090,US-2017-159205,20170331,20170402,189,1725,385,3,671.93,7,0.0,188.1404
3093,3091,CA-2016-112123,20160303,20160308,89,686,207,4,447.86,7,0.0,219.4514
3094,3092,CA-2016-112123,20160303,20160308,89,1760,207,4,479.95,5,0.0,129.5865
3095,3093,CA-2016-112123,20160303,20160308,89,1165,207,4,166.44,3,0.0,79.8912
3096,3094,CA-2015-114468,20150823,20150823,747,1472,4,2,31.68,4,0.2,2.772
3097,3095,CA-2015-114468,20150823,20150823,747,1093,4,2,10.368,2,0.2,3.6288
3098,3096,CA-2015-114468,20150823,20150823,747,944,4,2,12.032,8,0.2,2.256
3099,3097,CA-2015-114468,20150823,20150823,747,400,4,2,5.768,2,0.8,-13.5548
3100,3098,CA-2017-135692,20170427,20170501,184,973,146,4,33.12,4,0.2,11.592
3101,3099,CA-2017-135692,20170427,20170501,184,21,146,4,220.2656,4,0.32,-42.1096
3102,3100,CA-2017-131233,20170414,20170419,177,678,265,4,10.776,3,0.2,3.5022
3103,3101,CA-2017-131233,20170414,20170419,177,33,265,4,242.352,3,0.2,9.0882
3104,3102,CA-2017-119578,20171222,20171227,367,1468,311,3,695.16,6,0.0,34.758
3105,3103,CA-2017-119578,20171222,20171227,367,36,311,3,220.98,1,0.0,50.8254
3106,3104,CA-2016-124562,20161208,20161212,402,699,279,4,12.957,7,0.7,-9.5018
3107,3105,US-2017-140074,20170323,20170329,255,1205,265,4,25.68,6,0.0,11.556
3108,3106,CA-2016-103037,20160725,20160729,432,1017,155,4,15.712,4,0.2,5.6956
3109,3107,CA-2017-127460,20170710,20170714,283,1434,2,4,298.464,6,0.2,26.1156
3110,3108,CA-2016-121671,20160717,20160722,3,1122,108,4,21.93,3,0.0,10.0878
3111,3109,CA-2016-121671,20160717,20160722,3,1389,108,4,242.94,3,0.0,4.8588
3112,3110,CA-2016-121671,20160717,20160722,3,1155,108,4,7.64,1,0.0,3.7436
3113,3111,CA-2016-121671,20160717,20160722,3,1156,108,4,51.84,8,0.0,25.4016
3114,3112,CA-2016-121671,20160717,20160722,3,1315,108,4,265.17,1,0.0,47.7306
3115,3113,CA-2016-150350,20160823,20160830,540,1665,628,4,837.6,3,0.2,62.82
3116,3114,CA-2016-150350,20160823,20160830,540,883,628,4,135.9,5,0.0,63.873
3117,3115,CA-2016-150350,20160823,20160830,540,1174,628,4,34.68,6,0.0,16.9932
3118,3116,CA-2016-150350,20160823,20160830,540,81,628,4,532.704,6,0.2,-39.9528
3119,3117,CA-2016-150350,20160823,20160830,540,418,628,4,43.1,5,0.0,11.206
3120,3118,CA-2016-150350,20160823,20160830,540,1459,628,4,15.88,4,0.0,0.1588
3121,3119,CA-2015-121720,20150611,20150612,355,106,348,1,1123.92,5,0.2,-182.637
3122,3120,CA-2015-121720,20150611,20150612,355,1804,348,1,249.584,2,0.2,31.198
3123,3121,CA-2015-121720,20150611,20150612,355,262,348,1,48.672,3,0.2,7.3008
3124,3122,CA-2015-121720,20150611,20150612,355,491,348,1,60.768,2,0.2,7.596
3125,3123,CA-2015-121720,20150611,20150612,355,841,348,1,78.6,5,0.7,-62.88
3126,3124,CA-2015-121720,20150611,20150612,355,701,348,1,3.768,2,0.7,-3.14
3127,3125,CA-2015-121720,20150611,20150612,355,1376,348,1,1036.624,2,0.2,51.8312
3128,3126,CA-2015-121720,20150611,20150612,355,1426,348,1,563.808,4,0.2,21.1428
3129,3127,CA-2017-149895,20170908,20170912,253,1789,305,4,258.528,2,0.4,-47.3968
3130,3128,CA-2017-147564,20171002,20171006,101,1287,264,4,49.12,4,0.0,23.0864
3131,3129,CA-2014-136399,20141216,20141217,129,294,503,1,44.46,2,0.0,14.6718
3132,3130,CA-2014-136399,20141216,20141217,129,95,503,1,241.568,2,0.2,18.1176
3133,3131,CA-2014-136399,20141216,20141217,129,1513,503,1,395.0,5,0.0,39.5
3134,3132,CA-2014-136399,20141216,20141217,129,1894,503,1,627.168,4,0.2,70.5564
3135,3133,CA-2014-107916,20140824,20140826,400,307,268,1,13.28,2,0.0,6.3744
3136,3134,CA-2014-107916,20140824,20140826,400,692,268,1,12.672,3,0.2,4.4352
3137,3135,CA-2017-164168,20171112,20171118,473,673,140,4,30.56,5,0.8,-45.84
3138,3136,CA-2017-164168,20171112,20171118,473,1399,140,4,77.952,3,0.2,-15.5904
3139,3137,CA-2017-164168,20171112,20171118,473,1889,140,4,67.992,1,0.2,8.499
3140,3138,CA-2017-164168,20171112,20171118,473,869,140,4,12.224,2,0.2,4.4312
3141,3139,CA-2017-164168,20171112,20171118,473,1612,140,4,44.784,2,0.2,-0.5598
3142,3140,CA-2017-164168,20171112,20171118,473,198,140,4,22.848,3,0.6,-17.7072
3143,3141,CA-2015-112557,20150425,20150428,389,431,266,1,206.43,3,0.0,90.8292
3144,3142,US-2014-122959,20141212,20141212,186,791,177,2,210.392,2,0.8,-336.6272
3145,3143,CA-2017-162572,20170925,20170927,622,1592,277,3,119.96,5,0.2,35.988
3146,3144,CA-2017-162572,20170925,20170927,622,533,277,3,10.608,6,0.2,0.9282
3147,3145,US-2016-148110,20160905,20160911,51,96,128,4,347.802,7,0.3,-24.843
3148,3146,CA-2017-131828,20170211,20170213,171,127,628,3,963.136,4,0.2,108.3528
3149,3147,CA-2017-131828,20170211,20170213,171,1827,628,3,88.776,3,0.2,7.7679
3150,3148,CA-2014-109218,20140630,20140703,51,526,498,3,32.4,5,0.0,10.368
3151,3149,CA-2016-120558,20160607,20160610,635,1240,266,1,32.4,5,0.0,15.552
3152,3150,US-2014-109036,20141220,20141225,431,986,627,4,31.05,3,0.0,14.904
3153,3151,CA-2015-147830,20151215,20151218,561,1542,294,1,2025.36,6,0.2,607.608
3154,3152,CA-2015-147830,20151215,20151218,561,1646,294,1,1799.994,2,0.7,-2639.9912
3155,3153,CA-2015-147830,20151215,20151218,561,1889,294,1,101.988,2,0.4,-16.998
3156,3154,CA-2015-147830,20151215,20151218,561,296,294,1,262.864,7,0.2,69.0018
3157,3155,CA-2017-150497,20170720,20170724,703,842,92,4,735.98,2,0.0,331.191
3158,3156,CA-2014-128986,20140803,20140805,299,1113,456,3,93.024,3,0.2,33.7212
3159,3157,CA-2015-139584,20150824,20150828,268,337,263,4,284.364,2,0.4,-75.8304
3160,3158,CA-2015-139584,20150824,20150828,268,1514,263,4,26.0,2,0.0,11.7
3161,3159,US-2016-162677,20160326,20160327,193,1356,412,1,67.64,5,0.2,5.9185
3162,3160,US-2016-162677,20160326,20160327,193,1517,412,1,119.976,3,0.2,-17.9964
3163,3161,US-2014-150924,20140912,20140916,612,815,155,3,5.18,5,0.8,-8.029
3164,3162,CA-2014-153969,20140921,20140925,321,877,532,4,15.56,2,0.0,7.3132
3165,3163,CA-2014-153969,20140921,20140925,321,910,532,4,78.35,5,0.0,36.8245
3166,3164,CA-2014-153969,20140921,20140925,321,535,532,4,59.52,3,0.0,15.4752
3167,3165,CA-2014-153969,20140921,20140925,321,1055,532,4,38.52,9,0.0,17.334
3168,3166,CA-2014-153969,20140921,20140925,321,1744,532,4,239.984,2,0.2,23.9984
3169,3167,CA-2014-153969,20140921,20140925,321,1180,532,4,19.35,3,0.0,9.4815
3170,3168,CA-2016-146682,20161029,20161031,446,236,74,1,67.0,5,0.0,32.16
3171,3169,CA-2016-138695,20160528,20160603,422,115,367,4,390.272,8,0.2,-24.392
3172,3170,CA-2016-138695,20160528,20160603,422,1135,367,4,62.192,13,0.2,19.435
3173,3171,CA-2017-107461,20171221,20171226,598,730,418,3,23.88,6,0.0,11.2236
3174,3172,US-2016-133879,20160321,20160328,444,835,9,4,3.168,2,0.8,-4.752
3175,3173,US-2016-133879,20160321,20160328,444,61,9,4,528.43,5,0.3,0.0
3176,3174,US-2016-133879,20160321,20160328,444,644,9,4,13.392,3,0.2,1.5066
3177,3175,CA-2017-157483,20171111,20171118,276,625,69,4,181.86,7,0.0,50.9208
3178,3176,US-2017-132059,20170923,20170929,45,14,562,4,180.588,2,0.7,-240.784
3179,3177,US-2017-132059,20170923,20170929,45,1582,562,4,47.984,2,0.2,0.5998
3180,3178,CA-2017-122280,20170910,20170910,693,1304,265,2,18.76,2,0.0,9.0048
3181,3179,CA-2017-105235,20171205,20171211,703,189,264,4,20.94,3,0.0,6.0726
3182,3180,CA-2017-105235,20171205,20171211,703,159,264,4,58.68,2,0.0,18.1908
3183,3181,CA-2017-105235,20171205,20171211,703,411,264,4,254.9,5,0.0,68.823
3184,3182,CA-2017-152912,20171109,20171112,93,849,214,3,9.64,2,0.0,4.4344
3185,3183,CA-2017-152912,20171109,20171112,93,1617,214,3,826.62,3,0.0,355.4466
3186,3184,CA-2017-152912,20171109,20171112,93,1408,214,3,1633.14,9,0.0,473.6106
3187,3185,CA-2017-152912,20171109,20171112,93,1408,214,3,544.38,3,0.0,157.8702
3188,3186,CA-2014-123498,20141107,20141109,742,672,154,1,26.046,3,0.8,-44.2782
3189,3187,CA-2014-123498,20141107,20141109,742,911,154,1,74.352,3,0.2,26.9526
3190,3188,CA-2017-159352,20170312,20170317,418,1882,227,4,69.93,7,0.0,32.1678
3191,3189,US-2017-146416,20171020,20171022,358,1007,553,3,3.75,1,0.0,1.8
3192,3190,US-2017-146416,20171020,20171022,358,724,553,3,20.928,4,0.2,7.5864
3193,3191,US-2015-163783,20151227,20160101,235,1404,8,4,12.672,3,0.2,-3.168
3194,3192,CA-2017-123981,20171002,20171008,662,1786,266,4,65.99,1,0.0,17.1574
3195,3193,CA-2017-158953,20170604,20170608,523,753,167,4,6.37,7,0.8,-9.555
3196,3194,CA-2014-165428,20140901,20140904,384,769,153,1,3.648,3,0.8,-6.0192
3197,3195,CA-2014-165428,20140901,20140904,384,1273,153,1,31.104,6,0.2,10.8864
3198,3196,CA-2016-169026,20160808,20160813,163,934,397,4,23.34,3,0.0,0.2334
3199,3197,CA-2017-109750,20170722,20170728,286,1732,263,4,29.97,3,0.0,14.0859
3200,3198,CA-2015-149384,20150710,20150710,259,777,462,2,3.366,3,0.7,-2.244
3201,3199,CA-2014-131527,20141201,20141207,736,1765,412,4,95.968,4,0.2,9.5968
3202,3200,CA-2017-164000,20171218,20171222,28,583,305,4,18.704,7,0.2,2.338
3203,3201,CA-2014-164224,20140518,20140520,770,154,275,3,149.232,3,0.2,3.7308
3204,3202,CA-2014-164224,20140518,20140520,770,1125,275,3,15.936,4,0.2,5.7768
3205,3203,CA-2014-158372,20141110,20141116,636,1784,530,4,601.536,8,0.2,60.1536
3206,3204,CA-2014-158372,20141110,20141116,636,1604,530,4,10.99,1,0.0,4.2861
3207,3205,CA-2014-158372,20141110,20141116,636,156,530,4,39.88,2,0.0,11.1664
3208,3206,CA-2014-158372,20141110,20141116,636,1173,530,4,62.24,8,0.0,28.008
3209,3207,CA-2014-158372,20141110,20141116,636,202,530,4,53.2,5,0.0,14.896
3210,3208,CA-2014-158372,20141110,20141116,636,964,530,4,39.84,8,0.0,18.3264
3211,3209,CA-2016-108882,20160109,20160115,448,1493,485,4,349.95,5,0.0,118.983
3212,3210,CA-2016-108882,20160109,20160115,448,1817,485,4,377.928,9,0.2,141.723
3213,3211,US-2017-108245,20170922,20170927,692,871,170,4,13.392,3,0.2,5.022
3214,3212,US-2017-108245,20170922,20170927,692,675,170,4,11.228,7,0.8,-18.5262
3215,3213,CA-2014-142314,20141223,20141228,686,432,49,4,207.24,11,0.0,58.0272
3216,3214,CA-2016-132409,20160526,20160601,752,545,305,4,1.504,1,0.2,0.1692
3217,3215,CA-2016-132409,20160526,20160601,752,425,305,4,34.848,2,0.2,6.534
3218,3216,CA-2017-150189,20170708,20170710,779,994,538,1,75.18,6,0.0,35.3346
3219,3217,CA-2014-114433,20140513,20140517,571,1566,511,4,149.97,3,0.0,52.4895
3220,3218,CA-2017-104640,20171110,20171116,284,807,265,4,931.176,3,0.2,314.2719
3221,3219,CA-2017-104640,20171110,20171116,284,1789,265,4,430.88,2,0.0,124.9552
3222,3220,US-2015-137008,20151002,20151008,400,1115,243,4,94.85,5,0.0,45.528
3223,3221,US-2015-137008,20151002,20151008,400,882,243,4,51.12,4,0.0,23.004
3224,3222,US-2015-137008,20151002,20151008,400,1503,243,4,90.0,1,0.0,32.4
3225,3223,CA-2014-108189,20141002,20141005,279,1151,462,1,9.408,2,0.2,3.4104
3226,3224,CA-2014-108189,20141002,20141005,279,924,462,1,4.672,2,0.2,1.46
3227,3225,CA-2014-108189,20141002,20141005,279,1768,462,1,318.4,2,0.2,107.46
3228,3226,CA-2014-108189,20141002,20141005,279,912,462,1,12.768,6,0.2,4.6284
3229,3227,CA-2014-108189,20141002,20141005,279,1469,462,1,15.36,2,0.2,-3.264
3230,3228,CA-2014-108189,20141002,20141005,279,1760,462,1,230.376,3,0.2,20.1579
3231,3229,CA-2014-108189,20141002,20141005,279,1574,462,1,7.16,1,0.2,-0.0895
3232,3230,CA-2014-154641,20140811,20140816,435,1435,266,4,375.34,1,0.0,18.767
3233,3231,CA-2017-131625,20170901,20170905,96,324,263,3,114.9,5,0.0,39.066
3234,3232,US-2017-156356,20170416,20170422,559,672,156,4,26.046,3,0.8,-44.2782
3235,3233,US-2017-156356,20170416,20170422,559,691,156,4,2.896,1,0.8,-4.7784
3236,3234,US-2017-156356,20170416,20170422,559,1388,156,4,32.544,2,0.2,-7.7292
3237,3235,CA-2016-138933,20160424,20160427,384,783,523,1,3.984,1,0.2,1.3944
3238,3236,CA-2016-140746,20160115,20160115,629,358,198,2,181.797,1,0.3,-15.5826
3239,3237,CA-2016-146836,20160502,20160502,134,1372,265,2,44.94,3,0.0,12.5832
3240,3238,CA-2016-146836,20160502,20160502,134,662,265,2,45.576,3,0.2,15.9516
3241,3239,US-2016-127971,20161120,20161127,240,113,156,4,318.43,5,0.3,-77.333
3242,3240,US-2016-127971,20161120,20161127,240,1831,156,4,122.92,7,0.2,46.095
3243,3241,US-2016-127971,20161120,20161127,240,140,156,4,7.068,3,0.6,-2.8272
3244,3242,US-2016-140809,20160201,20160203,151,1384,440,1,56.45,5,0.0,14.677
3245,3243,CA-2017-114524,20170331,20170405,257,760,9,3,13.468,13,0.8,-22.8956
3246,3244,CA-2017-113355,20171201,20171205,696,1890,149,4,219.8,5,0.2,24.7275
3247,3245,CA-2017-113355,20171201,20171205,696,95,149,4,317.058,3,0.3,-18.1176
3248,3246,US-2017-140907,20171210,20171212,102,1610,627,3,49.08,3,0.0,4.908
3249,3247,US-2017-140907,20171210,20171212,102,1314,627,3,324.9,5,0.0,38.988
3250,3248,US-2017-140907,20171210,20171212,102,504,627,3,18.24,3,0.0,5.2896
3251,3249,CA-2016-159730,20160917,20160921,695,135,627,4,113.888,2,0.2,9.9652
3252,3250,CA-2016-159730,20160917,20160921,695,1783,627,4,105.584,2,0.2,7.9188
3253,3251,CA-2016-157868,20161223,20161229,490,927,71,4,24.85,7,0.0,11.6795
3254,3252,CA-2017-119389,20170417,20170419,88,187,304,1,60.312,3,0.2,5.2773
3255,3253,CA-2017-110373,20171027,20171030,483,577,8,3,7.056,3,0.2,2.205
3256,3254,CA-2017-110373,20171027,20171030,483,1758,8,3,27.184,2,0.2,2.0388
3257,3255,CA-2016-155474,20160708,20160714,131,1762,628,4,107.984,1,0.2,9.4486
3258,3256,CA-2016-155474,20160708,20160714,131,823,628,4,19.296,3,0.2,6.03
3259,3257,CA-2015-155453,20150809,20150814,618,980,345,4,4.608,2,0.2,1.6704
3260,3258,US-2016-161844,20161209,20161214,211,338,429,3,79.974,3,0.4,-29.3238
3261,3259,US-2016-161844,20161209,20161214,211,800,429,3,2.946,2,0.7,-2.0622
3262,3260,US-2016-162103,20161113,20161117,450,659,19,4,3.136,2,0.8,-4.704
3263,3261,CA-2014-151554,20141114,20141115,155,1294,169,1,20.736,4,0.2,7.2576
3264,3262,CA-2014-140662,20141117,20141119,763,1517,532,1,99.98,2,0.0,7.9984
3265,3263,CA-2014-140662,20141117,20141119,763,1238,532,1,733.95,7,0.0,352.296
3266,3264,CA-2014-140662,20141117,20141119,763,410,532,1,241.44,3,0.0,72.432
3267,3265,CA-2016-122518,20160304,20160308,640,981,353,3,10.08,4,0.2,3.528
3268,3266,US-2014-126571,20141011,20141015,364,1426,304,4,281.904,2,0.2,10.5714
3269,3267,US-2014-126571,20141011,20141015,364,880,304,4,201.432,3,0.2,67.9833
3270,3268,CA-2014-143840,20140522,20140529,263,1815,317,4,135.98,2,0.0,33.995
3271,3269,CA-2014-143840,20140522,20140529,263,1832,317,4,44.95,1,0.0,12.586
3272,3270,CA-2014-115980,20140715,20140719,787,1594,123,4,2.97,3,0.0,1.3068
3273,3271,CA-2014-115980,20140715,20140719,787,918,123,4,6.54,3,0.0,2.6814
3274,3272,CA-2015-155145,20151227,20151229,441,1594,550,3,7.92,8,0.0,3.4848
3275,3273,CA-2015-146038,20150209,20150216,696,98,503,4,203.92,5,0.2,22.941
3276,3274,CA-2017-133865,20170508,20170512,611,1630,500,4,3359.952,6,0.2,1049.985
3277,3275,CA-2017-116358,20171102,20171106,436,950,62,4,18.24,3,0.0,9.12
3278,3276,CA-2017-116358,20171102,20171106,436,636,62,4,27.78,6,0.0,9.1674
3279,3277,CA-2014-102988,20140405,20140409,308,640,439,3,22.96,7,0.0,7.5768
3280,3278,CA-2014-102988,20140405,20140409,308,1763,439,3,28.99,1,0.0,8.4071
3281,3279,CA-2014-102988,20140405,20140409,308,1236,439,3,12.96,2,0.0,6.3504
3282,3280,CA-2014-102988,20140405,20140409,308,485,439,3,22.96,7,0.0,6.6584
3283,3281,CA-2014-102988,20140405,20140409,308,1466,439,3,4164.05,5,0.0,83.281
3284,3282,US-2014-117170,20140917,20140924,444,1511,414,4,47.984,2,0.2,13.1956
3285,3283,US-2014-117170,20140917,20140924,444,1084,414,4,4.624,1,0.2,1.6762
3286,3284,CA-2014-159478,20140930,20141006,514,147,266,4,15.24,3,0.0,5.1816
3287,3285,CA-2014-103702,20140912,20140917,18,749,283,4,63.924,7,0.7,-46.8776
3288,3286,CA-2017-150525,20170220,20170225,402,562,117,4,6.56,2,0.0,1.9024
3289,3287,CA-2017-150525,20170220,20170225,402,398,117,4,13.11,3,0.0,3.4086
3290,3288,CA-2015-157770,20151213,20151215,632,1757,545,1,494.376,3,0.2,49.4376
3291,3289,CA-2015-157770,20151213,20151215,632,649,545,1,29.2,5,0.2,9.855
3292,3290,CA-2015-157770,20151213,20151215,632,1524,545,1,248.85,5,0.0,27.3735
3293,3291,CA-2015-157770,20151213,20151215,632,1584,545,1,36.24,1,0.0,15.2208
3294,3292,CA-2016-167290,20161030,20161104,360,623,83,4,11.68,2,0.0,3.504
3295,3293,CA-2014-106264,20141226,20141230,150,1459,529,4,11.91,3,0.0,0.1191
3296,3294,CA-2014-106264,20141226,20141230,150,200,529,4,3.48,2,0.0,1.1136
3297,3295,CA-2014-138023,20140815,20140818,431,790,140,1,30.96,8,0.8,-52.632
3298,3296,CA-2017-113418,20171001,20171003,163,1671,266,1,1704.89,11,0.0,767.2005
3299,3297,US-2015-110569,20150523,20150530,250,685,459,4,19.194,7,0.7,-12.796
3300,3298,US-2015-110569,20150523,20150530,250,478,459,4,121.792,4,0.2,13.7016
3301,3299,CA-2017-136308,20171116,20171116,548,1648,534,2,1919.976,3,0.2,215.9973
3302,3300,US-2014-159926,20141118,20141122,173,793,306,4,50.997,1,0.7,-40.7976
3303,3301,US-2014-159926,20141118,20141122,173,1421,306,4,76.792,1,0.2,-16.3183
3304,3302,US-2014-159926,20141118,20141122,173,1741,306,4,539.964,6,0.4,-107.9928
3305,3303,US-2014-159926,20141118,20141122,173,187,306,4,60.312,3,0.2,5.2773
3306,3304,US-2014-159926,20141118,20141122,173,847,306,4,1.944,3,0.7,-1.4256
3307,3305,CA-2014-104738,20141230,20150101,708,913,161,3,12.984,3,0.2,4.7067
3308,3306,CA-2014-104738,20141230,20150101,708,1802,161,3,217.584,2,0.2,19.0386
3309,3307,CA-2014-104738,20141230,20150101,708,1728,161,3,328.776,3,0.2,28.7679
3310,3308,CA-2014-104738,20141230,20150101,708,740,161,3,2.286,3,0.8,-3.6576
3311,3309,CA-2014-104738,20141230,20150101,708,1592,161,3,47.984,2,0.2,14.3952
3312,3310,CA-2015-144386,20151105,20151111,311,692,263,4,25.344,6,0.2,8.8704
3313,3311,CA-2016-111416,20160917,20160922,482,732,266,4,232.4,5,0.2,78.435
3314,3312,CA-2016-162747,20160320,20160325,28,270,395,3,86.45,7,0.0,38.038
3315,3313,US-2014-133130,20140927,20141001,750,95,530,4,603.92,5,0.2,45.294
3316,3314,US-2014-133130,20140927,20141001,750,1083,530,4,81.98,2,0.0,40.1702
3317,3315,CA-2017-169978,20171224,20171228,324,95,268,4,271.764,2,0.1,48.3136
3318,3316,CA-2017-169978,20171224,20171228,324,726,268,4,14.376,3,0.2,4.8519
3319,3317,CA-2017-161739,20171110,20171115,248,185,175,3,341.96,5,0.6,-427.45
3320,3318,CA-2015-165057,20150911,20150915,679,635,520,4,181.35,9,0.0,48.9645
3321,3319,CA-2015-165057,20150911,20150915,679,1000,520,4,8.64,3,0.0,4.2336
3322,3320,CA-2014-134551,20141220,20141225,767,481,428,4,43.512,7,0.2,3.8073
3323,3321,CA-2014-134551,20141220,20141225,767,124,428,4,662.88,3,0.2,74.574
3324,3322,CA-2014-134551,20141220,20141225,767,1202,428,4,25.92,5,0.2,9.072
3325,3323,CA-2015-120810,20150723,20150727,753,447,263,4,68.94,3,0.0,20.682
3326,3324,CA-2015-120810,20150723,20150727,753,221,263,4,128.82,3,0.0,50.2398
3327,3325,CA-2014-165309,20141111,20141115,423,702,156,4,896.99,5,0.8,-1480.0335
3328,3326,CA-2014-165309,20141111,20141115,423,699,156,4,1.234,1,0.8,-1.9744
3329,3327,CA-2014-165309,20141111,20141115,423,598,156,4,67.56,3,0.2,6.756
3330,3328,CA-2014-165309,20141111,20141115,423,1250,156,4,21.72,5,0.2,7.8735
3331,3329,CA-2014-165309,20141111,20141115,423,1100,156,4,262.336,8,0.2,95.0968
3332,3330,CA-2014-165309,20141111,20141115,423,1842,156,4,148.48,2,0.2,16.704
3333,3331,CA-2014-165309,20141111,20141115,423,1893,156,4,241.176,3,0.2,15.0735
3334,3332,CA-2017-122595,20171214,20171220,305,1494,10,4,227.976,3,0.2,28.497
3335,3333,CA-2017-122595,20171214,20171220,305,1831,10,4,52.68,3,0.2,19.755
3336,3334,CA-2017-122595,20171214,20171220,305,247,10,4,2.032,1,0.6,-1.3208
3337,3335,US-2017-109253,20170821,20170822,608,486,511,1,17.12,4,0.0,4.9648
3338,3336,US-2017-109253,20170821,20170822,608,1881,511,1,431.968,4,0.2,37.7972
3339,3337,US-2017-109253,20170821,20170822,608,145,511,1,129.92,4,0.0,10.3936
3340,3338,US-2017-109253,20170821,20170822,608,337,511,1,568.728,3,0.2,28.4364
3341,3339,US-2017-109253,20170821,20170822,608,682,511,1,117.144,9,0.2,42.4647
3342,3340,US-2017-109253,20170821,20170822,608,446,511,1,203.52,3,0.0,54.9504
3343,3341,US-2017-109253,20170821,20170822,608,973,511,1,51.75,5,0.0,24.84
3344,3342,CA-2016-145982,20160827,20160901,732,1083,231,3,122.97,3,0.0,60.2553
3345,3343,CA-2016-145982,20160827,20160901,732,335,231,3,244.615,1,0.3,20.967
3346,3344,CA-2016-145982,20160827,20160901,732,1707,231,3,59.97,3,0.0,28.7856
3347,3345,CA-2016-145982,20160827,20160901,732,1201,231,3,81.54,9,0.0,36.693
3348,3346,CA-2016-145982,20160827,20160901,732,924,231,3,11.68,4,0.0,5.256
3349,3347,CA-2016-145982,20160827,20160901,732,655,231,3,29.0,5,0.0,13.92
3350,3348,CA-2015-112014,20150813,20150820,580,580,554,4,50.8,5,0.0,13.208
3351,3349,CA-2017-154732,20171105,20171107,31,666,9,1,16.03,5,0.8,-25.648
3352,3350,US-2016-157308,20160817,20160821,570,800,628,4,15.712,4,0.2,5.6956
3353,3351,CA-2016-147536,20161226,20161231,48,1582,265,4,89.97,3,0.0,18.8937
3354,3352,US-2014-134733,20140923,20140928,93,27,530,4,435.999,3,0.15,20.5176
3355,3353,US-2014-134733,20140923,20140928,93,1817,530,4,83.984,2,0.2,31.494
3356,3354,US-2014-150434,20140719,20140724,124,1734,196,4,359.98,2,0.0,93.5948
3357,3355,US-2014-150434,20140719,20140724,124,372,196,4,70.56,1,0.3,-4.032
3358,3356,US-2014-150434,20140719,20140724,124,797,196,4,20.88,2,0.0,9.6048
3359,3357,US-2014-150434,20140719,20140724,124,740,196,4,3.81,1,0.0,1.8288
3360,3358,CA-2017-100335,20170907,20170913,563,1136,8,4,73.008,9,0.2,26.4654
3361,3359,CA-2016-139234,20160506,20160510,17,675,8,4,3.208,2,0.8,-5.2932
3362,3360,CA-2016-139234,20160506,20160510,17,1610,8,4,26.176,2,0.2,-3.272
3363,3361,US-2015-142020,20150604,20150608,746,1293,265,3,30.44,4,0.0,14.3068
3364,3362,US-2015-142020,20150604,20150608,746,163,265,3,35.28,3,0.0,11.9952
3365,3363,CA-2015-139962,20151213,20151220,245,1288,232,4,19.44,3,0.0,9.3312
3366,3364,CA-2015-139962,20151213,20151220,245,850,232,4,37.88,2,0.0,18.94
3367,3365,CA-2016-130050,20160716,20160718,488,208,153,3,9.552,3,0.6,-3.8208
3368,3366,CA-2014-115161,20140131,20140202,455,40,505,1,290.666,2,0.15,3.4196
3369,3367,CA-2014-165379,20140709,20140715,93,1224,141,4,10.368,2,0.2,3.6288
3370,3368,CA-2014-165379,20140709,20140715,93,1179,141,4,14.352,3,0.2,4.485
3371,3369,CA-2015-115511,20151121,20151125,578,23,583,4,141.96,2,0.0,41.1684
3372,3370,CA-2015-115511,20151121,20151125,578,743,583,4,66.048,4,0.2,23.1168
3373,3371,CA-2016-134887,20160325,20160325,736,1596,118,2,1287.45,5,0.0,244.6155
3374,3372,CA-2017-123778,20170923,20170930,109,677,534,4,25.824,6,0.2,9.0384
3375,3373,CA-2017-123778,20170923,20170930,109,410,534,4,160.96,2,0.0,48.288
3376,3374,CA-2015-161718,20151204,20151210,706,227,257,4,28.44,3,0.0,11.376
3377,3375,CA-2015-161718,20151204,20151210,706,93,257,4,364.41,5,0.1,8.098
3378,3376,CA-2015-161718,20151204,20151210,706,1720,257,4,39.96,4,0.0,10.3896
3379,3377,CA-2015-161718,20151204,20151210,706,102,257,4,361.764,2,0.1,68.3332
3380,3378,CA-2016-100671,20161101,20161104,180,1442,137,1,111.672,9,0.2,6.9795
3381,3379,CA-2017-142867,20170317,20170321,605,776,156,4,13.776,6,0.8,-22.0416
3382,3380,CA-2017-142867,20170317,20170321,605,1295,156,4,10.272,3,0.2,3.21
3383,3381,CA-2017-103156,20171123,20171124,747,155,304,1,24.048,9,0.2,7.2144
3384,3382,US-2017-162208,20170827,20170830,708,905,369,1,2.896,1,0.2,0.9774
3385,3383,CA-2015-130659,20151204,20151209,537,906,266,3,17.94,3,0.0,8.7906
3386,3384,CA-2015-130659,20151204,20151209,537,109,266,3,384.174,7,0.1,29.8802
3387,3385,CA-2015-130659,20151204,20151209,537,1879,266,3,1799.75,5,0.0,539.925
3388,3386,CA-2017-148404,20171007,20171011,245,1408,403,4,580.672,4,0.2,65.3256
3389,3387,CA-2017-148404,20171007,20171011,245,946,403,4,18.936,3,0.2,5.9175
3390,3388,CA-2017-148404,20171007,20171011,245,1873,403,4,222.384,2,0.2,16.6788
3391,3389,CA-2017-148404,20171007,20171011,245,765,403,4,50.454,6,0.7,-33.636
3392,3390,CA-2017-148404,20171007,20171011,245,332,403,4,154.764,3,0.4,-36.1116
3393,3391,CA-2017-101077,20170325,20170330,199,1276,140,3,6.848,2,0.2,2.14
3394,3392,CA-2014-166471,20140809,20140813,503,1756,627,4,1091.168,4,0.2,68.198
3395,3393,CA-2014-166471,20140809,20140813,503,1708,627,4,219.168,2,0.2,-43.8336
3396,3394,CA-2014-105340,20141122,20141125,263,723,169,1,6.928,1,0.8,-11.0848
3397,3395,US-2017-131583,20170610,20170610,152,1060,307,2,40.032,6,0.2,15.012
3398,3396,US-2017-148362,20170701,20170708,428,1351,40,4,443.92,4,0.0,13.3176
3399,3397,US-2017-148362,20170701,20170708,428,793,40,4,169.99,1,0.0,78.1954
3400,3398,US-2017-148362,20170701,20170708,428,1240,40,4,25.92,4,0.0,12.4416
3401,3399,CA-2014-102274,20141121,20141126,206,1827,389,4,36.99,1,0.0,9.9873
3402,3400,CA-2014-102274,20141121,20141126,206,1284,389,4,629.1,6,0.0,301.968
3403,3401,CA-2014-102274,20141121,20141126,206,1368,389,4,193.95,3,0.0,9.6975
3404,3402,CA-2014-102274,20141121,20141126,206,573,389,4,5.46,3,0.0,1.4742
3405,3403,CA-2015-129700,20150504,20150505,448,208,33,1,22.288,7,0.6,-8.9152
3406,3404,CA-2017-168739,20170529,20170605,335,282,156,4,65.424,4,0.6,-52.3392
3407,3405,CA-2015-152527,20151017,20151017,159,1417,498,2,77.88,2,0.0,3.894
3408,3406,US-2014-150119,20140423,20140427,450,102,279,4,281.372,2,0.3,-12.0588
3409,3407,US-2014-150119,20140423,20140427,450,102,279,4,281.372,2,0.3,-12.0588
3410,3408,US-2014-150119,20140423,20140427,450,654,279,4,7.488,8,0.7,-5.2416
3411,3409,US-2014-150119,20140423,20140427,450,219,279,4,22.336,4,0.2,7.8176
3412,3410,US-2017-150847,20170430,20170506,363,1288,279,4,10.368,2,0.2,3.6288
3413,3411,CA-2016-100244,20160920,20160924,308,1122,534,4,65.79,9,0.0,30.2634
3414,3412,CA-2016-100244,20160920,20160924,308,793,534,4,271.984,2,0.2,88.3948
3415,3413,CA-2016-100244,20160920,20160924,308,510,534,4,11.76,4,0.0,3.1752
3416,3414,CA-2016-100244,20160920,20160924,308,1185,534,4,77.52,2,0.0,37.9848
3417,3415,CA-2016-100244,20160920,20160924,308,683,534,4,48.64,2,0.2,15.808
3418,3416,CA-2016-116540,20160902,20160902,717,936,189,2,1.81,1,0.0,0.6516
3419,3417,CA-2016-116540,20160902,20160902,717,858,189,2,8.26,2,0.0,3.8822
3420,3418,CA-2015-151841,20150427,20150502,745,467,556,4,43.56,5,0.2,3.267
3421,3419,CA-2015-151841,20150427,20150502,745,1456,556,4,5.84,2,0.2,0.73
3422,3420,CA-2015-150791,20150906,20150913,133,61,265,4,271.764,2,0.1,60.392
3423,3421,CA-2016-134803,20160528,20160603,153,403,498,4,262.24,2,0.0,78.672
3424,3422,CA-2016-134803,20160528,20160603,153,1253,498,4,182.72,8,0.0,84.0512
3425,3423,CA-2016-134803,20160528,20160603,153,1546,498,4,131.6,7,0.0,7.896
3426,3424,CA-2016-134803,20160528,20160603,153,742,498,4,22.72,4,0.2,7.384
3427,3425,CA-2016-134803,20160528,20160603,153,1665,498,4,558.4,2,0.2,41.88
3428,3426,CA-2015-153381,20150924,20150928,203,706,54,4,15.24,4,0.0,6.858
3429,3427,CA-2015-153381,20150924,20150928,203,66,54,4,1408.1,10,0.0,394.268
3430,3428,US-2017-111024,20170703,20170706,730,1040,288,3,32.896,4,0.2,11.1024
3431,3429,US-2017-111024,20170703,20170706,730,348,288,3,215.148,2,0.4,-103.9882
3432,3430,US-2017-111024,20170703,20170706,730,1180,288,3,30.96,6,0.2,11.223
3433,3431,CA-2017-148264,20171208,20171209,460,1413,488,1,29.79,3,0.0,8.6391
3434,3432,CA-2017-148264,20171208,20171209,460,238,488,1,128.9,2,0.0,15.468
3435,3433,CA-2017-148264,20171208,20171209,460,1246,488,1,60.12,9,0.0,28.8576
3436,3434,CA-2017-131212,20171205,20171209,9,711,614,4,24.816,3,0.2,8.3754
3437,3435,CA-2017-131212,20171205,20171209,9,654,614,4,14.976,6,0.2,5.4288
3438,3436,US-2015-100531,20150927,20150929,570,716,8,1,15.08,2,0.8,-22.62
3439,3437,US-2015-100531,20150927,20150929,570,280,8,1,24.288,3,0.6,-12.7512
3440,3438,CA-2017-152583,20171030,20171030,620,280,141,2,16.192,2,0.6,-8.5008
3441,3439,CA-2017-152583,20171030,20171030,620,348,141,2,251.006,2,0.3,-68.1302
3442,3440,CA-2017-152583,20171030,20171030,620,1384,141,2,54.192,6,0.2,4.0644
3443,3441,CA-2015-144099,20151129,20151130,606,688,534,2,4.304,1,0.2,1.5602
3444,3442,CA-2014-158337,20140311,20140314,414,1173,265,3,108.92,14,0.0,49.014
3445,3443,CA-2017-168858,20171119,20171123,353,871,264,4,16.74,3,0.0,8.37
3446,3444,CA-2017-168858,20171119,20171123,353,463,264,4,2504.74,7,0.0,626.185
3447,3445,CA-2016-116344,20160729,20160802,397,1375,306,4,84.784,2,0.2,-16.9568
3448,3446,CA-2015-131779,20150612,20150617,459,1367,207,4,29.9,5,0.0,5.083
3449,3447,CA-2016-158869,20160806,20160807,35,1063,265,1,70.88,2,0.0,33.3136
3450,3448,CA-2017-102554,20170611,20170615,442,545,316,4,3.76,2,0.0,1.0904
3451,3449,CA-2016-162614,20161007,20161013,735,812,503,4,27.264,2,0.2,8.8608
3452,3450,CA-2014-168592,20140908,20140914,233,479,533,4,56.65,5,0.0,24.3595
3453,3451,CA-2014-168592,20140908,20140914,233,1392,533,4,14.97,1,0.0,4.1916
3454,3452,CA-2014-168592,20140908,20140914,233,943,533,4,4.02,2,0.0,1.9698
3455,3453,CA-2014-157609,20140316,20140321,442,1800,414,3,471.92,2,0.2,29.495
3456,3454,CA-2015-153325,20150301,20150302,719,827,375,3,58.72,4,0.0,27.0112
3457,3455,CA-2015-153626,20150709,20150714,250,501,437,4,5.16,3,0.2,0.8385
3458,3456,CA-2016-166485,20160220,20160227,32,1310,437,4,16.496,2,0.2,5.5674
3459,3457,CA-2017-136448,20170916,20170918,53,1511,307,1,71.976,3,0.2,19.7934
3460,3458,CA-2017-136448,20170916,20170918,53,279,307,1,22.512,3,0.2,2.2512
3461,3459,CA-2017-136448,20170916,20170918,53,746,307,1,3.444,2,0.7,-2.7552
3462,3460,CA-2017-136448,20170916,20170918,53,702,307,1,538.194,2,0.7,-412.6154
3463,3461,CA-2017-136448,20170916,20170918,53,1592,307,1,47.984,2,0.2,14.3952
3464,3462,CA-2017-114258,20171105,20171110,269,1828,140,3,492.768,4,0.2,55.4364
3465,3463,CA-2015-152611,20150220,20150223,414,615,250,3,286.79,7,0.0,74.5654
3466,3464,CA-2016-165470,20161125,20161130,326,1298,345,4,5.08,1,0.2,1.651
3467,3465,CA-2017-128699,20171203,20171205,559,1536,345,3,47.992,1,0.2,7.1988
3468,3466,US-2015-147242,20150910,20150914,258,462,232,4,61.96,2,0.0,16.1096
3469,3467,US-2015-147242,20150910,20150914,258,48,232,4,361.96,2,0.0,83.2508
3470,3468,US-2015-147242,20150910,20150914,258,1222,232,4,278.82,9,0.0,125.469
3471,3469,CA-2016-146143,20161214,20161219,493,213,397,4,133.38,6,0.0,58.6872
3472,3470,CA-2015-100888,20150406,20150410,512,1099,412,4,47.952,3,0.2,16.1838
3473,3471,US-2016-150035,20161201,20161205,152,272,534,4,16.74,2,0.0,4.3524
3474,3472,CA-2017-122644,20171112,20171117,687,1249,279,4,10.848,2,0.2,3.5256
3475,3473,CA-2017-122644,20171112,20171117,687,1591,279,4,18.544,2,0.2,3.0134
3476,3474,CA-2017-111815,20170303,20170310,276,63,67,4,180.98,1,0.0,47.0548
3477,3475,CA-2017-111815,20170303,20170310,276,1569,67,4,99.98,2,0.0,42.9914
3478,3476,CA-2016-144911,20161127,20161130,662,1615,62,1,34.95,5,0.0,15.378
3479,3477,CA-2016-144911,20161127,20161130,662,683,62,1,152.0,5,0.0,69.92
3480,3478,CA-2014-143385,20140831,20140905,697,1528,593,4,92.52,9,0.0,18.504
3481,3479,CA-2016-131289,20161208,20161214,708,578,533,4,8.56,2,0.0,2.4824
3482,3480,CA-2016-131289,20161208,20161214,708,1237,533,4,45.36,7,0.0,21.7728
3483,3481,CA-2016-131289,20161208,20161214,708,369,533,4,1421.664,6,0.2,-195.4788
3484,3482,CA-2014-124023,20140407,20140410,596,305,321,1,8.96,2,0.0,2.7776
3485,3483,CA-2014-124688,20140827,20140829,136,1723,448,1,579.95,5,0.0,168.1855
3486,3484,CA-2014-124688,20140827,20140829,136,228,448,1,29.12,4,0.0,12.5216
3487,3485,CA-2014-124688,20140827,20140829,136,365,448,1,1202.94,3,0.0,300.735
3488,3486,CA-2016-151169,20161021,20161026,550,761,207,4,7.92,4,0.0,3.564
3489,3487,US-2016-134761,20161130,20161130,193,1825,411,2,36.192,1,0.2,2.7144
3490,3488,CA-2017-120705,20170905,20170911,506,1369,341,4,147.184,2,0.2,-29.4368
3491,3489,CA-2015-157322,20150702,20150706,646,122,6,4,408.422,2,0.3,-5.8346
3492,3490,CA-2015-157322,20150702,20150706,646,113,6,4,382.116,6,0.3,-92.7996
3493,3491,CA-2015-157322,20150702,20150706,646,1436,6,4,68.6,5,0.2,6.0025
3494,3492,CA-2015-157322,20150702,20150706,646,1408,6,4,435.504,3,0.2,48.9942
3495,3493,CA-2015-157322,20150702,20150706,646,1080,6,4,11.168,2,0.2,3.7692
3496,3494,CA-2017-142034,20170924,20170928,415,1548,97,4,72.0,4,0.0,12.96
3497,3495,CA-2017-142034,20170924,20170928,415,1506,97,4,655.9,5,0.0,275.478
3498,3496,CA-2017-142034,20170924,20170928,415,61,97,4,603.92,4,0.0,181.176
3499,3497,CA-2016-107328,20160808,20160815,122,346,501,4,513.024,2,0.2,12.8256
3500,3498,CA-2016-107328,20160808,20160815,122,474,501,4,487.92,6,0.0,136.6176
3501,3499,CA-2016-107328,20160808,20160815,122,740,501,4,15.24,5,0.2,5.334
3502,3500,CA-2016-108616,20160929,20161003,381,1493,321,4,209.97,3,0.0,71.3898
3503,3501,CA-2016-108616,20160929,20161003,381,729,321,4,62.94,3,0.0,30.2112
3504,3502,CA-2016-108616,20160929,20161003,381,517,321,4,25.92,9,0.0,7.776
3505,3503,CA-2017-125115,20170410,20170410,637,1274,128,2,10.368,2,0.2,3.6288
3506,3504,CA-2017-125115,20170410,20170410,637,1529,128,2,95.736,3,0.2,20.3439
3507,3505,CA-2016-150945,20161218,20161220,383,1423,263,3,900.08,4,0.0,117.0104
3508,3506,CA-2014-166863,20140620,20140624,668,1719,172,4,201.584,2,0.2,20.1584
3509,3507,CA-2014-166863,20140620,20140624,668,674,172,4,3.392,4,0.8,-5.088
3510,3508,CA-2014-166863,20140620,20140624,668,11,172,4,193.0656,4,0.32,-19.8744
3511,3509,CA-2014-166863,20140620,20140624,668,1104,172,4,15.552,3,0.2,5.4432
3512,3510,CA-2014-166863,20140620,20140624,668,1077,172,4,11.648,2,0.2,4.0768
3513,3511,CA-2014-166863,20140620,20140624,668,1665,172,4,418.8,2,0.4,-97.72
3514,3512,CA-2014-166863,20140620,20140624,668,1429,172,4,509.488,7,0.2,-127.372
3515,3513,CA-2017-140326,20170904,20170906,334,1,10,1,825.174,9,0.3,-117.882
3516,3514,CA-2017-140326,20170904,20170906,334,1269,10,1,17.76,3,0.2,5.55
3517,3515,CA-2017-140326,20170904,20170906,334,517,10,1,6.912,3,0.2,0.864
3518,3516,CA-2016-168536,20161220,20161224,681,1549,397,4,66.3,3,0.0,8.619
3519,3517,US-2016-113649,20160809,20160812,318,1035,406,1,30.816,9,0.2,9.63
3520,3518,US-2016-113649,20160809,20160812,318,1796,406,1,44.784,2,0.2,4.4784
3521,3519,US-2016-113649,20160809,20160812,318,438,406,1,569.536,4,0.2,64.0728
3522,3520,CA-2015-124975,20150622,20150625,506,355,2,1,796.425,7,0.5,-525.6405
3523,3521,CA-2015-168767,20150410,20150415,223,675,525,4,12.832,2,0.2,4.3308
3524,3522,CA-2016-114482,20161121,20161125,225,1256,53,3,40.46,7,0.0,19.8254
3525,3523,CA-2016-114482,20161121,20161125,225,1762,53,3,404.94,3,0.0,109.3338
3526,3524,CA-2016-137673,20160905,20160910,520,1552,531,4,116.0,8,0.0,29.0
3527,3525,CA-2016-132731,20161124,20161128,293,1865,140,4,657.552,6,0.2,49.3164
3528,3526,CA-2017-148922,20171210,20171215,720,1532,397,3,599.97,3,0.0,257.9871
3529,3527,CA-2017-148922,20171210,20171215,720,1711,397,3,38.97,3,0.0,0.7794
3530,3528,CA-2017-148922,20171210,20171215,720,787,397,3,45.84,8,0.0,22.0032
3531,3529,CA-2016-130680,20160624,20160629,68,1885,529,4,38.24,4,0.2,-9.56
3532,3530,CA-2015-141145,20150917,20150923,196,1521,356,4,87.168,3,0.2,10.896
3533,3531,US-2016-152835,20160519,20160523,655,578,42,4,21.4,5,0.0,6.206
3534,3532,CA-2016-155565,20160528,20160528,258,1454,266,2,54.9,5,0.0,15.372
3535,3533,CA-2014-110849,20140418,20140423,388,1674,503,4,287.968,4,0.2,97.1892
3536,3534,CA-2014-110849,20140418,20140423,388,562,503,4,13.12,4,0.0,3.8048
3537,3535,CA-2014-110849,20140418,20140423,388,501,503,4,10.75,5,0.0,3.5475
3538,3536,CA-2014-110849,20140418,20140423,388,916,503,4,11.62,2,0.0,3.6022
3539,3537,CA-2016-145842,20160617,20160620,289,1323,265,3,40.74,3,0.0,0.4074
3540,3538,CA-2014-158771,20140509,20140509,667,1316,385,2,83.25,3,0.0,14.985
3541,3539,CA-2014-158771,20140509,20140509,667,981,385,2,9.45,3,0.0,4.536
3542,3540,CA-2014-158771,20140509,20140509,667,998,385,2,20.65,5,0.0,9.499
3543,3541,CA-2014-158771,20140509,20140509,667,1202,385,2,45.36,7,0.0,21.7728
3544,3542,CA-2016-157511,20160918,20160920,721,215,279,1,5.352,3,0.2,1.6056
3545,3543,CA-2016-157511,20160918,20160920,721,96,279,1,99.372,2,0.3,-7.098
3546,3544,CA-2016-157511,20160918,20160920,721,559,279,1,2.672,1,0.2,0.3674
3547,3545,CA-2017-121216,20171223,20171225,526,1291,136,3,28.672,8,0.2,10.3936
3548,3546,CA-2017-121216,20171223,20171225,526,423,136,3,29.312,8,0.8,-74.7456
3549,3547,CA-2017-155292,20171030,20171101,635,1443,389,1,105.98,7,0.0,4.2392
3550,3548,CA-2017-155292,20171030,20171101,635,1465,389,1,35.06,2,0.0,10.518
3551,3549,CA-2017-155292,20171030,20171101,635,59,389,1,33.94,1,0.0,9.1638
3552,3550,CA-2017-155292,20171030,20171101,635,984,389,1,30.0,8,0.0,14.4
3553,3551,CA-2016-152555,20160329,20160402,498,1115,10,3,45.528,3,0.2,15.9348
3554,3552,CA-2016-152555,20160329,20160402,498,102,10,3,844.116,6,0.3,-36.1764
3555,3553,CA-2016-152555,20160329,20160402,498,1743,10,3,812.736,8,0.2,60.9552
3556,3554,CA-2017-107832,20171123,20171126,284,715,304,3,7.476,1,0.7,-5.9808
3557,3555,CA-2014-120838,20140323,20140326,604,1327,501,3,330.4,2,0.0,85.904
3558,3556,CA-2014-120838,20140323,20140326,604,1841,501,3,604.752,6,0.2,37.797
3559,3557,CA-2017-118542,20171201,20171205,135,1301,499,4,45.36,7,0.0,21.7728
3560,3558,CA-2017-118542,20171201,20171205,135,785,499,4,10.128,2,0.2,3.6714
3561,3559,CA-2017-152737,20171107,20171112,767,772,534,4,21.792,4,0.2,7.6272
3562,3560,CA-2017-152737,20171107,20171112,767,1627,534,4,439.8,4,0.0,145.134
3563,3561,CA-2017-109757,20170904,20170909,496,561,275,3,8.256,4,0.2,0.6192
3564,3562,CA-2017-109757,20170904,20170909,496,812,275,3,25.56,5,0.7,-20.448
3565,3563,CA-2017-109757,20170904,20170909,496,713,275,3,4.368,2,0.7,-3.0576
3566,3564,CA-2017-109757,20170904,20170909,496,1027,275,3,11.52,4,0.2,3.744
3567,3565,CA-2016-130029,20160703,20160706,313,1073,503,1,12.96,2,0.0,6.2208
3568,3566,CA-2016-130029,20160703,20160706,313,928,503,1,3.96,2,0.0,0.0792
3569,3567,CA-2017-103877,20170907,20170914,633,791,102,4,1577.94,3,0.0,757.4112
3570,3568,CA-2016-137176,20160909,20160914,189,279,142,3,15.008,4,0.6,-12.0064
3571,3569,CA-2017-168109,20170703,20170703,380,1592,628,2,59.98,2,0.0,26.3912
3572,3570,CA-2017-168109,20170703,20170703,380,1659,628,2,2395.2,6,0.2,209.58
3573,3571,CA-2017-168109,20170703,20170703,380,1542,628,2,1687.8,4,0.0,742.632
3574,3572,CA-2017-168109,20170703,20170703,380,1732,628,2,7.992,1,0.2,2.6973
3575,3573,US-2017-126081,20170629,20170704,282,1263,166,4,5.184,1,0.2,1.8144
3576,3574,CA-2017-117023,20170807,20170812,412,599,260,4,11.68,2,0.0,5.4896
3577,3575,CA-2017-117023,20170807,20170812,412,622,260,4,104.8,10,0.0,26.2
3578,3576,CA-2015-143532,20150319,20150324,200,1127,355,4,14.496,3,0.2,4.8924
3579,3577,CA-2016-103163,20160607,20160611,288,780,468,4,4.784,1,0.2,1.5548
3580,3578,CA-2016-103163,20160607,20160611,288,1265,468,4,4.73,1,0.0,2.3177
3581,3579,CA-2016-104157,20160725,20160729,543,1320,397,4,7.89,1,0.0,0.3156
3582,3580,CA-2016-104157,20160725,20160729,543,1297,397,4,65.5,5,0.0,32.095
3583,3581,CA-2016-104157,20160725,20160729,543,383,397,4,2430.08,8,0.0,388.8128
3584,3582,CA-2017-117807,20171001,20171007,214,1097,109,4,104.85,1,0.0,50.328
3585,3583,CA-2015-121650,20151210,20151216,425,516,73,4,3.9,2,0.0,1.521
3586,3584,CA-2015-121650,20151210,20151216,425,365,73,4,801.96,2,0.0,200.49
3587,3585,CA-2015-121650,20151210,20151216,425,125,73,4,191.96,2,0.0,32.6332
3588,3586,CA-2015-121650,20151210,20151216,425,971,73,4,2.61,1,0.0,1.2006
3589,3587,CA-2017-161823,20170903,20170908,20,553,534,4,5.96,2,0.0,1.6688
3590,3588,CA-2017-121839,20170924,20170928,516,1824,288,4,1169.694,3,0.4,-253.4337
3591,3589,CA-2017-158729,20171219,20171221,13,1466,392,1,1665.62,2,0.0,33.3124
3592,3590,CA-2017-146535,20171124,20171130,288,669,389,4,2.88,1,0.0,1.4112
3593,3591,CA-2017-146535,20171124,20171130,288,1370,389,4,1443.96,12,0.0,375.4296
3594,3592,CA-2014-154186,20141213,20141215,617,1456,155,3,2.92,1,0.2,0.365
3595,3593,CA-2016-108434,20161205,20161207,366,1400,265,3,465.18,3,0.0,120.9468
3596,3594,CA-2016-164154,20160911,20160917,579,715,297,4,22.428,3,0.7,-17.9424
3597,3595,CA-2016-164154,20160911,20160917,579,1397,297,4,37.52,5,0.2,3.752
3598,3596,CA-2017-148012,20171209,20171215,436,640,307,4,2.624,1,0.2,0.4264
3599,3597,CA-2014-102869,20140909,20140914,456,1089,306,3,15.552,3,0.2,5.4432
3600,3598,CA-2014-102869,20140909,20140914,456,1544,306,3,64.704,6,0.2,-4.8528
3601,3599,CA-2014-102869,20140909,20140914,456,228,306,3,17.472,3,0.2,5.0232
3602,3600,CA-2014-102869,20140909,20140914,456,1806,306,3,135.516,1,0.4,-31.6204
3603,3601,CA-2017-138310,20170626,20170630,574,1536,560,4,431.928,9,0.2,64.7892
3604,3602,CA-2014-159835,20141117,20141124,621,1173,307,4,12.448,2,0.2,3.89
3605,3603,CA-2014-159835,20141117,20141124,621,138,307,4,657.93,5,0.3,-93.99
3606,3604,CA-2017-112956,20170821,20170827,753,1059,214,4,277.4,5,0.0,133.152
3607,3605,CA-2017-112956,20170821,20170827,753,285,214,4,25.16,2,0.0,8.5544
3608,3606,CA-2017-112956,20170821,20170827,753,324,214,4,91.92,4,0.0,31.2528
3609,3607,CA-2016-119683,20160312,20160316,150,866,265,3,29.34,3,0.0,13.4964
3610,3608,CA-2014-163559,20140923,20140928,719,732,266,3,139.44,3,0.2,47.061
3611,3609,CA-2014-140228,20140428,20140503,295,980,294,4,6.912,3,0.2,2.5056
3612,3610,CA-2014-140228,20140428,20140503,295,1384,294,4,27.096,3,0.2,2.0322
3613,3611,CA-2014-140228,20140428,20140503,295,1351,294,4,177.568,2,0.2,-37.7332
3614,3612,US-2016-131674,20161129,20161201,557,1624,141,3,58.416,2,0.2,16.7946
3615,3613,CA-2015-110093,20151203,20151208,10,1040,305,4,16.448,2,0.2,5.5512
3616,3614,CA-2015-110093,20151203,20151208,10,1486,305,4,36.784,2,0.2,10.5754
3617,3615,CA-2017-112529,20171119,20171121,680,354,177,1,718.116,6,0.3,-71.8116
3618,3616,CA-2017-112529,20171119,20171121,680,544,177,1,31.776,4,0.2,8.7384
3619,3617,CA-2016-154536,20160905,20160909,345,834,304,4,9.555,5,0.7,-7.3255
3620,3618,CA-2017-141929,20170904,20170908,617,844,498,4,487.984,2,0.2,152.495
3621,3619,CA-2017-141929,20170904,20170908,617,1788,498,4,5.56,1,0.2,1.7375
3622,3620,CA-2017-141929,20170904,20170908,617,1405,498,4,217.85,5,0.0,65.355
3623,3621,CA-2016-109743,20160922,20160929,692,604,438,4,40.776,3,0.2,4.5873
3624,3622,CA-2016-109743,20160922,20160929,692,1860,438,4,63.936,8,0.2,5.5944
3625,3623,CA-2014-159184,20140914,20140919,347,242,375,4,142.4,5,0.0,52.688
3626,3624,CA-2014-159184,20140914,20140919,347,725,375,4,7.16,2,0.0,3.4368
3627,3625,CA-2017-113530,20170519,20170521,67,96,532,3,681.408,12,0.2,42.588
3628,3626,CA-2017-113530,20170519,20170521,67,525,532,3,3.52,2,0.0,1.0208
3629,3627,CA-2017-113530,20170519,20170521,67,484,532,3,5.58,1,0.0,1.395
3630,3628,CA-2017-113530,20170519,20170521,67,1521,532,3,36.32,1,0.0,10.896
3631,3629,CA-2014-169726,20140809,20140813,372,842,627,4,2060.744,7,0.2,643.9825
3632,3630,CA-2017-155957,20171126,20171130,136,425,279,4,52.272,3,0.2,9.801
3633,3631,CA-2017-155957,20171126,20171130,136,478,279,4,213.136,7,0.2,23.9778
3634,3632,CA-2017-132178,20170503,20170508,190,1324,498,3,69.52,2,0.0,19.4656
3635,3633,CA-2017-132178,20170503,20170508,190,1311,498,3,763.44,8,0.0,45.8064
3636,3634,CA-2016-145177,20161110,20161114,607,980,296,4,9.216,4,0.2,3.3408
3637,3635,CA-2016-145177,20161110,20161114,607,1720,296,4,41.958,7,0.4,-9.7902
3638,3636,CA-2016-145177,20161110,20161114,607,1267,296,4,89.568,2,0.2,32.4684
3639,3637,CA-2016-145177,20161110,20161114,607,1143,296,4,22.248,3,0.2,7.5087
3640,3638,CA-2016-145177,20161110,20161114,607,435,296,4,334.88,4,0.2,29.302
3641,3639,CA-2016-145177,20161110,20161114,607,169,296,4,148.288,7,0.2,29.6576
3642,3640,CA-2016-145177,20161110,20161114,607,1084,296,4,4.624,1,0.2,1.6762
3643,3641,CA-2016-145177,20161110,20161114,607,1559,296,4,178.92,7,0.2,-29.0745
3644,3642,CA-2016-145177,20161110,20161114,607,737,296,4,69.888,7,0.7,-46.592
3645,3643,CA-2014-156594,20141220,20141223,493,844,499,3,487.984,2,0.2,152.495
3646,3644,CA-2014-156594,20141220,20141223,493,538,499,3,47.3,2,0.0,12.298
3647,3645,CA-2014-156594,20141220,20141223,493,626,499,3,4.13,1,0.0,1.1564
3648,3646,CA-2014-156594,20141220,20141223,493,773,499,3,155.12,5,0.2,50.414
3649,3647,CA-2014-146528,20140725,20140727,778,1176,502,3,6.48,1,0.0,3.1752
3650,3648,CA-2014-146528,20140725,20140727,778,1462,502,3,15.52,4,0.0,4.5008
3651,3649,CA-2015-168459,20151122,20151127,487,800,435,4,2.946,2,0.7,-2.0622
3652,3650,CA-2015-168459,20151122,20151127,487,955,435,4,55.104,6,0.2,18.5976
3653,3651,CA-2017-109960,20171209,20171211,193,1623,70,3,104.88,6,0.0,41.952
3654,3652,CA-2017-109960,20171209,20171211,193,541,70,3,34.7,5,0.0,12.492
3655,3653,CA-2017-109960,20171209,20171211,193,714,70,3,33.72,4,0.0,15.5112
3656,3654,CA-2017-109960,20171209,20171211,193,1056,70,3,14.94,3,0.0,7.0218
3657,3655,CA-2017-133004,20170831,20170905,39,434,43,4,638.73,9,0.0,166.0698
3658,3656,CA-2017-168102,20170424,20170430,166,1360,345,4,113.568,2,0.2,-21.294
3659,3657,CA-2017-158036,20170908,20170914,197,1560,281,4,9.096,1,0.2,1.7055
3660,3658,CA-2015-128083,20150312,20150317,248,905,361,4,8.688,3,0.2,2.9322
3661,3659,CA-2015-128083,20150312,20150317,248,254,361,4,30.88,4,0.2,3.86
3662,3660,CA-2015-128083,20150312,20150317,248,197,361,4,6.408,3,0.2,1.4418
3663,3661,CA-2016-161676,20160718,20160723,400,1480,456,4,33.8,5,0.2,4.225
3664,3662,CA-2016-155005,20160613,20160615,669,1841,73,3,377.97,3,0.0,94.4925
3665,3663,US-2017-129777,20170703,20170709,288,1589,231,4,258.9,10,0.0,93.204
3666,3664,US-2017-129777,20170703,20170709,288,1162,231,4,24.56,2,0.0,11.5432
3667,3665,CA-2014-129364,20141208,20141213,735,979,600,4,27.888,7,0.2,9.0636
3668,3666,CA-2014-129364,20141208,20141213,735,694,600,4,6.456,4,0.7,-4.5192
3669,3667,CA-2014-129364,20141208,20141213,735,1831,600,4,52.68,3,0.2,19.755
3670,3668,CA-2014-129364,20141208,20141213,735,1447,600,4,13.88,5,0.2,-2.6025
3671,3669,CA-2014-129364,20141208,20141213,735,1605,600,4,103.92,10,0.2,-18.186
3672,3670,CA-2014-129364,20141208,20141213,735,1018,600,4,11.52,5,0.2,3.744
3673,3671,CA-2014-129364,20141208,20141213,735,1128,600,4,10.368,2,0.2,3.6288
3674,3672,CA-2014-129364,20141208,20141213,735,1348,600,4,39.072,3,0.2,2.9304
3675,3673,CA-2016-104969,20160408,20160414,262,881,298,4,8.872,1,0.2,3.2161
3676,3674,CA-2016-104969,20160408,20160414,262,824,298,4,121.104,6,0.7,-100.92
3677,3675,CA-2017-154109,20171106,20171111,521,113,307,4,127.372,2,0.3,-30.9332
3678,3676,CA-2017-154109,20171106,20171111,521,1038,307,4,47.952,3,0.2,16.1838
3679,3677,CA-2015-156440,20151205,20151209,513,294,531,4,44.46,2,0.0,14.6718
3680,3678,CA-2015-132626,20150709,20150714,116,938,213,4,15.8,4,0.0,5.056
3681,3679,CA-2015-132626,20150709,20150714,116,1671,213,4,464.97,3,0.0,209.2365
3682,3680,CA-2015-132626,20150709,20150714,116,244,213,4,181.96,2,0.0,20.0156
3683,3681,CA-2015-132626,20150709,20150714,116,968,213,4,12.39,3,0.0,5.6994
3684,3682,CA-2015-132626,20150709,20150714,116,765,213,4,84.09,3,0.0,42.045
3685,3683,CA-2015-132626,20150709,20150714,116,576,213,4,79.36,4,0.0,32.5376
3686,3684,CA-2015-132626,20150709,20150714,116,812,213,4,153.36,9,0.0,70.5456
3687,3685,CA-2015-132626,20150709,20150714,116,713,213,4,43.68,6,0.0,21.4032
3688,3686,CA-2015-132626,20150709,20150714,116,1424,213,4,98.21,7,0.0,28.4809
3689,3687,CA-2016-102792,20161213,20161219,345,640,523,4,9.84,3,0.0,3.2472
3690,3688,CA-2016-108567,20160520,20160524,193,819,364,4,2.694,2,0.7,-2.245
3691,3689,CA-2017-140760,20170602,20170605,228,1192,457,3,25.344,6,0.2,7.92
3692,3690,CA-2017-140760,20170602,20170605,228,868,457,3,43.92,5,0.2,15.921
3693,3691,US-2015-131359,20151030,20151102,280,1649,560,3,59.994,2,0.7,-45.9954
3694,3692,US-2015-131359,20151030,20151102,280,1632,560,3,439.992,1,0.2,164.997
3695,3693,US-2015-131359,20151030,20151102,280,1876,560,3,87.96,5,0.2,30.786
3696,3694,US-2015-131359,20151030,20151102,280,248,560,3,15.488,4,0.2,3.6784
3697,3695,CA-2016-142097,20161015,20161020,616,737,448,4,232.96,7,0.0,116.48
3698,3696,CA-2016-142097,20161015,20161020,616,881,448,4,66.54,6,0.0,32.6046
3699,3697,CA-2016-142097,20161015,20161020,616,400,448,4,43.26,3,0.0,14.2758
3700,3698,CA-2015-151680,20151119,20151121,745,153,629,3,141.96,2,0.0,22.7136
3701,3699,CA-2014-140039,20140913,20140917,580,1349,462,4,79.4,5,0.2,5.955
3702,3700,CA-2017-160416,20171113,20171118,16,1600,274,3,163.96,4,0.0,70.5028
3703,3701,CA-2017-169411,20171224,20171229,14,194,269,4,37.93,1,0.0,6.8274
3704,3702,CA-2016-126543,20160109,20160113,501,227,297,3,15.168,2,0.2,3.792
3705,3703,CA-2015-104941,20150613,20150619,206,626,317,4,24.78,6,0.0,6.9384
3706,3704,CA-2015-104941,20150613,20150619,206,698,317,4,19.14,3,0.0,8.8044
3707,3705,CA-2015-104941,20150613,20150619,206,1640,317,4,899.97,3,0.0,314.9895
3708,3706,CA-2015-104941,20150613,20150619,206,1237,317,4,32.4,5,0.0,15.552
3709,3707,CA-2017-160087,20170318,20170322,275,544,142,4,23.832,3,0.2,6.5538
3710,3708,CA-2014-120544,20141123,20141127,714,208,166,4,6.368,2,0.6,-2.5472
3711,3709,CA-2014-120544,20141123,20141127,714,473,166,4,34.176,3,0.8,-87.1488
3712,3710,CA-2014-120544,20141123,20141127,714,1594,166,4,5.544,7,0.2,1.6632
3713,3711,CA-2017-113670,20171015,20171017,659,340,502,1,510.24,3,0.2,6.378
3714,3712,CA-2017-113670,20171015,20171017,659,1083,502,1,204.95,5,0.0,100.4255
3715,3713,CA-2017-166198,20170421,20170424,412,1496,627,1,11.54,1,0.0,3.462
3716,3714,CA-2017-166198,20170421,20170424,412,310,627,1,162.6,3,0.0,34.146
3717,3715,CA-2014-135608,20141208,20141210,379,1161,623,3,45.68,2,0.0,21.0128
3718,3716,CA-2014-135608,20141208,20141210,379,95,623,3,603.92,5,0.2,45.294
3719,3717,CA-2017-144568,20170529,20170602,399,953,112,4,23.55,5,0.0,1.1775
3720,3718,CA-2016-142370,20160919,20160923,757,1467,373,4,5.04,2,0.0,0.1512
3721,3719,CA-2016-142370,20160919,20160923,757,1569,373,4,249.95,5,0.0,107.4785
3722,3720,CA-2016-105900,20160917,20160923,107,567,37,4,33.4,5,0.0,12.358
3723,3721,CA-2016-151155,20161220,20161224,10,205,397,4,18.92,4,0.0,7.3788
3724,3722,CA-2016-151155,20161220,20161224,10,806,397,4,15.42,2,0.0,6.939
3725,3723,CA-2017-144036,20171122,20171126,290,484,155,4,35.712,8,0.2,2.232
3726,3724,US-2014-169789,20141230,20150104,501,842,459,4,551.985,5,0.7,-459.9875
3727,3725,CA-2017-127264,20170403,20170405,664,577,10,1,7.056,3,0.2,2.205
3728,3726,CA-2016-151512,20161226,20170102,692,391,560,4,18.72,2,0.2,3.51
3729,3727,CA-2016-165169,20160605,20160611,386,1366,207,4,360.38,2,0.0,93.6988
3730,3728,CA-2016-165169,20160605,20160611,386,484,207,4,11.16,2,0.0,2.79
3731,3729,CA-2016-165169,20160605,20160611,386,964,207,4,14.94,3,0.0,6.8724
3732,3730,CA-2015-109575,20150918,20150923,432,1441,213,4,41.96,2,0.0,7.9724
3733,3731,CA-2015-109575,20150918,20150923,432,1429,213,4,636.86,7,0.0,0.0
3734,3732,CA-2015-109575,20150918,20150923,432,1733,213,4,499.99,1,0.0,129.9974
3735,3733,CA-2015-109575,20150918,20150923,432,1734,213,4,1259.93,7,0.0,327.5818
3736,3734,CA-2015-109575,20150918,20150923,432,682,213,4,65.08,4,0.0,31.8892
3737,3735,CA-2017-168193,20170306,20170311,651,1182,264,3,26.38,1,0.0,12.1348
3738,3736,CA-2017-168193,20170306,20170311,651,234,264,3,71.97,3,0.0,16.5531
3739,3737,CA-2016-115476,20160317,20160317,782,1730,207,2,129.98,2,0.0,62.3904
3740,3738,CA-2016-115476,20160317,20160317,782,682,207,2,32.54,2,0.0,15.9446
3741,3739,CA-2016-133340,20161209,20161213,464,1857,73,4,10.9,1,0.0,3.052
3742,3740,CA-2016-133340,20161209,20161213,464,1511,73,4,59.98,2,0.0,25.1916
3743,3741,CA-2016-133340,20161209,20161213,464,431,73,4,61.929,1,0.1,23.3954
3744,3742,CA-2016-137848,20160115,20160121,788,867,264,4,16.52,4,0.0,7.5992
3745,3743,CA-2016-137848,20160115,20160121,788,1280,264,4,60.12,9,0.0,28.8576
3746,3744,CA-2016-137848,20160115,20160121,788,743,264,4,49.536,3,0.2,17.3376
3747,3745,CA-2014-113047,20141024,20141024,45,938,422,2,11.85,3,0.0,3.792
3748,3746,CA-2016-149979,20160923,20160928,619,1406,373,3,118.25,5,0.0,34.2925
3749,3747,CA-2016-149979,20160923,20160928,619,86,373,3,368.97,3,0.0,81.1734
3750,3748,CA-2017-161956,20170827,20170829,234,245,488,3,198.46,2,0.0,99.23
3751,3749,CA-2017-161956,20170827,20170829,234,410,488,3,321.92,4,0.0,96.576
3752,3750,CA-2017-161956,20170827,20170829,234,1632,488,3,879.984,2,0.2,329.994
3753,3751,CA-2017-161956,20170827,20170829,234,1461,488,3,28.4,5,0.0,8.236
3754,3752,CA-2017-161956,20170827,20170829,234,136,488,3,230.28,3,0.2,23.028
3755,3753,CA-2017-161956,20170827,20170829,234,1113,488,3,116.28,3,0.0,56.9772
3756,3754,CA-2017-161956,20170827,20170829,234,791,488,3,841.568,2,0.2,294.5488
3757,3755,CA-2017-161956,20170827,20170829,234,1360,488,3,354.9,5,0.0,17.745
3758,3756,CA-2016-116799,20160303,20160306,367,1155,168,1,42.784,7,0.2,15.5092
3759,3757,CA-2016-116799,20160303,20160306,367,137,168,1,563.43,5,0.3,-56.343
3760,3758,CA-2016-111283,20160229,20160304,451,535,294,4,111.104,7,0.2,8.3328
3761,3759,CA-2015-167745,20150918,20150923,295,599,503,4,11.68,2,0.0,5.4896
3762,3760,CA-2015-167745,20150918,20150923,295,1480,503,4,16.9,2,0.0,5.07
3763,3761,CA-2015-167745,20150918,20150923,295,193,503,4,24.4,2,0.0,10.248
3764,3762,CA-2017-104577,20170512,20170517,148,1081,222,4,87.6,5,0.0,42.048
3765,3763,CA-2016-156251,20160813,20160818,762,7,195,3,241.96,2,0.0,24.196
3766,3764,CA-2016-156251,20160813,20160818,762,789,195,3,8.52,3,0.0,4.1748
3767,3765,CA-2017-125878,20170225,20170302,515,755,9,4,1.788,3,0.8,-3.0396
3768,3766,CA-2016-163153,20160321,20160325,223,382,153,4,99.372,2,0.3,-1.4196
3769,3767,CA-2016-163153,20160321,20160325,223,542,153,4,1.344,1,0.2,0.504
3770,3768,CA-2015-103205,20151208,20151210,375,1887,153,3,119.96,5,0.2,11.996
3771,3769,CA-2014-153913,20141216,20141220,418,66,342,3,1013.832,9,0.2,101.3832
3772,3770,CA-2014-153913,20141216,20141220,418,919,342,3,1.984,2,0.2,0.6696
3773,3771,CA-2016-155530,20161217,20161221,158,375,534,4,2003.52,6,0.2,-325.572
3774,3772,US-2016-101196,20160512,20160517,287,1438,306,4,82.368,2,0.2,-19.5624
3775,3773,CA-2014-115357,20140806,20140811,641,1482,418,3,62.91,3,0.0,22.6476
3776,3774,US-2014-102715,20140411,20140413,378,930,353,3,6.912,3,0.2,2.3328
3777,3775,US-2014-102715,20140411,20140413,378,1538,353,3,383.976,3,0.2,81.5949
3778,3776,US-2014-102715,20140411,20140413,378,1029,353,3,10.368,2,0.2,3.6288
3779,3777,US-2014-102715,20140411,20140413,378,1533,353,3,335.944,7,0.2,41.993
3780,3778,CA-2015-107937,20150503,20150508,344,223,473,4,665.88,6,0.0,106.5408
3781,3779,US-2017-148768,20171130,20171202,602,1809,353,3,71.976,3,0.2,8.997
3782,3780,CA-2017-118521,20170216,20170220,460,1241,266,4,37.94,2,0.0,18.2112
3783,3781,CA-2014-149643,20141116,20141120,644,1708,60,4,273.96,2,0.0,10.9584
3784,3782,CA-2015-135314,20150709,20150714,489,1829,304,3,269.982,3,0.4,40.4973
3785,3783,CA-2017-165204,20171113,20171116,529,1239,435,3,8.904,3,0.2,3.339
3786,3784,CA-2017-165204,20171113,20171116,529,1423,435,3,720.064,4,0.2,-63.0056
3787,3785,CA-2017-125752,20170731,20170804,262,1589,341,4,41.424,2,0.2,8.2848
3788,3786,CA-2017-112487,20171226,20171230,746,667,279,4,3.132,2,0.7,-2.61
3789,3787,CA-2016-144218,20161031,20161104,350,1400,502,4,1085.42,7,0.0,282.2092
3790,3788,CA-2016-169971,20160904,20160909,337,571,154,4,3.912,1,0.2,1.0269
3791,3789,CA-2016-169971,20160904,20160909,337,513,154,4,62.376,3,0.2,7.0173
3792,3790,US-2016-133508,20160417,20160421,727,916,112,4,29.05,5,0.0,9.0055
3793,3791,CA-2014-107139,20140705,20140711,233,716,498,4,180.96,6,0.2,67.86
3794,3792,CA-2015-111325,20150227,20150228,112,664,300,1,4.419,3,0.7,-3.3879
3795,3793,CA-2015-111325,20150227,20150228,112,559,300,1,16.032,6,0.2,2.2044
3796,3794,CA-2015-163762,20151127,20151201,354,544,265,4,29.79,3,0.0,12.5118
3797,3795,US-2014-117163,20140127,20140202,264,1422,530,4,57.23,1,0.0,14.3075
3798,3796,US-2014-117163,20140127,20140202,264,363,530,4,333.0,3,0.2,-16.65
3799,3797,US-2014-117163,20140127,20140202,264,582,530,4,36.44,4,0.0,12.0252
3800,3798,CA-2017-121314,20170923,20170926,77,1238,352,1,251.64,3,0.2,88.074
3801,3799,CA-2017-147760,20171104,20171105,434,379,409,1,523.764,3,0.4,-192.0468
3802,3800,CA-2017-147760,20171104,20171105,434,1803,409,1,1359.96,5,0.2,118.9965
3803,3801,CA-2016-156503,20161014,20161020,556,110,412,4,102.592,1,0.2,10.2592
3804,3802,CA-2016-156503,20161014,20161020,556,1557,412,4,22.704,1,0.2,5.9598
3805,3803,CA-2016-156503,20161014,20161020,556,1185,412,4,93.024,3,0.2,33.7212
3806,3804,CA-2016-156503,20161014,20161020,556,1450,412,4,12.768,2,0.2,1.4364
3807,3805,CA-2016-156503,20161014,20161020,556,870,412,4,35.008,4,0.2,13.128
3808,3806,CA-2016-156503,20161014,20161020,556,1189,412,4,39.152,1,0.2,14.682
3809,3807,CA-2015-113628,20151112,20151119,35,524,361,4,11.76,5,0.2,1.323
3810,3808,CA-2015-113628,20151112,20151119,35,779,361,4,5.238,2,0.7,-4.0158
3811,3809,CA-2015-113628,20151112,20151119,35,760,361,4,4.662,3,0.7,-3.7296
3812,3810,CA-2015-113628,20151112,20151119,35,105,361,4,523.92,5,0.2,-72.039
3813,3811,CA-2015-113628,20151112,20151119,35,1722,361,4,100.792,1,0.2,10.0792
3814,3812,CA-2015-113628,20151112,20151119,35,126,361,4,146.136,3,0.2,16.4403
3815,3813,CA-2017-147753,20170305,20170305,598,1005,190,2,25.06,2,0.0,11.7782
3816,3814,CA-2015-103961,20151105,20151109,565,1020,28,4,19.824,6,0.2,6.4428
3817,3815,CA-2016-152471,20160708,20160708,793,1821,345,2,823.96,5,0.2,51.4975
3818,3816,CA-2016-152471,20160708,20160708,793,1307,345,2,15.984,2,0.2,4.995
3819,3817,CA-2015-102582,20150915,20150919,578,365,321,4,801.96,2,0.0,200.49
3820,3818,CA-2015-102582,20150915,20150919,578,1834,321,4,59.97,3,0.0,0.0
3821,3819,CA-2015-102582,20150915,20150919,578,133,321,4,1056.86,7,0.0,306.4894
3822,3820,CA-2017-141873,20171009,20171014,322,684,265,4,12.816,3,0.2,4.3254
3823,3821,CA-2017-141873,20171009,20171014,322,28,265,4,314.352,3,0.2,-15.7176
3824,3822,CA-2017-141873,20171009,20171014,322,1033,265,4,18.98,2,0.0,8.9206
3825,3823,CA-2017-141873,20171009,20171014,322,792,265,4,18.24,6,0.2,6.156
3826,3824,CA-2015-140984,20150914,20150918,138,1327,264,4,991.2,6,0.0,257.712
3827,3825,CA-2015-140984,20150914,20150918,138,1632,264,4,879.984,2,0.2,329.994
3828,3826,CA-2015-140984,20150914,20150918,138,731,264,4,12.96,9,0.2,4.536
3829,3827,CA-2014-132801,20141007,20141012,368,1353,141,4,107.44,10,0.2,10.744
3830,3828,CA-2017-141733,20170507,20170511,661,122,70,4,1458.65,5,0.0,423.0085
3831,3829,CA-2017-141733,20170507,20170511,661,82,70,4,26.64,1,0.0,7.4592
3832,3830,CA-2017-141733,20170507,20170511,661,60,70,4,476.8,2,0.0,119.2
3833,3831,CA-2017-141733,20170507,20170511,661,419,70,4,87.444,2,0.1,18.4604
3834,3832,US-2015-111927,20151114,20151119,475,288,206,4,76.14,3,0.0,26.649
3835,3833,US-2015-111927,20151114,20151119,475,754,206,4,19.96,2,0.0,9.3812
3836,3834,CA-2014-105984,20141124,20141124,550,1726,279,2,1049.97,5,0.4,-209.994
3837,3835,CA-2014-105984,20141124,20141124,550,64,279,2,611.058,3,0.3,-34.9176
3838,3836,CA-2014-100363,20140408,20140415,394,921,456,4,2.368,2,0.2,0.8288
3839,3837,CA-2014-100363,20140408,20140415,394,1299,456,4,19.008,3,0.2,6.8904
3840,3838,CA-2014-126760,20140726,20140802,439,1748,584,4,911.984,2,0.2,113.998
3841,3839,CA-2014-126760,20140726,20140802,439,106,584,4,674.352,3,0.2,-109.5822
3842,3840,CA-2014-126760,20140726,20140802,439,290,584,4,134.01,9,0.0,36.1827
3843,3841,CA-2014-126760,20140726,20140802,439,1621,584,4,170.97,3,0.0,70.0977
3844,3842,US-2014-109162,20140608,20140612,427,96,425,4,170.352,3,0.2,10.647
3845,3843,CA-2014-101931,20141028,20141031,765,819,503,1,7.184,2,0.2,2.245
3846,3844,CA-2014-101931,20141028,20141031,765,1460,503,1,6.28,2,0.0,0.0628
3847,3845,CA-2014-101931,20141028,20141031,765,1448,503,1,480.74,2,0.0,14.4222
3848,3846,CA-2014-101931,20141028,20141031,765,7,503,1,616.998,6,0.15,-36.294
3849,3847,CA-2014-101931,20141028,20141031,765,1414,503,1,141.4,5,0.0,38.178
3850,3848,CA-2017-129000,20171125,20171127,730,1350,65,3,501.81,3,0.0,0.0
3851,3849,CA-2017-161053,20170922,20170923,357,829,325,1,691.96,4,0.0,318.3016
3852,3850,CA-2017-161053,20170922,20170923,357,1615,325,1,34.95,5,0.0,15.378
3853,3851,CA-2015-142377,20151204,20151209,542,1162,108,4,85.96,7,0.0,40.4012
3854,3852,CA-2015-127593,20150921,20150921,207,287,231,2,85.3,2,0.0,14.501
3855,3853,CA-2017-130526,20171126,20171129,313,705,29,1,33.568,8,0.8,-53.7088
3856,3854,US-2017-131849,20170606,20170610,299,298,534,4,4.95,1,0.0,2.178
3857,3855,US-2017-131849,20170606,20170610,299,1404,534,4,26.4,5,0.0,0.0
3858,3856,US-2017-105389,20171023,20171028,224,832,177,3,3.564,3,0.8,-6.237
3859,3857,US-2017-105389,20171023,20171028,224,1821,177,3,823.96,5,0.2,51.4975
3860,3858,US-2017-105389,20171023,20171028,224,500,177,3,10.272,3,0.2,0.8988
3861,3859,CA-2014-140816,20141220,20141220,744,1522,570,2,447.944,7,0.2,89.5888
3862,3860,CA-2017-154039,20170217,20170222,383,346,10,4,480.96,3,0.5,-269.3376
3863,3861,CA-2017-154039,20170217,20170222,383,1818,10,4,124.792,1,0.2,10.9193
3864,3862,CA-2014-135755,20140503,20140510,556,854,274,4,40.176,3,0.2,14.5638
3865,3863,CA-2014-135755,20140503,20140510,556,809,274,4,10.896,3,0.2,3.9498
3866,3864,CA-2017-123246,20171017,20171019,40,540,530,3,10.64,4,0.0,2.7664
3867,3865,CA-2015-157133,20151128,20151203,452,321,7,4,151.96,5,0.6,-182.352
3868,3866,CA-2014-124709,20140727,20140729,314,1567,534,3,238.0,2,0.0,38.08
3869,3867,CA-2017-146360,20170423,20170425,673,1589,43,3,155.34,6,0.0,55.9224
3870,3868,CA-2015-132486,20151023,20151027,361,1499,531,3,148.32,9,0.0,63.7776
3871,3869,CA-2015-132486,20151023,20151027,361,127,531,3,240.784,1,0.2,27.0882
3872,3870,CA-2015-132486,20151023,20151027,361,128,531,3,191.968,7,0.2,16.7972
3873,3871,CA-2015-132486,20151023,20151027,361,1308,531,3,11.56,2,0.0,5.6644
3874,3872,CA-2015-132486,20151023,20151027,361,885,531,3,11.8,4,0.0,5.664
3875,3873,CA-2015-132486,20151023,20151027,361,79,531,3,842.352,3,0.2,42.1176
3876,3874,CA-2016-136231,20160905,20160907,224,866,432,3,23.472,3,0.2,7.6284
3877,3875,CA-2016-136231,20160905,20160907,224,710,432,3,86.058,7,0.7,-63.1092
3878,3876,CA-2016-136231,20160905,20160907,224,1815,432,3,108.784,2,0.2,6.799
3879,3877,CA-2016-136231,20160905,20160907,224,1055,432,3,10.272,3,0.2,3.21
3880,3878,CA-2016-140641,20161028,20161102,276,696,369,4,38.19,5,0.7,-26.733
3881,3879,CA-2014-151001,20140405,20140407,368,1415,12,1,49.632,4,0.2,3.7224
3882,3880,CA-2014-151001,20140405,20140407,368,1348,12,1,52.096,4,0.2,3.9072
3883,3881,CA-2015-129896,20150615,20150620,589,1179,455,4,9.568,2,0.2,2.99
3884,3882,CA-2015-129896,20150615,20150620,589,1438,455,4,82.368,2,0.2,-19.5624
3885,3883,CA-2015-129896,20150615,20150620,589,321,455,4,364.704,6,0.2,-36.4704
3886,3884,CA-2015-129896,20150615,20150620,589,226,455,4,40.256,4,0.2,11.0704
3887,3885,CA-2014-152849,20140705,20140712,240,573,433,4,4.368,3,0.2,0.3822
3888,3886,US-2017-127341,20170129,20170202,150,687,10,4,12.128,4,0.8,-20.6176
3889,3887,CA-2016-167759,20160303,20160308,137,1832,36,3,134.85,3,0.0,37.758
3890,3888,CA-2014-100895,20140602,20140606,722,631,377,4,8.56,2,0.0,2.6536
3891,3889,CA-2014-100895,20140602,20140606,722,1749,377,4,239.97,3,0.0,67.1916
3892,3890,CA-2014-100895,20140602,20140606,722,1365,377,4,356.94,2,0.0,107.082
3893,3891,US-2016-163881,20161124,20161130,710,1573,501,4,659.9,2,0.0,217.767
3894,3892,US-2016-163881,20161124,20161130,710,72,501,4,1684.752,6,0.2,210.594
3895,3893,US-2016-163881,20161124,20161130,710,1493,501,4,559.92,8,0.0,190.3728
3896,3894,US-2016-144547,20161110,20161114,540,1626,153,4,279.944,7,0.2,48.9902
3897,3895,US-2014-112200,20141122,20141128,745,754,4,4,9.98,5,0.8,-16.467
3898,3896,CA-2017-110212,20170501,20170505,695,1550,332,4,48.9,5,0.0,18.093
3899,3897,CA-2017-134285,20171207,20171212,237,921,177,4,3.552,3,0.2,1.2432
3900,3898,CA-2017-134285,20171207,20171212,237,1052,177,4,15.552,3,0.2,5.4432
3901,3899,CA-2017-102267,20171130,20171204,681,921,144,4,2.368,2,0.2,0.8288
3902,3900,CA-2017-157980,20171207,20171209,693,1561,297,1,127.984,2,0.2,25.5968
3903,3901,CA-2015-121097,20150103,20150108,687,1157,129,4,10.368,2,0.2,3.6288
3904,3902,CA-2015-151043,20151114,20151120,504,1509,307,4,47.984,2,0.2,-1.1996
3905,3903,US-2015-119312,20151002,20151007,178,1346,502,3,270.34,14,0.0,75.6952
3906,3904,CA-2015-167010,20150405,20150410,786,468,307,4,98.112,7,0.2,18.396
3907,3905,CA-2015-167010,20150405,20150410,786,1426,307,4,563.808,4,0.2,21.1428
3908,3906,CA-2015-167010,20150405,20150410,786,736,307,4,10.428,4,0.7,-6.952
3909,3907,CA-2015-167010,20150405,20150410,786,185,307,4,547.136,4,0.2,-68.392
3910,3908,CA-2015-167010,20150405,20150410,786,1718,307,4,14.85,5,0.4,-3.2175
3911,3909,CA-2015-167010,20150405,20150410,786,1823,307,4,41.988,2,0.4,-9.7972
3912,3910,CA-2015-167010,20150405,20150410,786,175,307,4,7.584,1,0.2,2.37
3913,3911,CA-2015-167010,20150405,20150410,786,42,307,4,352.45,5,0.5,-211.47
3914,3912,CA-2017-126788,20170605,20170606,7,1764,170,1,470.376,3,0.2,52.9173
3915,3913,CA-2017-148068,20170918,20170925,528,1133,266,4,19.44,3,0.0,9.3312
3916,3914,CA-2017-148068,20170918,20170925,528,222,266,4,9.82,2,0.0,3.2406
3917,3915,US-2017-142573,20170718,20170723,521,346,459,4,801.6,5,0.5,-448.896
3918,3916,US-2017-142573,20170718,20170723,521,123,459,4,161.568,2,0.2,10.098
3919,3917,US-2017-142573,20170718,20170723,521,1047,459,4,16.096,2,0.2,5.2312
3920,3918,US-2017-142573,20170718,20170723,521,782,459,4,7.656,4,0.7,-6.1248
3921,3919,US-2017-142573,20170718,20170723,521,58,459,4,311.976,3,0.2,-42.8967
3922,3920,US-2015-148817,20151201,20151207,425,1357,442,4,61.68,4,0.0,16.6536
3923,3921,US-2015-148817,20151201,20151207,425,826,442,4,63.96,4,0.0,30.7008
3924,3922,CA-2016-110044,20160628,20160702,641,1744,8,3,359.976,3,0.2,35.9976
3925,3923,CA-2017-146920,20170828,20170901,673,1192,9,4,25.344,6,0.2,7.92
3926,3924,CA-2017-146920,20170828,20170901,673,1121,9,4,26.72,5,0.2,9.352
3927,3925,CA-2014-103940,20140917,20140921,96,1443,627,4,30.28,2,0.0,1.2112
3928,3926,CA-2014-103940,20140917,20140921,96,1346,627,4,57.93,3,0.0,16.2204
3929,3927,CA-2014-103940,20140917,20140921,96,313,627,4,35.34,2,0.0,13.4292
3930,3928,CA-2014-103940,20140917,20140921,96,757,627,4,137.24,5,0.2,46.3185
3931,3929,CA-2016-162082,20160314,20160317,408,45,152,1,241.332,5,0.32,-14.196
3932,3930,CA-2016-162082,20160314,20160317,408,1156,152,1,5.184,1,0.2,1.8792
3933,3931,CA-2016-162082,20160314,20160317,408,513,152,1,145.544,7,0.2,16.3737
3934,3932,CA-2016-132094,20160826,20160902,780,624,306,4,5.472,3,0.2,1.6416
3935,3933,CA-2016-132094,20160826,20160902,780,1511,306,4,47.984,2,0.2,13.1956
3936,3934,CA-2017-123001,20170902,20170908,61,545,468,4,9.4,5,0.0,2.726
3937,3935,CA-2017-123001,20170902,20170908,61,1021,468,4,74.0,5,0.0,37.0
3938,3936,CA-2017-123001,20170902,20170908,61,1841,468,4,201.584,2,0.2,12.599
3939,3937,CA-2015-118955,20150616,20150620,475,865,149,4,28.752,3,0.2,9.3444
3940,3938,CA-2015-118955,20150616,20150620,475,1275,149,4,27.216,3,0.2,9.8658
3941,3939,CA-2015-118955,20150616,20150620,475,75,149,4,197.372,2,0.3,-25.3764
3942,3940,US-2016-143448,20161210,20161210,512,107,39,2,1424.9,5,0.0,356.225
3943,3941,CA-2017-117863,20170518,20170523,764,228,265,4,14.56,2,0.0,6.2608
3944,3942,CA-2017-117863,20170518,20170523,764,671,265,4,3.048,1,0.2,1.0287
3945,3943,CA-2017-160458,20170527,20170529,259,1104,435,3,25.92,5,0.2,9.072
3946,3944,US-2016-142685,20160623,20160630,505,1445,255,4,835.17,7,0.0,16.7034
3947,3945,CA-2016-133144,20160516,20160521,228,1308,501,3,17.34,3,0.0,8.4966
3948,3946,CA-2017-167871,20171118,20171123,17,1165,344,4,44.384,1,0.2,15.5344
3949,3947,CA-2017-167871,20171118,20171123,17,1455,344,4,2.944,1,0.2,-0.6624
3950,3948,CA-2016-119963,20161118,20161122,705,596,169,4,6.368,2,0.2,1.0348
3951,3949,CA-2016-119963,20161118,20161122,705,1004,169,4,48.848,2,0.2,15.8756
3952,3950,CA-2016-119963,20161118,20161122,705,1162,169,4,19.648,2,0.2,6.6312
3953,3951,CA-2016-119963,20161118,20161122,705,114,169,4,255.108,6,0.3,-18.222
3954,3952,CA-2014-121167,20141128,20141130,530,795,256,3,17.248,2,0.2,6.0368
3955,3953,US-2016-151862,20160301,20160308,580,1843,560,4,159.984,2,0.2,13.9986
3956,3954,CA-2017-152961,20170115,20170119,670,1298,231,4,12.7,2,0.0,5.842
3957,3955,CA-2014-133228,20140404,20140409,539,291,68,4,5.47,1,0.0,2.3521
3958,3956,CA-2014-133228,20140404,20140409,539,549,68,4,79.36,4,0.0,23.808
3959,3957,CA-2016-114951,20160626,20160703,227,224,532,4,22.14,3,0.0,6.4206
3960,3958,CA-2016-156573,20160529,20160602,622,748,437,4,11.277,3,0.7,-8.6457
3961,3959,CA-2016-156573,20160529,20160602,622,605,437,4,4.448,2,0.2,0.3336
3962,3960,CA-2016-156573,20160529,20160602,622,177,437,4,44.76,3,0.2,14.547
3963,3961,CA-2015-113901,20151019,20151024,566,698,69,4,38.28,6,0.0,17.6088
3964,3962,CA-2015-113901,20151019,20151024,566,1809,69,4,149.95,5,0.0,44.985
3965,3963,CA-2017-134838,20170219,20170220,256,500,502,1,12.84,3,0.0,3.4668
3966,3964,CA-2017-134838,20170219,20170220,256,290,502,1,44.67,3,0.0,12.0609
3967,3965,CA-2016-120257,20160922,20160928,615,594,306,4,7.872,3,0.2,0.8856
3968,3966,CA-2014-164910,20141112,20141117,225,601,399,3,7.872,3,0.2,0.8856
3969,3967,CA-2016-149902,20160401,20160406,242,575,265,4,88.04,4,0.0,22.8904
3970,3968,CA-2016-146010,20160520,20160523,262,790,558,1,40.635,7,0.7,-32.508
3971,3969,US-2015-163685,20150601,20150605,427,725,177,4,5.728,8,0.8,-9.1648
3972,3970,US-2015-163685,20150601,20150605,427,1198,177,4,42.24,10,0.2,13.2
3973,3971,CA-2014-135090,20141122,20141126,711,1179,501,4,53.82,9,0.0,24.219
3974,3972,CA-2015-132374,20150222,20150224,611,535,83,3,79.36,4,0.0,20.6336
3975,3973,CA-2016-167556,20160329,20160402,390,1062,263,4,13.48,2,0.0,6.74
3976,3974,CA-2016-167556,20160329,20160402,390,799,263,4,29.8,5,0.2,9.3125
3977,3975,CA-2016-167556,20160329,20160402,390,318,263,4,414.0,8,0.0,124.2
3978,3976,CA-2016-167556,20160329,20160402,390,663,263,4,41.328,7,0.2,14.9814
3979,3977,US-2016-116400,20161022,20161024,251,273,446,1,39.92,4,0.0,11.1776
3980,3978,CA-2017-101308,20171002,20171007,283,939,628,4,8.94,3,0.0,4.1124
3981,3979,CA-2017-101308,20171002,20171007,283,1851,628,4,84.784,2,0.2,-20.1362
3982,3980,CA-2014-114517,20141223,20141227,752,338,265,4,53.316,2,0.4,-19.5492
3983,3981,CA-2014-114517,20141223,20141227,752,432,265,4,56.52,3,0.0,15.8256
3984,3982,CA-2017-119564,20171215,20171220,599,251,629,4,22.77,3,0.0,9.7911
3985,3983,CA-2016-135265,20160707,20160709,132,103,502,3,287.968,4,0.2,-3.5996
3986,3984,CA-2016-135265,20160707,20160709,132,1638,502,3,2799.96,5,0.2,944.9865
3987,3985,CA-2016-135265,20160707,20160709,132,1212,502,3,48.94,1,0.0,24.47
3988,3986,CA-2016-108735,20160417,20160421,392,33,494,4,257.499,3,0.15,24.2352
3989,3987,CA-2017-112333,20170408,20170414,428,1376,251,4,2591.56,4,0.0,621.9744
3990,3988,CA-2017-112333,20170408,20170414,428,424,251,4,41.95,5,0.0,10.4875
3991,3989,US-2016-159415,20160417,20160422,175,275,428,4,79.12,5,0.2,13.846
3992,3990,CA-2014-122588,20141125,20141127,49,178,313,3,52.96,2,0.0,20.1248
3993,3991,CA-2014-137589,20141103,20141108,540,1445,303,4,286.344,3,0.2,-64.4274
3994,3992,CA-2015-161998,20150501,20150505,192,178,369,4,63.552,3,0.2,14.2992
3995,3993,CA-2015-161998,20150501,20150505,192,1473,369,4,41.376,3,0.2,4.6548
3996,3994,CA-2015-161998,20150501,20150505,192,619,369,4,172.704,6,0.2,10.794
3997,3995,CA-2015-105627,20150308,20150312,212,27,187,4,512.94,3,0.0,97.4586
3998,3996,CA-2015-105627,20150308,20150312,212,86,187,4,860.93,7,0.0,189.4046
3999,3997,CA-2015-105627,20150308,20150312,212,1828,187,4,769.95,5,0.0,223.2855
4000,3998,CA-2015-105627,20150308,20150312,212,569,187,4,14.98,1,0.0,4.494
4001,3999,CA-2015-105627,20150308,20150312,212,154,187,4,373.08,6,0.0,82.0776
4002,4000,US-2015-149629,20150717,20150720,534,49,364,3,231.92,5,0.2,5.798
4003,4018,CA-2015-165624,20150823,20150828,285,1193,372,4,97.88,2,0.0,48.94
4004,4019,CA-2015-165624,20150823,20150828,285,1612,372,4,251.91,9,0.0,47.8629
4005,4001,CA-2014-116834,20141011,20141016,245,180,629,4,63.47,11,0.0,19.041
4006,4002,CA-2014-116834,20141011,20141016,245,1570,629,4,345.0,5,0.0,58.65
4007,4003,CA-2016-145730,20160303,20160308,131,383,177,4,637.896,3,0.3,-127.5792
4008,4004,CA-2016-145730,20160303,20160308,131,1655,177,4,287.91,3,0.4,33.5895
4009,4005,CA-2016-145730,20160303,20160308,131,862,177,4,36.6,3,0.2,11.895
4010,4006,US-2015-168732,20151210,20151216,438,579,377,4,1.78,1,0.0,0.4984
4011,4007,US-2015-168732,20151210,20151216,438,1069,377,4,25.92,4,0.0,12.4416
4012,4008,US-2015-168732,20151210,20151216,438,1525,377,4,101.94,6,0.0,21.4074
4013,4009,CA-2015-107468,20151218,20151222,518,500,566,4,6.848,2,0.2,0.5992
4014,4010,CA-2017-144463,20170101,20170105,679,181,501,4,474.43,11,0.0,199.2606
4015,4011,CA-2017-100811,20171121,20171124,134,1106,307,1,8.448,2,0.2,2.64
4016,4012,CA-2017-100811,20171121,20171124,134,1393,307,1,39.296,4,0.2,3.9296
4017,4013,CA-2015-153612,20151222,20151227,111,486,192,4,17.12,4,0.0,4.9648
4018,4014,CA-2015-165624,20150823,20150828,285,402,372,4,542.94,3,0.0,152.0232
4019,4015,CA-2015-165624,20150823,20150828,285,1000,372,4,8.64,3,0.0,4.2336
4020,4016,CA-2015-165624,20150823,20150828,285,1185,372,4,193.8,5,0.0,94.962
4021,4017,CA-2015-165624,20150823,20150828,285,1260,372,4,21.4,5,0.0,9.63
4022,4020,CA-2015-165624,20150823,20150828,285,418,372,4,25.86,3,0.0,6.7236
4023,4021,CA-2014-154963,20140622,20140627,4,131,302,4,170.058,3,0.3,-4.8588
4024,4022,CA-2014-154963,20140622,20140627,4,1862,302,4,82.782,3,0.4,-15.1767
4025,4023,CA-2014-154963,20140622,20140627,4,57,302,4,853.93,5,0.3,0.0
4026,4024,CA-2017-130764,20171027,20171028,397,28,533,1,556.665,5,0.15,6.549
4027,4025,CA-2017-130764,20171027,20171028,397,1835,533,1,95.84,4,0.2,34.742
4028,4026,CA-2017-139311,20170811,20170813,687,1143,131,1,29.664,4,0.2,10.0116
4029,4027,CA-2017-139311,20170811,20170813,687,632,131,1,9.184,7,0.2,2.87
4030,4028,CA-2017-139311,20170811,20170813,687,1760,131,1,153.584,2,0.2,13.4386
4031,4029,CA-2017-139311,20170811,20170813,687,823,131,1,12.864,8,0.8,-22.512
4032,4030,CA-2017-124296,20171224,20171228,177,1682,392,4,479.97,3,0.0,239.985
4033,4031,CA-2017-124296,20171224,20171228,177,94,392,4,232.88,4,0.0,60.5488
4034,4032,CA-2016-169957,20160926,20160930,705,397,616,4,236.88,6,0.0,66.3264
4035,4033,CA-2016-169957,20160926,20160930,705,1268,616,4,29.9,5,0.0,14.651
4036,4034,CA-2016-169957,20160926,20160930,705,1575,616,4,100.0,4,0.0,21.0
4037,4035,US-2016-108777,20161212,20161212,394,810,289,2,18.693,3,0.7,-14.3313
4038,4036,US-2016-108777,20161212,20161212,394,1561,289,2,383.952,6,0.2,76.7904
4039,4037,CA-2015-148859,20151228,20160101,285,1442,9,4,24.816,2,0.2,1.551
4040,4038,CA-2014-110786,20141229,20150102,38,160,533,4,24.9,5,0.0,8.217
4041,4039,CA-2014-110786,20141229,20150102,38,1070,533,4,21.12,4,0.0,9.504
4042,4040,CA-2014-110786,20141229,20150102,38,1682,533,4,767.952,6,0.2,287.982
4043,4041,CA-2014-110786,20141229,20150102,38,780,533,4,14.352,3,0.2,4.6644
4044,4042,CA-2014-110786,20141229,20150102,38,1749,533,4,191.976,3,0.2,19.1976
4045,4043,CA-2014-110786,20141229,20150102,38,978,533,4,274.77,9,0.0,126.3942
4046,4044,CA-2014-110786,20141229,20150102,38,163,533,4,70.56,6,0.0,23.9904
4047,4045,CA-2015-137750,20150625,20150630,364,210,533,4,204.85,5,0.0,57.358
4048,4046,CA-2015-136378,20150402,20150407,171,798,155,4,9.156,3,0.8,-13.734
4049,4047,CA-2017-100356,20171021,20171025,711,427,10,4,23.992,2,0.8,-62.3792
4050,4048,US-2015-166520,20150716,20150719,427,1068,266,1,80.88,3,0.0,39.6312
4051,4049,US-2015-166520,20150716,20150719,427,1536,266,1,599.9,10,0.0,191.968
4052,4050,CA-2017-136350,20170624,20170626,293,267,264,3,276.69,3,0.0,49.8042
4053,4051,CA-2017-136350,20170624,20170626,293,80,264,3,172.764,2,0.1,32.6332
4054,4052,CA-2014-122931,20140929,20141003,703,591,305,4,4.224,3,0.2,1.4784
4055,4053,CA-2014-122931,20140929,20141003,703,374,305,4,409.272,2,0.4,-81.8544
4056,4054,CA-2014-122931,20140929,20141003,703,996,305,4,55.44,11,0.2,18.018
4057,4055,CA-2014-122931,20140929,20141003,703,1071,305,4,20.928,4,0.2,6.8016
4058,4056,CA-2014-122931,20140929,20141003,703,1435,305,4,1801.632,6,0.2,-337.806
4059,4057,CA-2014-122931,20140929,20141003,703,371,305,4,67.176,1,0.4,-20.1528
4060,4058,CA-2014-163034,20141124,20141128,213,1313,8,4,646.2,5,0.2,-8.0775
4061,4059,CA-2015-124058,20151120,20151124,452,1883,511,4,72.744,7,0.2,-15.4581
4062,4060,CA-2015-124058,20151120,20151124,452,60,511,4,572.16,3,0.2,35.76
4063,4061,CA-2016-129196,20161101,20161107,789,1557,8,4,68.112,3,0.2,17.8794
4064,4062,US-2015-138716,20150917,20150920,171,712,628,1,25.032,3,0.2,7.8225
4065,4063,US-2016-122182,20160310,20160314,75,1566,307,4,39.992,1,0.2,7.4985
4066,4064,US-2014-130358,20140623,20140626,221,570,404,1,20.016,9,0.2,1.7514
4067,4065,US-2014-130358,20140623,20140626,221,1462,404,1,3.104,1,0.2,0.3492
4068,4066,CA-2014-102673,20141101,20141105,432,944,403,4,7.52,5,0.2,1.41
4069,4067,CA-2014-102673,20141101,20141105,432,500,403,4,10.272,3,0.2,0.8988
4070,4694,CA-2014-138681,20141220,20141222,182,1233,463,1,8.448,2,0.2,2.64
4071,4068,CA-2014-102673,20141101,20141105,432,982,403,4,47.808,12,0.2,15.5376
4072,4069,CA-2014-102673,20141101,20141105,432,1872,403,4,978.84,9,0.2,110.1195
4073,4070,CA-2016-145303,20160828,20160831,758,649,140,1,13.14,9,0.8,-21.681
4074,4071,CA-2016-145303,20160828,20160831,758,748,140,1,10.024,4,0.8,-16.5396
4075,4072,CA-2016-145303,20160828,20160831,758,29,140,1,156.3728,2,0.32,-52.8908
4076,4073,CA-2015-156104,20151206,20151208,573,1635,40,3,999.98,2,0.0,449.991
4077,4074,US-2015-164308,20150924,20150927,677,1865,114,1,821.94,6,0.0,213.7044
4078,4075,CA-2017-108112,20171115,20171120,212,265,354,4,220.064,4,0.2,55.016
4079,4076,CA-2017-108112,20171115,20171120,212,190,354,4,339.136,4,0.2,0.0
4080,4077,CA-2015-100685,20151219,20151221,703,775,112,3,7.04,2,0.0,3.3088
4081,4078,CA-2015-100685,20151219,20151221,703,948,112,3,5.04,4,0.0,0.2016
4082,4079,CA-2015-100685,20151219,20151221,703,1113,112,3,116.28,3,0.0,56.9772
4083,4080,CA-2015-165414,20151221,20151224,476,1793,412,1,47.976,3,0.2,4.7976
4084,4081,CA-2016-140417,20160925,20160929,427,1060,602,4,60.048,9,0.2,22.518
4085,4082,CA-2016-140417,20160925,20160929,427,854,602,4,5.022,1,0.7,-3.5154
4086,4083,US-2017-151316,20170624,20170630,492,844,12,4,182.994,3,0.8,-320.2395
4087,4084,US-2017-151316,20170624,20170630,492,1055,12,4,10.272,3,0.2,3.21
4088,4085,CA-2017-163692,20170907,20170909,245,779,459,1,7.857,3,0.7,-6.0237
4089,4086,CA-2016-111913,20160804,20160806,453,1792,525,3,302.384,2,0.2,30.2384
4090,4087,CA-2016-111913,20160804,20160806,453,779,525,3,20.952,3,0.2,7.0713
4091,4088,CA-2016-111913,20160804,20160806,453,664,525,3,11.784,3,0.2,3.9771
4092,4089,US-2014-156559,20140819,20140826,462,5,327,4,638.82,9,0.0,172.4814
4093,4090,CA-2016-161473,20160401,20160405,733,975,266,4,20.7,2,0.0,9.936
4094,4091,CA-2016-161473,20160401,20160405,733,1456,266,4,10.95,3,0.0,3.285
4095,4092,CA-2016-161473,20160401,20160405,733,780,266,4,14.352,3,0.2,4.6644
4096,4093,CA-2017-166576,20170516,20170518,395,1398,275,1,221.024,2,0.2,-55.256
4097,4094,CA-2015-102491,20150824,20150828,446,1652,383,4,3080.0,7,0.0,1416.8
4098,4095,CA-2015-102491,20150824,20150828,446,1583,383,4,79.96,4,0.0,18.3908
4099,4096,CA-2015-102491,20150824,20150828,446,1764,383,4,587.97,3,0.0,170.5113
4100,4097,CA-2014-116904,20140923,20140928,670,1303,93,4,32.4,5,0.0,15.552
4101,4098,CA-2014-116904,20140923,20140928,670,1337,93,4,404.9,5,0.0,16.196
4102,4099,CA-2014-116904,20140923,20140928,670,693,93,4,9449.95,5,0.0,4630.4755
4103,4100,CA-2014-116904,20140923,20140928,670,660,93,4,12.94,2,0.0,6.47
4104,4101,US-2017-102288,20170619,20170623,792,477,156,4,2.264,1,0.8,-5.2072
4105,4102,US-2017-102288,20170619,20170623,792,448,156,4,0.444,1,0.8,-1.11
4106,4103,US-2017-102288,20170619,20170623,792,1087,156,4,146.176,8,0.2,47.5072
4107,4104,CA-2017-137456,20171221,20171221,624,208,109,2,15.92,2,0.0,7.0048
4108,4105,US-2017-155999,20170807,20170813,378,1721,531,4,159.96,5,0.2,17.9955
4109,4106,US-2017-155999,20170807,20170813,378,665,531,4,13.76,2,0.2,4.644
4110,4107,US-2016-148334,20160822,20160826,202,795,154,4,4.312,2,0.8,-6.8992
4111,4108,CA-2015-105599,20150907,20150907,487,1395,264,2,13.96,2,0.0,0.2792
4112,4109,CA-2015-105599,20150907,20150907,487,368,264,2,27.414,3,0.4,-14.1639
4113,4110,CA-2015-153717,20151225,20160101,222,1827,69,4,73.98,2,0.0,19.9746
4114,4111,CA-2015-153717,20151225,20160101,222,44,69,4,160.98,1,0.0,20.9274
4115,4112,CA-2015-153717,20151225,20160101,222,1174,69,4,17.34,3,0.0,8.4966
4116,4113,CA-2015-153717,20151225,20160101,222,562,69,4,3.28,1,0.0,0.9512
4117,4114,CA-2015-116687,20150502,20150507,558,966,156,4,8.856,3,0.2,2.9889
4118,4115,CA-2015-116687,20150502,20150507,558,1767,156,4,158.376,3,0.2,13.8579
4119,4116,CA-2016-163573,20161124,20161127,13,844,628,1,1219.96,5,0.2,381.2375
4120,4117,CA-2015-153416,20151124,20151129,764,761,501,4,3.168,2,0.2,0.99
4121,4118,CA-2015-153416,20151124,20151129,764,1168,501,4,19.44,3,0.0,9.3312
4122,4119,CA-2015-153416,20151124,20151129,764,1314,501,4,454.86,7,0.0,54.5832
4123,4120,CA-2015-153416,20151124,20151129,764,756,501,4,91.392,8,0.2,29.7024
4124,4121,CA-2017-117394,20170904,20170910,526,1487,304,4,19.04,4,0.2,-1.428
4125,4122,CA-2017-133823,20170511,20170512,468,1210,627,2,37.44,6,0.0,16.848
4126,4123,CA-2017-133823,20170511,20170512,468,1022,627,2,37.59,3,0.0,17.6673
4127,4124,CA-2017-133823,20170511,20170512,468,682,627,2,26.032,2,0.2,9.4366
4128,4125,CA-2014-127523,20140511,20140518,87,472,273,4,35.91,3,0.0,9.6957
4129,4126,CA-2017-123239,20170727,20170731,508,194,345,3,91.032,3,0.2,-2.2758
4130,4127,CA-2017-156769,20170506,20170509,315,582,440,1,54.66,6,0.0,18.0378
4131,4128,CA-2014-127299,20140919,20140924,388,1424,403,4,67.344,6,0.2,7.5762
4132,4129,CA-2014-127299,20140919,20140924,388,1658,403,4,2624.985,3,0.5,-944.9946
4133,4130,CA-2015-121272,20150329,20150404,228,423,627,4,73.28,4,0.0,21.2512
4134,4131,CA-2014-115336,20141118,20141125,11,691,9,4,14.48,5,0.8,-23.892
4135,4132,CA-2015-111703,20150702,20150709,416,1056,343,4,11.952,3,0.2,4.0338
4136,4133,CA-2015-111703,20150702,20150709,416,1236,343,4,15.552,3,0.2,5.6376
4137,4134,CA-2014-128839,20140908,20140913,770,935,442,4,45.0,9,0.0,21.6
4138,4135,CA-2014-128839,20140908,20140913,770,1643,442,4,209.97,3,0.0,90.2871
4139,4136,CA-2017-105914,20171002,20171008,613,765,501,4,112.12,5,0.2,42.045
4140,4137,CA-2017-105914,20171002,20171008,613,1423,501,4,1575.14,7,0.0,204.7682
4141,4138,CA-2017-110926,20171119,20171123,202,923,439,4,25.06,7,0.0,12.53
4142,4139,CA-2016-117226,20161230,20170101,425,845,143,1,6.924,6,0.8,-10.386
4143,4140,CA-2017-127313,20171201,20171204,617,1354,304,1,37.392,3,0.2,2.337
4144,4141,CA-2017-127313,20171201,20171204,617,275,304,1,79.12,5,0.2,13.846
4145,4142,CA-2016-136287,20160613,20160617,717,999,63,4,18.9,3,0.0,8.694
4146,4143,US-2014-107699,20140519,20140523,370,698,76,4,57.42,9,0.0,26.4132
4147,4144,CA-2017-112725,20170130,20170206,262,607,533,4,12.74,7,0.0,5.733
4148,4145,CA-2017-112725,20170130,20170206,262,522,533,4,8.82,3,0.0,2.3814
4149,4146,CA-2017-112725,20170130,20170206,262,65,533,4,120.784,1,0.2,-13.5882
4150,4147,CA-2015-136196,20151128,20151204,758,289,256,4,322.59,3,0.0,64.518
4151,4148,CA-2017-106068,20171023,20171028,621,682,128,4,9.762,3,0.8,-15.1311
4152,4149,CA-2017-106068,20171023,20171028,621,1436,128,4,13.72,1,0.2,1.2005
4153,4150,CA-2017-106068,20171023,20171028,621,1570,128,4,55.2,1,0.2,-2.07
4154,4151,CA-2017-106068,20171023,20171028,621,1389,128,4,259.136,4,0.2,-58.3056
4155,4152,CA-2017-100160,20170907,20170911,126,993,305,4,29.24,5,0.2,9.8685
4156,4153,CA-2017-100160,20170907,20170911,126,1224,305,4,15.552,3,0.2,5.4432
4157,4154,CA-2017-100160,20170907,20170911,126,874,305,4,4.896,3,0.2,1.6524
4158,4155,CA-2016-139689,20161229,20170103,534,851,425,4,38.088,4,0.7,-27.9312
4159,4156,CA-2016-139689,20161229,20170103,534,654,425,4,2.808,3,0.7,-1.9656
4160,4157,CA-2015-101091,20151205,20151209,725,1582,306,3,47.984,2,0.2,0.5998
4161,4158,CA-2015-101091,20151205,20151209,725,691,306,3,26.064,6,0.7,-19.9824
4162,4159,CA-2014-126907,20141101,20141108,703,1071,8,4,15.696,3,0.2,5.1012
4163,4160,US-2016-164588,20160416,20160423,45,578,373,4,12.84,3,0.0,3.7236
4164,4161,CA-2017-115546,20170514,20170518,33,1822,266,4,539.97,3,0.0,134.9925
4165,4162,CA-2017-115546,20170514,20170518,33,1384,266,4,22.58,2,0.0,5.8708
4166,4163,CA-2015-163587,20150314,20150318,276,1020,234,4,16.52,4,0.0,7.5992
4167,4164,CA-2015-163587,20150314,20150318,276,774,234,4,671.94,3,0.0,315.8118
4168,4165,US-2017-106131,20170114,20170116,759,1572,556,1,169.064,7,0.2,-14.7931
4169,4166,US-2017-106131,20170114,20170116,759,1419,556,1,168.624,9,0.2,14.7546
4170,4167,CA-2015-160213,20150308,20150313,51,1257,260,4,19.44,3,0.0,9.3312
4171,4168,CA-2014-157924,20141011,20141013,318,1390,515,1,31.92,4,0.0,8.2992
4172,4169,CA-2014-157924,20141011,20141013,318,54,515,1,433.568,2,0.2,-65.0352
4173,4170,CA-2015-100216,20150413,20150414,326,1089,457,1,31.104,6,0.2,10.8864
4174,4171,CA-2015-100216,20150413,20150414,326,1215,457,1,54.816,3,0.2,17.8152
4175,4172,CA-2017-100601,20171116,20171120,378,1395,485,4,48.86,7,0.0,0.9772
4176,4173,CA-2016-152163,20160701,20160701,361,742,418,2,14.2,2,0.0,6.532
4177,4174,CA-2016-152163,20160701,20160701,361,1089,418,2,12.96,2,0.0,6.2208
4178,4175,CA-2016-152163,20160701,20160701,361,784,418,2,58.34,2,0.0,28.0032
4179,4176,CA-2015-154340,20151129,20151130,266,598,539,1,56.3,2,0.0,15.764
4180,4177,CA-2014-128846,20140407,20140412,659,1836,418,4,629.95,5,0.0,163.787
4181,4178,CA-2014-128846,20140407,20140412,659,1034,418,4,122.97,3,0.0,60.2553
4182,4179,CA-2016-148593,20160616,20160618,68,1143,502,3,46.35,5,0.0,21.7845
4183,4180,US-2017-119039,20170306,20170310,83,821,532,4,14.976,9,0.2,5.4288
4184,4181,CA-2017-128426,20171007,20171011,381,674,153,4,4.24,5,0.8,-6.36
4185,4182,US-2017-136868,20171006,20171012,170,1522,266,4,319.96,4,0.0,115.1856
4186,4183,US-2017-136868,20171006,20171012,170,1188,266,4,17.04,3,0.0,7.668
4187,4184,US-2017-136868,20171006,20171012,170,1347,266,4,344.91,3,0.0,10.3473
4188,4185,CA-2016-143749,20161205,20161207,20,26,223,1,81.94,1,0.0,20.485
4189,4186,CA-2016-111493,20161021,20161022,158,1610,212,1,98.16,6,0.0,9.816
4190,4187,CA-2017-112536,20170518,20170523,691,800,165,4,6.874,7,0.8,-10.6547
4191,4188,CA-2017-112536,20170518,20170523,691,754,165,4,1.996,1,0.8,-3.2934
4192,4189,CA-2017-112536,20170518,20170523,691,1439,165,4,8.928,2,0.2,0.6696
4193,4190,CA-2016-157714,20160926,20161001,175,1266,55,3,9.99,1,0.0,4.4955
4194,4191,CA-2017-166709,20171117,20171122,328,1641,207,4,10499.97,3,0.0,5039.9856
4195,4192,CA-2015-129392,20150708,20150708,224,1278,155,2,21.12,5,0.2,6.6
4196,4193,CA-2015-150875,20151116,20151120,327,328,571,4,696.42,2,0.0,160.1766
4197,4194,CA-2015-150875,20151116,20151120,327,1743,571,4,304.776,3,0.2,22.8582
4198,4195,CA-2015-154200,20150618,20150622,88,513,531,4,51.98,2,0.0,15.0742
4199,4196,CA-2016-124233,20160408,20160414,150,235,500,4,24.7,5,0.0,10.374
4200,4197,US-2015-134271,20150418,20150423,641,1014,265,3,21.93,3,0.0,10.3071
4201,4198,US-2016-161683,20161203,20161208,147,389,305,4,394.816,4,0.2,93.7688
4202,4199,US-2016-161683,20161203,20161208,147,687,305,4,18.192,4,0.7,-14.5536
4203,4200,CA-2015-143105,20151210,20151210,483,1014,265,2,7.31,1,0.0,3.4357
4204,4201,CA-2015-143105,20151210,20151210,483,1635,265,2,799.984,2,0.2,249.995
4205,4202,CA-2015-143105,20151210,20151210,483,1204,265,2,41.28,6,0.0,18.9888
4206,4203,CA-2015-143105,20151210,20151210,483,1182,265,2,184.66,7,0.0,84.9436
4207,4204,CA-2014-145387,20141031,20141102,42,537,310,3,49.25,5,0.0,18.715
4208,4205,CA-2014-145387,20141031,20141102,42,1175,310,3,10.16,2,0.0,4.7752
4209,4206,CA-2014-145387,20141031,20141102,42,224,310,3,14.76,2,0.0,4.2804
4210,4207,CA-2014-145387,20141031,20141102,42,812,310,3,34.08,2,0.0,15.6768
4211,4208,CA-2014-145387,20141031,20141102,42,140,310,3,17.67,3,0.0,7.7748
4212,4209,CA-2014-145387,20141031,20141102,42,90,310,3,1604.9,5,0.0,481.47
4213,4210,CA-2014-145387,20141031,20141102,42,361,310,3,385.686,1,0.3,-60.6078
4214,4211,CA-2017-109715,20171209,20171214,34,1307,9,4,15.984,2,0.2,4.995
4215,4212,CA-2014-166457,20140505,20140509,589,1218,389,3,9.42,3,0.0,4.239
4216,4213,CA-2014-166457,20140505,20140509,589,601,389,3,6.56,2,0.0,1.9024
4217,4214,CA-2014-166457,20140505,20140509,589,1118,389,3,24.56,2,0.0,11.5432
4218,4215,CA-2016-164637,20160304,20160308,631,805,44,4,128.4,3,0.0,64.2
4219,4216,CA-2014-103590,20141130,20141204,387,904,261,4,62.28,4,0.0,29.2716
4220,4217,CA-2015-111234,20150218,20150222,11,988,498,4,9.24,3,0.0,4.4352
4221,4218,CA-2017-149881,20170401,20170403,557,38,533,1,482.664,8,0.15,85.176
4222,4219,CA-2017-149881,20170401,20170403,557,1646,533,1,4799.984,2,0.2,359.9988
4223,4220,CA-2017-134565,20170611,20170613,738,1277,627,3,37.94,2,0.0,18.2112
4224,4221,CA-2017-134565,20170611,20170613,738,722,627,3,18.288,6,0.2,6.6294
4225,4222,CA-2017-134565,20170611,20170613,738,1661,627,3,385.8,5,0.2,130.2075
4226,4223,CA-2017-134565,20170611,20170613,738,1438,627,3,102.96,2,0.0,1.0296
4227,4224,CA-2017-134565,20170611,20170613,738,8,627,3,174.42,3,0.0,41.8608
4228,4225,CA-2016-108644,20160930,20161003,696,664,28,1,1.964,2,0.8,-3.2406
4229,4226,US-2014-102631,20141213,20141217,249,283,9,4,94.428,3,0.6,-42.4926
4230,4227,CA-2017-120327,20171111,20171116,788,955,57,4,45.92,4,0.0,21.5824
4231,4228,CA-2015-154970,20150105,20150110,713,108,627,4,61.584,1,0.2,-6.9282
4232,4229,CA-2016-113803,20160324,20160326,780,1166,49,1,22.48,1,0.0,10.3408
4233,4230,CA-2017-100223,20170705,20170710,472,267,142,4,332.028,9,0.6,-348.6294
4234,4231,CA-2017-100223,20170705,20170710,472,785,142,4,11.394,9,0.8,-17.6607
4235,4232,CA-2017-100223,20170705,20170710,472,1045,142,4,15.552,3,0.2,5.6376
4236,4233,CA-2017-100223,20170705,20170710,472,1176,142,4,31.104,6,0.2,11.2752
4237,4234,CA-2017-100223,20170705,20170710,472,836,142,4,6.316,1,0.8,-10.4214
4238,4235,CA-2014-168823,20140921,20140924,483,1265,307,1,11.352,3,0.2,4.1151
4239,4236,CA-2014-168823,20140921,20140924,483,1019,307,1,20.808,9,0.2,7.0227
4240,4237,CA-2016-162404,20160723,20160727,562,681,29,4,11.416,4,0.8,-18.8364
4241,4238,CA-2017-104024,20170829,20170903,497,551,305,3,9.408,7,0.2,0.7056
4242,4239,CA-2017-147144,20170326,20170328,551,633,628,1,19.83,1,0.0,5.949
4243,4240,CA-2017-158673,20171229,20180104,419,1097,71,4,209.7,2,0.0,100.656
4244,4241,CA-2014-133704,20140920,20140926,484,414,498,4,43.92,4,0.0,11.8584
4245,4242,CA-2014-133704,20140920,20140926,484,714,498,4,20.232,3,0.2,6.5754
4246,4243,CA-2016-159142,20160404,20160405,498,1751,448,1,149.97,3,0.0,5.9988
4247,4244,CA-2016-159142,20160404,20160405,498,1143,448,1,27.81,3,0.0,13.0707
4248,4245,CA-2014-138436,20140326,20140330,350,1549,501,4,66.3,3,0.0,8.619
4249,4246,CA-2017-117702,20171128,20171204,473,632,212,4,1.64,1,0.0,0.738
4250,4247,CA-2017-117702,20171128,20171204,473,161,212,4,1049.2,5,0.0,272.792
4251,4248,CA-2017-117702,20171128,20171204,473,301,212,4,20.9,5,0.0,7.524
4252,4249,CA-2016-157336,20161201,20161205,697,827,198,3,88.08,6,0.0,40.5168
4253,4250,CA-2016-157336,20161201,20161205,697,138,198,3,751.92,4,0.0,150.384
4254,4251,CA-2014-168130,20140919,20140919,105,66,264,2,887.103,7,0.1,177.4206
4255,4252,CA-2015-155068,20151023,20151023,617,1888,348,2,55.944,7,0.2,-13.2867
4256,4253,CA-2015-155068,20151023,20151023,617,567,348,2,10.688,2,0.2,2.2712
4257,4254,CA-2015-155068,20151023,20151023,617,1892,348,2,11.824,2,0.2,1.0346
4258,4255,CA-2017-163160,20171013,20171016,768,1225,17,1,63.312,3,0.2,20.5764
4259,4256,CA-2017-163160,20171013,20171016,768,676,17,1,96.784,4,0.8,-145.176
4260,4257,CA-2017-163160,20171013,20171016,768,184,17,1,10.476,3,0.6,-6.8094
4261,4258,CA-2015-101924,20150904,20150909,418,682,597,4,9.762,2,0.7,-6.8334
4262,4259,CA-2016-124793,20160314,20160316,528,100,627,1,196.784,2,0.2,-22.1382
4263,4260,CA-2017-118367,20171028,20171102,467,908,266,3,47.98,2,0.0,23.99
4264,4261,CA-2017-164819,20171015,20171019,658,971,198,3,13.05,5,0.0,6.003
4265,4262,CA-2017-158344,20170807,20170811,134,1539,94,4,63.96,4,0.0,19.8276
4266,4263,CA-2017-123351,20170921,20170925,445,410,373,4,80.48,1,0.0,24.144
4267,4264,CA-2017-110429,20171103,20171108,224,657,307,4,11.673,3,0.7,-7.782
4268,4265,US-2016-131611,20161105,20161109,276,356,153,4,863.128,8,0.3,-160.2952
4269,4266,US-2016-131611,20161105,20161109,276,832,153,4,3.564,3,0.8,-6.237
4270,4267,US-2016-131611,20161105,20161109,276,6,153,4,956.6648,7,0.32,-225.0976
4271,4268,US-2016-131611,20161105,20161109,276,729,153,4,12.588,3,0.8,-20.1408
4272,4269,US-2016-131611,20161105,20161109,276,1599,153,4,171.96,5,0.2,45.1395
4273,4270,US-2017-124821,20170625,20170629,42,330,629,3,871.4,4,0.0,148.138
4274,4271,CA-2015-166975,20151126,20151130,694,283,431,4,692.472,11,0.2,190.4298
4275,4272,CA-2016-123806,20161124,20161127,448,173,212,3,207.76,4,0.0,85.1816
4276,4273,US-2017-158505,20170721,20170721,686,1860,607,2,71.928,9,0.2,6.2937
4277,4274,US-2017-158505,20170721,20170721,686,513,607,2,25.99,1,0.0,7.5371
4278,4275,CA-2015-142692,20151023,20151028,23,819,628,4,3.592,1,0.2,1.1225
4279,4276,CA-2015-123456,20150709,20150713,441,443,142,4,48.632,2,0.8,-121.58
4280,4277,CA-2017-151358,20170818,20170822,563,1313,628,4,323.1,2,0.0,61.389
4281,4278,US-2016-107440,20160416,20160420,105,1657,243,4,9099.93,7,0.0,2365.9818
4282,4279,US-2016-107440,20160416,20160420,105,160,243,4,9.96,2,0.0,3.2868
4283,4280,US-2016-107440,20160416,20160420,105,750,243,4,25.3,5,0.0,11.891
4284,4281,CA-2014-166989,20141114,20141118,650,1289,264,4,11.36,2,0.0,5.2256
4285,4282,CA-2014-166989,20141114,20141118,650,77,264,4,69.264,2,0.1,14.6224
4286,4283,CA-2014-103100,20141220,20141223,7,1008,40,1,3.69,1,0.0,1.7343
4287,4284,CA-2014-103100,20141220,20141223,7,842,40,1,1103.97,3,0.0,496.7865
4288,4285,CA-2015-105690,20151121,20151126,121,39,173,3,246.1328,2,0.32,-76.0116
4289,4286,CA-2015-105690,20151121,20151126,121,960,173,3,11.696,2,0.2,3.9474
4290,4287,CA-2015-105690,20151121,20151126,121,1632,173,3,439.992,1,0.2,164.997
4291,4288,CA-2017-127516,20171228,20180103,261,1337,437,4,64.784,1,0.2,-12.9568
4292,4289,US-2015-117184,20150517,20150521,580,737,156,4,33.28,5,0.8,-49.92
4293,4290,US-2015-117184,20150517,20150521,580,1181,156,4,14.088,3,0.2,4.9308
4294,4291,CA-2017-102407,20171209,20171213,59,484,498,3,11.16,2,0.0,2.79
4295,4292,CA-2017-102407,20171209,20171213,59,367,498,3,896.328,9,0.2,22.4082
4296,4293,CA-2017-102407,20171209,20171213,59,416,498,3,189.0,1,0.0,68.04
4297,4294,CA-2017-130967,20170310,20170316,250,1887,306,4,53.982,3,0.4,-10.7964
4298,4295,CA-2017-101581,20171022,20171027,240,353,599,4,177.225,5,0.5,-120.513
4299,4296,CA-2017-169124,20170703,20170710,485,181,474,4,129.39,3,0.0,54.3438
4300,4297,CA-2017-117261,20170904,20170910,752,1323,500,4,54.32,4,0.0,0.5432
4301,4298,CA-2017-129021,20170823,20170826,603,1752,367,3,4367.896,13,0.2,327.5922
4302,4299,CA-2017-129021,20170823,20170826,603,1046,367,3,49.568,2,0.2,15.49
4303,4300,CA-2017-129021,20170823,20170826,603,451,367,3,161.376,6,0.2,12.1032
4304,4301,CA-2017-129021,20170823,20170826,603,200,367,3,2.784,2,0.2,0.4176
4305,4302,CA-2017-129021,20170823,20170826,603,1036,367,3,8.72,5,0.2,2.943
4306,4303,CA-2014-123253,20140822,20140825,203,571,287,3,3.912,1,0.2,1.0269
4307,4304,CA-2016-121601,20161004,20161004,530,903,180,2,59.752,7,0.2,19.4194
4308,4305,CA-2014-162278,20141026,20141030,34,158,628,3,63.92,4,0.0,3.196
4309,4306,CA-2014-162278,20141026,20141030,34,1725,628,3,383.96,5,0.2,38.396
4310,4307,CA-2016-161095,20160628,20160628,176,758,500,2,7.752,3,0.2,2.8101
4311,4308,CA-2016-161095,20160628,20160628,176,705,500,2,33.568,2,0.2,11.7488
4312,4309,CA-2014-125829,20141104,20141111,788,1740,502,4,666.344,7,0.2,66.6344
4313,4310,CA-2014-125829,20141104,20141111,788,348,502,4,573.728,4,0.2,-64.5444
4314,4311,CA-2014-125829,20141104,20141111,788,685,502,4,21.936,3,0.2,8.226
4315,4312,CA-2014-125829,20141104,20141111,788,1044,502,4,19.44,3,0.0,9.3312
4316,4313,CA-2014-125829,20141104,20141111,788,1684,502,4,447.968,4,0.2,139.99
4317,4314,CA-2014-123127,20140908,20140912,708,424,260,4,16.78,2,0.0,4.195
4318,4315,CA-2015-115945,20150625,20150701,9,622,502,4,20.96,2,0.0,5.24
4319,4316,CA-2015-115945,20150625,20150701,9,830,502,4,88.752,3,0.2,27.735
4320,4317,CA-2015-115945,20150625,20150701,9,1380,502,4,304.23,3,0.0,9.1269
4321,4318,CA-2015-136735,20150726,20150802,318,880,533,4,167.86,2,0.0,78.8942
4322,4319,US-2017-136189,20171207,20171211,201,144,446,4,82.38,6,0.0,25.5378
4323,4320,CA-2014-152345,20141229,20150103,719,1888,587,3,23.976,3,0.2,-5.6943
4324,4321,CA-2014-152345,20141229,20150103,719,1407,587,3,33.29,1,0.0,7.9896
4325,4322,US-2015-147662,20150214,20150219,416,715,275,4,14.952,2,0.7,-11.9616
4326,4323,US-2015-147662,20150214,20150219,416,1822,275,4,323.982,3,0.4,-80.9955
4327,4324,US-2015-147662,20150214,20150219,416,740,275,4,2.286,2,0.7,-1.6764
4328,4325,US-2015-147662,20150214,20150219,416,646,275,4,14.352,3,0.2,0.897
4329,4326,US-2015-147662,20150214,20150219,416,1582,275,4,71.976,3,0.2,0.8997
4330,4327,CA-2016-153346,20160125,20160127,737,489,251,1,9.21,3,0.0,2.3025
4331,4328,CA-2016-153346,20160125,20160127,737,1027,251,1,18.0,5,0.0,8.28
4332,4329,CA-2017-118360,20170401,20170407,347,1090,264,4,42.93,9,0.0,19.3185
4333,4330,CA-2017-149853,20171003,20171009,603,1074,342,4,15.552,3,0.2,5.4432
4334,4331,CA-2017-149853,20171003,20171009,603,401,342,4,17.92,5,0.2,1.12
4335,4332,CA-2017-107909,20170901,20170906,718,1537,625,4,19.99,1,0.0,6.7966
4336,4333,CA-2017-107909,20170901,20170906,718,787,625,4,22.92,5,0.2,8.022
4337,4334,CA-2015-112375,20151221,20151227,634,1581,338,4,50.88,6,0.2,14.628
4338,4335,CA-2015-112375,20151221,20151227,634,901,338,4,27.312,2,0.2,9.2178
4339,4336,CA-2015-154795,20151220,20151224,315,893,453,4,7.92,1,0.2,2.772
4340,4337,CA-2015-154795,20151220,20151224,315,214,453,4,14.368,2,0.2,3.9512
4341,4338,CA-2015-125234,20151127,20151201,705,1485,503,4,107.97,3,0.0,22.6737
4342,4339,CA-2015-125234,20151127,20151201,705,1066,503,4,113.82,3,0.0,53.4954
4343,4340,CA-2017-133501,20170827,20170901,212,1303,429,4,5.184,1,0.2,1.8144
4344,4341,US-2014-129609,20140322,20140322,782,593,48,2,16.28,2,0.0,6.512
4345,4342,CA-2017-130309,20171217,20171221,296,1408,440,4,544.38,3,0.0,157.8702
4346,4343,CA-2017-105410,20170319,20170322,559,858,533,1,19.824,6,0.2,6.6906
4347,4344,CA-2017-105410,20170319,20170322,559,1708,533,1,657.504,6,0.2,-131.5008
4348,4345,CA-2017-105410,20170319,20170322,559,1524,533,1,99.54,2,0.0,10.9494
4349,4346,CA-2017-105410,20170319,20170322,559,1569,533,1,199.96,4,0.0,85.9828
4350,4347,CA-2016-120355,20160918,20160925,525,72,262,4,631.782,2,0.1,140.396
4351,4348,CA-2016-120355,20160918,20160925,525,292,262,4,60.72,3,0.0,26.1096
4352,4349,CA-2017-169894,20171124,20171129,545,825,457,3,20.724,2,0.7,-15.1976
4353,4350,CA-2017-169894,20171124,20171129,545,1314,457,3,415.872,8,0.2,-41.5872
4354,4351,US-2017-100482,20170411,20170415,384,1358,288,4,16.768,2,0.2,1.4672
4355,4352,US-2017-100482,20170411,20170415,384,1586,288,4,27.12,2,0.2,-4.746
4356,4353,CA-2017-107748,20171210,20171212,21,1835,543,3,95.84,4,0.2,34.742
4357,4354,CA-2017-107748,20171210,20171212,21,1168,543,3,12.96,2,0.0,6.2208
4358,4355,CA-2017-153654,20171124,20171126,497,835,399,3,19.008,8,0.7,-12.672
4359,4356,CA-2015-155600,20151204,20151207,652,668,427,3,1598.058,7,0.7,-1065.372
4360,4357,CA-2015-155600,20151204,20151207,652,606,427,3,36.96,4,0.2,12.012
4361,4358,CA-2017-162565,20171211,20171211,656,1157,2,2,10.368,2,0.2,3.6288
4362,4359,CA-2017-162565,20171211,20171211,656,303,2,2,77.72,1,0.6,-66.062
4363,4360,CA-2017-162565,20171211,20171211,656,119,2,2,520.464,2,0.3,-14.8704
4364,4361,CA-2016-127642,20160521,20160523,166,1075,312,1,111.96,2,0.0,54.8604
4365,4362,US-2017-163195,20170217,20170221,465,1853,392,3,29.16,3,0.0,8.4564
4366,4363,CA-2017-111332,20170520,20170522,555,547,113,3,131.94,3,0.0,35.6238
4367,4364,CA-2017-111332,20170520,20170522,555,526,113,3,25.92,4,0.0,8.2944
4368,4365,CA-2017-111332,20170520,20170522,555,1426,113,3,704.76,4,0.0,162.0948
4369,4366,CA-2017-111332,20170520,20170522,555,933,113,3,7.41,3,0.0,3.4827
4370,4367,CA-2017-111332,20170520,20170522,555,501,113,3,21.5,10,0.0,7.095
4371,4368,CA-2017-117044,20170911,20170913,318,926,9,3,10.528,4,0.2,3.29
4372,4369,CA-2017-117044,20170911,20170913,318,1248,9,3,20.544,6,0.2,6.42
4373,4370,US-2016-165078,20161105,20161110,484,729,43,4,104.9,5,0.0,50.352
4374,4371,US-2016-165078,20161105,20161110,484,576,43,4,39.68,2,0.0,16.2688
4375,4372,US-2016-165078,20161105,20161110,484,965,43,4,51.75,5,0.0,24.84
4376,4373,US-2017-169320,20170723,20170725,462,599,38,3,11.68,2,0.0,5.4896
4377,4374,US-2017-169320,20170723,20170725,462,1559,38,3,159.75,5,0.0,11.1825
4378,4375,CA-2016-158575,20161118,20161124,667,450,286,4,103.968,6,0.2,16.8948
4379,4376,CA-2014-166954,20140425,20140430,111,271,535,4,303.25,5,0.0,63.6825
4380,4377,CA-2014-166954,20140425,20140430,111,415,535,4,270.72,3,0.0,78.5088
4381,4378,CA-2014-166954,20140425,20140430,111,119,535,4,1487.04,5,0.2,148.704
4382,4379,CA-2015-140830,20151130,20151202,610,861,385,3,17.48,2,0.0,8.2156
4383,4380,CA-2015-140830,20151130,20151202,610,887,385,3,71.88,2,0.0,32.346
4384,4381,CA-2015-152891,20151025,20151030,741,635,533,4,60.45,3,0.0,16.3215
4385,4382,CA-2015-152891,20151025,20151030,741,343,533,4,253.176,3,0.2,-31.647
4386,4383,US-2015-122784,20150720,20150727,619,669,19,4,2.88,5,0.8,-4.464
4387,4384,US-2015-122784,20150720,20150727,619,47,19,4,384.944,4,0.3,-126.4816
4388,4385,US-2015-122784,20150720,20150727,619,1760,19,4,153.584,2,0.2,13.4386
4389,4386,US-2015-122784,20150720,20150727,619,22,19,4,913.43,5,0.3,-52.196
4390,4387,CA-2016-156811,20161027,20161102,100,414,534,4,43.92,4,0.0,11.8584
4391,4388,CA-2016-156811,20161027,20161102,100,712,534,4,25.032,3,0.2,7.8225
4392,4389,CA-2017-111556,20171120,20171122,139,1246,266,1,46.76,7,0.0,22.4448
4393,4390,CA-2017-111556,20171120,20171122,139,29,266,1,183.968,2,0.2,-25.2956
4394,4391,CA-2017-111556,20171120,20171122,139,1752,266,1,1259.97,3,0.0,327.5922
4395,4392,CA-2017-111556,20171120,20171122,139,634,266,1,68.97,3,0.0,19.3116
4396,4393,CA-2016-108868,20160908,20160912,418,547,140,4,70.368,2,0.2,6.1572
4397,4394,CA-2016-108868,20160908,20160912,418,1736,140,4,59.96,5,0.2,21.7355
4398,4395,CA-2014-142965,20140720,20140720,725,1399,296,2,25.984,1,0.2,-5.1968
4399,4396,CA-2014-142965,20140720,20140720,725,683,296,2,27.36,3,0.7,-21.888
4400,4397,CA-2016-148740,20161115,20161119,35,1806,529,4,361.376,2,0.2,27.1032
4401,4398,US-2014-138758,20140707,20140711,388,100,304,4,172.186,2,0.3,-46.7362
4402,4399,US-2014-138758,20140707,20140711,388,249,304,4,69.008,2,0.2,12.0764
4403,4400,CA-2016-131737,20160317,20160317,315,892,214,2,199.9,5,0.0,89.955
4404,4401,CA-2016-131737,20160317,20160317,315,449,214,2,901.95,3,0.0,297.6435
4405,4402,CA-2016-131737,20160317,20160317,315,303,214,2,971.5,5,0.0,252.59
4406,4403,CA-2016-114538,20161226,20161227,629,564,558,1,11.328,2,0.2,2.5488
4407,4404,CA-2014-127936,20140902,20140904,153,564,263,1,21.24,3,0.0,8.0712
4408,4405,CA-2015-164336,20150705,20150710,547,1552,306,4,34.8,3,0.2,2.175
4409,4406,CA-2015-164336,20150705,20150710,547,1371,306,4,38.976,3,0.2,-2.436
4410,4407,CA-2016-100041,20161120,20161125,79,1132,37,4,9.08,2,0.0,4.086
4411,4408,CA-2016-100041,20161120,20161125,79,1061,37,4,314.55,3,0.0,150.984
4412,4409,CA-2016-100041,20161120,20161125,79,664,37,4,4.91,1,0.0,2.3077
4413,4410,US-2014-154879,20140506,20140511,705,1019,498,4,5.78,2,0.0,2.7166
4414,4411,US-2014-154879,20140506,20140511,705,543,498,4,107.94,6,0.0,30.2232
4415,4412,CA-2014-130624,20140621,20140624,736,1258,265,1,19.65,3,0.0,9.039
4416,4413,CA-2014-130624,20140621,20140624,736,1856,265,1,617.97,3,0.0,160.6722
4417,4414,CA-2014-130624,20140621,20140624,736,413,265,1,59.7,3,0.0,26.865
4418,4415,CA-2017-132339,20170819,20170823,341,807,225,4,387.99,1,0.0,182.3553
4419,4416,CA-2014-153983,20141129,20141206,32,1879,534,4,575.92,2,0.2,71.99
4420,4417,CA-2014-153983,20141129,20141206,32,950,534,4,30.4,5,0.0,15.2
4421,4418,CA-2017-112900,20170409,20170412,435,766,68,3,478.24,8,0.0,219.9904
4422,4419,CA-2014-160157,20141220,20141227,512,274,285,4,190.848,3,0.2,-21.4704
4423,4420,CA-2014-139633,20141217,20141224,255,770,279,4,5.484,4,0.7,-4.0216
4424,4421,CA-2015-163090,20151117,20151121,302,1463,8,3,40.92,5,0.2,3.069
4425,4422,CA-2014-117016,20140304,20140309,670,526,349,4,15.552,3,0.2,2.3328
4426,4423,CA-2017-159464,20170518,20170519,737,418,378,1,17.24,2,0.0,4.4824
4427,4424,CA-2017-159464,20170518,20170519,737,35,378,1,302.94,3,0.0,75.735
4428,4425,CA-2017-159464,20170518,20170519,737,1788,378,1,34.75,5,0.0,15.6375
4429,4426,CA-2017-159464,20170518,20170519,737,662,378,1,113.94,6,0.0,54.6912
4430,4427,CA-2017-159464,20170518,20170519,737,1796,378,1,55.98,2,0.0,15.6744
4431,4428,US-2017-103226,20170922,20170928,240,1201,587,4,27.18,3,0.0,12.231
4432,4429,CA-2017-119452,20170321,20170327,153,127,120,4,1805.88,6,0.0,523.7052
4433,4430,CA-2017-147725,20170914,20170914,478,538,247,2,70.95,3,0.0,18.447
4434,4431,CA-2016-168893,20161103,20161108,45,935,385,3,20.0,4,0.0,9.6
4435,4432,CA-2016-168893,20161103,20161108,45,540,385,3,7.98,3,0.0,2.0748
4436,4433,CA-2016-168893,20161103,20161108,45,243,385,3,24.1,5,0.0,9.158
4437,4434,CA-2016-168893,20161103,20161108,45,609,385,3,8.75,1,0.0,2.625
4438,4435,CA-2016-168893,20161103,20161108,45,362,385,3,842.94,3,0.0,160.1586
4439,4436,CA-2016-163398,20160503,20160508,127,647,10,4,2.182,1,0.8,-3.6003
4440,4437,CA-2016-163398,20160503,20160508,127,585,10,4,27.384,7,0.2,2.7384
4441,4438,CA-2016-163398,20160503,20160508,127,433,10,4,26.406,3,0.8,-71.2962
4442,4439,CA-2016-162726,20161227,20170102,543,1164,173,4,10.368,2,0.2,3.6288
4443,4440,CA-2016-162726,20161227,20170102,543,1269,173,4,23.68,4,0.2,7.4
4444,4441,US-2016-111290,20160722,20160726,217,1627,86,4,109.95,1,0.0,36.2835
4445,4442,US-2016-111290,20160722,20160726,217,1379,86,4,965.85,5,0.0,135.219
4446,4443,US-2016-111290,20160722,20160726,217,539,86,4,29.2,5,0.0,10.512
4447,4444,US-2016-111290,20160722,20160726,217,1184,86,4,32.4,5,0.0,15.552
4448,4445,US-2014-147704,20141116,20141121,713,910,36,4,78.35,5,0.0,36.8245
4449,4446,US-2014-147704,20141116,20141121,713,1233,36,4,31.68,6,0.0,14.256
4450,4447,US-2014-147704,20141116,20141121,713,713,36,4,29.12,4,0.0,14.2688
4451,4448,US-2014-147704,20141116,20141121,713,1334,36,4,169.45,5,0.0,42.3625
4452,4449,CA-2015-121965,20150619,20150623,464,166,500,4,12.56,2,0.0,4.0192
4453,4450,CA-2015-121965,20150619,20150623,464,1283,500,4,6.48,1,0.0,3.1104
4454,4451,CA-2015-121965,20150619,20150623,464,860,500,4,186.69,3,0.0,87.7443
4455,4452,CA-2016-147137,20160704,20160706,4,147,532,1,25.4,5,0.0,8.636
4456,4453,CA-2016-147137,20160704,20160706,4,900,532,1,43.96,2,0.0,20.6612
4457,4454,CA-2016-147137,20160704,20160706,4,14,532,1,1279.165,5,0.15,225.735
4458,4455,CA-2016-147137,20160704,20160706,4,1395,532,1,27.92,4,0.0,0.5584
4459,4456,US-2015-146745,20150903,20150908,58,93,533,4,129.568,2,0.2,-12.9568
4460,4457,US-2015-146745,20150903,20150908,58,778,533,4,6.368,2,0.2,2.1492
4461,4458,CA-2017-115175,20170807,20170812,489,1154,536,4,244.55,5,0.0,114.9385
4462,4459,CA-2017-105851,20170313,20170320,684,1466,560,4,1332.496,2,0.2,-299.8116
4463,4460,US-2017-125717,20170928,20171001,236,210,556,1,32.776,1,0.2,3.2776
4464,4461,US-2017-125717,20170928,20171001,236,1369,556,1,147.184,2,0.2,-29.4368
4465,4462,US-2017-125717,20170928,20171001,236,1593,556,1,54.384,2,0.2,1.3596
4466,4463,US-2017-125717,20170928,20171001,236,718,556,1,76.776,4,0.7,-58.8616
4467,4464,US-2017-125717,20170928,20171001,236,1220,556,1,14.352,3,0.2,5.2026
4468,4465,US-2017-125717,20170928,20171001,236,403,556,1,209.792,2,0.2,26.224
4469,4466,CA-2015-163895,20150807,20150811,577,858,571,4,3.304,1,0.2,1.1151
4470,4467,CA-2017-168641,20171124,20171201,414,607,266,4,16.38,9,0.0,7.371
4471,4468,CA-2017-168641,20171124,20171201,414,890,266,4,167.96,2,0.0,78.9412
4472,4469,CA-2017-168641,20171124,20171201,414,6,266,4,321.568,2,0.2,-16.0784
4473,4470,CA-2017-168641,20171124,20171201,414,1164,266,4,12.96,2,0.0,6.2208
4474,4471,CA-2017-156895,20170508,20170512,209,109,306,4,128.058,3,0.3,-23.7822
4475,4472,CA-2017-121300,20170929,20170929,504,113,293,2,63.686,1,0.3,-15.4666
4476,4473,CA-2017-121300,20170929,20170929,504,1613,293,2,239.976,3,0.2,65.9934
4477,4474,CA-2017-121300,20170929,20170929,504,377,293,2,344.22,2,0.4,-189.321
4478,4475,CA-2017-121300,20170929,20170929,504,1209,293,2,15.552,3,0.2,5.4432
4479,4476,CA-2017-121300,20170929,20170929,504,307,293,2,21.248,4,0.2,7.4368
4480,4477,CA-2017-121300,20170929,20170929,504,1198,293,2,8.448,2,0.2,2.64
4481,4478,CA-2017-130211,20171022,20171022,72,1317,116,2,333.09,3,0.0,23.3163
4482,4479,CA-2017-130211,20171022,20171022,72,367,116,2,248.98,2,0.0,54.7756
4483,4480,CA-2014-147235,20140324,20140328,139,1306,265,4,24.9,5,0.0,11.703
4484,4481,CA-2016-109365,20161103,20161108,789,931,503,4,15.26,7,0.0,5.0358
4485,4482,CA-2016-109365,20161103,20161108,789,450,503,4,43.32,2,0.0,14.2956
4486,4483,CA-2016-109365,20161103,20161108,789,809,503,4,43.584,12,0.2,15.7992
4487,4484,CA-2016-109365,20161103,20161108,789,1138,503,4,116.28,3,0.0,56.9772
4488,4485,CA-2016-109365,20161103,20161108,789,735,503,4,9.296,2,0.2,3.0212
4489,4486,CA-2016-109365,20161103,20161108,789,1065,503,4,19.44,3,0.0,9.3312
4490,4487,CA-2016-109365,20161103,20161108,789,1284,503,4,314.55,3,0.0,150.984
4491,4488,CA-2015-162621,20150905,20150911,122,682,153,4,16.27,5,0.8,-25.2185
4492,4489,CA-2015-162621,20150905,20150911,122,1469,153,4,69.12,9,0.2,-14.688
4493,4490,CA-2015-162621,20150905,20150911,122,799,153,4,4.47,3,0.8,-7.8225
4494,4491,CA-2017-105921,20170814,20170821,390,334,500,4,418.296,3,0.2,5.2287
4495,4492,CA-2014-150798,20141201,20141203,381,1632,279,3,659.988,2,0.4,109.998
4496,4493,CA-2014-150798,20141201,20141203,381,147,279,3,8.128,2,0.2,1.4224
4497,4494,CA-2014-150798,20141201,20141203,381,1164,279,3,36.288,7,0.2,12.7008
4498,4495,CA-2014-150798,20141201,20141203,381,51,279,3,909.72,6,0.3,-51.984
4499,4496,CA-2017-112753,20170618,20170623,137,41,500,4,917.9235,9,0.15,75.5937
4500,4497,CA-2017-112753,20170618,20170623,137,1169,500,4,38.88,6,0.0,19.0512
4501,4498,CA-2017-155075,20171202,20171209,314,791,306,4,631.176,4,0.7,-462.8624
4502,4499,CA-2014-103401,20141121,20141126,310,1235,533,4,12.96,2,0.0,6.2208
4503,4500,CA-2016-124814,20160410,20160416,287,1209,468,4,12.96,2,0.0,6.2208
4504,4501,CA-2016-124814,20160410,20160416,287,655,468,4,23.2,5,0.2,8.12
4505,4502,CA-2014-116757,20140630,20140704,542,1168,156,4,25.92,5,0.2,9.072
4506,4503,CA-2014-116757,20140630,20140704,542,940,156,4,21.312,6,0.2,7.1928
4507,4504,US-2014-138247,20141224,20141229,83,1715,502,4,173.656,7,0.2,17.3656
4508,4505,US-2014-138247,20141224,20141229,83,402,502,4,361.96,2,0.0,101.3488
4509,4506,US-2014-138247,20141224,20141229,83,1618,502,4,62.85,3,0.0,13.1985
4510,4507,US-2014-138247,20141224,20141229,83,1756,502,4,818.376,3,0.2,51.1485
4511,4508,US-2014-138247,20141224,20141229,83,1388,502,4,20.34,1,0.0,0.2034
4512,4509,US-2014-138247,20141224,20141229,83,234,502,4,23.99,1,0.0,5.5177
4513,4510,CA-2017-167003,20170523,20170529,785,336,501,4,171.288,3,0.2,-6.4233
4514,4511,CA-2016-119935,20161110,20161114,436,177,108,4,37.3,2,0.0,17.158
4515,4512,CA-2016-119935,20161110,20161114,436,710,108,4,81.96,2,0.0,39.3408
4516,4513,CA-2016-118969,20161002,20161003,469,749,459,1,54.792,6,0.7,-40.1808
4517,4514,CA-2016-145240,20160906,20160908,88,1373,155,1,10.784,1,0.2,0.8088
4518,4515,CA-2016-120873,20161027,20161101,120,64,443,3,290.98,1,0.0,75.6548
4519,4516,US-2017-111920,20171022,20171026,610,582,120,4,36.44,4,0.0,12.0252
4520,4517,US-2016-128678,20160915,20160920,625,1092,628,4,21.4,5,0.0,10.058
4521,4518,US-2016-128678,20160915,20160920,625,738,628,4,48.664,7,0.2,15.8158
4522,4519,CA-2016-101385,20160925,20161001,413,629,532,4,16.56,4,0.0,6.9552
4523,4520,CA-2017-107167,20170610,20170614,560,1425,345,4,1347.52,8,0.2,84.22
4524,4521,CA-2014-109491,20140220,20140226,453,1516,49,4,62.31,3,0.0,22.4316
4525,4522,CA-2014-109491,20140220,20140226,453,147,49,4,20.32,4,0.0,6.9088
4526,4523,CA-2017-105445,20170220,20170225,100,929,566,3,9.432,3,0.2,3.0654
4527,4524,CA-2014-107454,20141102,20141106,634,979,265,4,34.86,7,0.0,16.0356
4528,4525,CA-2014-107454,20141102,20141106,634,290,265,4,89.34,6,0.0,24.1218
4529,4526,US-2017-105046,20170717,20170723,76,1877,270,4,269.98,2,0.0,67.495
4530,4527,US-2017-105046,20170717,20170723,76,1282,270,4,99.9,5,0.0,47.952
4531,4528,US-2017-105046,20170717,20170723,76,317,270,4,39.08,4,0.0,14.4596
4532,4529,CA-2017-152856,20170908,20170910,659,1624,290,3,116.832,4,0.2,33.5892
4533,4530,CA-2016-134691,20161114,20161118,421,746,154,4,2.296,2,0.8,-3.9032
4534,4531,CA-2016-118759,20161114,20161117,485,92,263,1,408.006,2,0.1,72.5344
4535,4532,CA-2016-118759,20161114,20161117,485,1373,263,1,40.44,3,0.0,10.5144
4536,4533,CA-2014-140403,20141010,20141010,756,98,504,2,122.352,3,0.2,13.7646
4537,4534,CA-2014-140403,20141010,20141010,756,869,504,2,15.28,2,0.0,7.4872
4538,4535,CA-2015-163104,20150319,20150326,495,1158,498,4,11.96,2,0.0,5.8604
4539,4536,CA-2017-138464,20170708,20170712,778,252,629,4,15.84,3,0.0,4.9104
4540,4537,CA-2017-138464,20170708,20170712,778,707,629,4,86.376,3,0.2,30.2316
4541,4538,CA-2017-138464,20170708,20170712,778,597,629,4,18.24,3,0.0,6.2016
4542,4539,CA-2017-138464,20170708,20170712,778,640,629,4,13.12,4,0.0,4.3296
4543,4540,CA-2015-104129,20150227,20150302,279,1851,311,4,105.98,2,0.0,1.0598
4544,4541,CA-2015-104129,20150227,20150302,279,372,311,4,493.92,7,0.3,-28.224
4545,4542,US-2017-132206,20170616,20170621,518,674,10,4,5.936,7,0.8,-8.904
4546,4543,CA-2017-113474,20170330,20170331,755,907,119,1,325.86,2,0.0,149.8956
4547,4544,CA-2015-126557,20150712,20150717,648,126,8,3,383.607,9,0.3,-5.4801
4548,4545,CA-2015-126557,20150712,20150717,648,1842,8,3,148.48,2,0.2,16.704
4549,4546,CA-2015-126557,20150712,20150717,648,1725,8,3,537.544,7,0.2,53.7544
4550,4547,CA-2015-126557,20150712,20150717,648,781,8,3,1.928,2,0.8,-2.9884
4551,4548,CA-2015-126557,20150712,20150717,648,584,8,3,6.912,3,0.2,0.6912
4552,4549,CA-2015-126557,20150712,20150717,648,201,8,3,7.76,1,0.6,-2.134
4553,4550,CA-2015-126557,20150712,20150717,648,1856,8,3,659.168,4,0.2,49.4376
4554,4551,US-2017-107636,20170430,20170502,570,1002,199,1,5.76,2,0.0,2.8224
4555,4552,US-2014-165862,20140713,20140717,303,357,503,4,351.216,3,0.2,4.3902
4556,4553,US-2014-106334,20141227,20150102,363,136,534,4,230.28,3,0.2,23.028
4557,4554,US-2014-106334,20141227,20150102,363,1248,534,4,12.84,3,0.0,5.778
4558,4555,CA-2016-101448,20160227,20160301,251,850,188,3,56.82,3,0.0,28.41
4559,4556,CA-2015-130218,20150323,20150326,689,946,419,1,31.56,4,0.0,14.202
4560,4557,CA-2015-130218,20150323,20150326,689,1395,419,1,27.92,4,0.0,0.5584
4561,4558,US-2017-117331,20171021,20171028,559,811,456,4,8.559,1,0.7,-6.5619
4562,4559,CA-2014-127383,20141231,20150105,155,911,145,4,49.568,2,0.2,17.9684
4563,4560,CA-2014-110219,20140505,20140508,250,68,177,1,127.869,3,0.3,-9.1335
4564,4561,CA-2015-118871,20151204,20151209,329,898,503,3,271.44,3,0.0,122.148
4565,4562,CA-2015-118871,20151204,20151209,329,1714,503,3,110.352,3,0.2,8.2764
4566,4563,CA-2015-118871,20151204,20151209,329,216,503,3,36.4,5,0.0,13.832
4567,4564,CA-2017-129490,20170926,20170930,695,105,354,4,419.136,4,0.2,-57.6312
4568,4565,CA-2014-101175,20141209,20141214,223,1441,457,4,100.704,6,0.2,-1.2588
4569,4566,US-2017-149510,20171203,20171210,489,432,406,4,45.216,3,0.2,4.5216
4570,4567,US-2017-149510,20171203,20171210,489,826,406,4,28.782,6,0.7,-21.1068
4571,4568,US-2017-149510,20171203,20171210,489,1155,406,4,24.448,4,0.2,8.8624
4572,4569,CA-2015-111990,20151108,20151113,199,779,156,4,10.476,6,0.8,-17.2854
4573,4570,CA-2014-169460,20140419,20140421,563,288,536,3,76.14,3,0.0,26.649
4574,4571,US-2015-152128,20150525,20150527,569,564,63,3,21.24,3,0.0,8.0712
4575,4572,US-2015-152128,20150525,20150527,569,718,63,3,127.96,2,0.0,60.1412
4576,4573,CA-2017-126662,20170717,20170721,10,1640,501,4,479.984,2,0.2,89.997
4577,4574,CA-2016-139395,20161212,20161218,503,1784,73,4,657.93,7,0.0,184.2204
4578,4575,CA-2016-139395,20161212,20161218,503,272,73,4,33.48,4,0.0,8.7048
4579,4576,CA-2016-139395,20161212,20161218,503,605,73,4,13.9,5,0.0,3.614
4580,4577,CA-2016-139395,20161212,20161218,503,1343,73,4,26.86,2,0.0,6.715
4581,4578,US-2014-121734,20140411,20140416,684,852,573,4,9.584,1,0.2,3.3544
4582,4579,CA-2015-110947,20150609,20150615,26,716,443,4,113.1,3,0.0,56.55
4583,4580,US-2014-150126,20140727,20140802,52,1203,266,4,65.78,11,0.0,32.2322
4584,4581,CA-2015-164427,20150731,20150806,47,1609,396,4,239.7,6,0.0,105.468
4585,4582,CA-2016-120250,20160919,20160922,44,261,306,1,25.632,3,0.2,3.8448
4586,4583,CA-2016-121993,20160610,20160612,343,1008,306,1,23.616,8,0.2,7.9704
4587,4584,US-2016-100405,20160826,20160828,766,492,502,3,8.26,2,0.0,3.7996
4588,4585,US-2017-163790,20171102,20171104,568,870,478,3,76.58,7,0.0,38.29
4589,4586,US-2017-163790,20171102,20171104,568,591,478,3,8.8,5,0.0,4.224
4590,4587,US-2017-163790,20171102,20171104,568,801,478,3,590.352,6,0.2,206.6232
4591,4588,US-2017-163790,20171102,20171104,568,954,478,3,5.58,3,0.0,0.1674
4592,4589,US-2017-163790,20171102,20171104,568,232,478,3,25.02,3,0.0,10.5084
4593,4590,US-2017-163790,20171102,20171104,568,1368,478,3,452.55,7,0.0,22.6275
4594,4591,CA-2016-129868,20161226,20161231,495,1451,498,4,17.76,2,0.0,4.9728
4595,4592,CA-2016-129868,20161226,20161231,495,1792,498,4,302.384,2,0.2,30.2384
4596,4593,CA-2016-129868,20161226,20161231,495,109,498,4,146.352,3,0.2,-5.4882
4597,4594,CA-2016-129868,20161226,20161231,495,469,498,4,7.9,2,0.0,2.054
4598,4595,CA-2016-129868,20161226,20161231,495,364,498,4,902.712,3,0.2,33.8517
4599,4596,CA-2016-129868,20161226,20161231,495,543,498,4,53.97,3,0.0,15.1116
4600,4597,CA-2016-140564,20161205,20161210,745,483,209,3,33.92,8,0.0,13.2288
4601,4598,US-2017-169502,20170828,20170901,503,1471,190,4,21.81,3,0.0,5.8887
4602,4599,US-2017-169502,20170828,20170901,503,423,190,4,91.6,5,0.0,26.564
4603,4600,CA-2015-146948,20150716,20150720,507,133,212,4,150.98,1,0.0,43.7842
4604,4601,CA-2015-146948,20150716,20150720,507,862,212,4,137.25,9,0.0,63.135
4605,4602,CA-2015-146948,20150716,20150720,507,930,212,4,11.52,4,0.0,5.4144
4606,4603,US-2015-113327,20150526,20150529,83,1253,412,3,18.272,1,0.2,5.9384
4607,4604,US-2015-113327,20150526,20150529,83,1227,412,3,153.728,4,0.2,53.8048
4608,4605,US-2015-113327,20150526,20150529,83,909,412,3,12.224,2,0.2,4.4312
4609,4606,US-2015-113327,20150526,20150529,83,1592,412,3,167.944,7,0.2,50.3832
4610,4607,CA-2015-135020,20150528,20150602,540,1862,269,4,45.99,1,0.0,13.3371
4611,4608,CA-2015-135020,20150528,20150602,540,1365,269,4,535.41,3,0.0,160.623
4612,4609,CA-2015-135020,20150528,20150602,540,671,269,4,6.096,2,0.2,2.0574
4613,4610,CA-2015-135020,20150528,20150602,540,1279,269,4,45.36,7,0.0,21.7728
4614,4611,US-2017-141852,20171109,20171114,357,140,512,4,47.12,8,0.0,20.7328
4615,4612,CA-2016-109407,20160124,20160126,323,659,395,3,31.36,4,0.0,15.68
4616,4613,US-2017-165953,20161231,20170106,276,498,345,4,47.616,3,0.2,3.5712
4617,4614,US-2017-165953,20161231,20170106,276,1181,345,4,23.48,5,0.2,8.218
4618,4615,CA-2016-144540,20160905,20160910,299,435,155,4,62.79,3,0.8,-166.3935
4619,4616,CA-2016-144540,20160905,20160910,299,938,155,4,28.44,9,0.2,4.266
4620,4617,CA-2015-159863,20150904,20150907,237,1484,156,3,134.376,3,0.2,6.7188
4621,4618,CA-2015-117800,20150921,20150926,753,1800,222,4,589.9,2,0.0,147.475
4622,4619,CA-2015-117800,20150921,20150926,753,63,222,4,542.94,3,0.0,141.1644
4623,4620,CA-2017-145219,20171224,20171225,650,1631,503,1,2879.952,6,0.2,1007.9832
4624,4621,CA-2017-145219,20171224,20171225,650,716,503,1,90.48,3,0.2,33.93
4625,4622,CA-2015-161214,20151005,20151008,687,1359,208,3,77.55,5,0.0,21.714
4626,4623,CA-2017-147228,20170909,20170914,706,1455,428,4,8.832,3,0.2,-1.9872
4627,4624,CA-2017-147228,20170909,20170914,706,1059,428,4,177.536,4,0.2,62.1376
4628,4625,CA-2017-147228,20170909,20170914,706,1313,428,4,258.48,2,0.2,-3.231
4629,4626,CA-2017-147228,20170909,20170914,706,140,428,4,14.136,3,0.2,4.2408
4630,4627,CA-2016-101336,20161113,20161118,151,1415,264,4,77.55,5,0.0,20.163
4631,4628,CA-2016-101336,20161113,20161118,151,1341,264,4,24.88,2,0.0,6.9664
4632,4629,CA-2016-101336,20161113,20161118,151,598,264,4,140.75,5,0.0,39.41
4633,4630,CA-2016-101336,20161113,20161118,151,1432,264,4,36.63,3,0.0,9.8901
4634,4631,US-2015-126235,20151015,20151015,294,164,77,2,17.14,2,0.0,6.1704
4635,4632,CA-2017-168396,20170803,20170808,74,975,534,3,51.75,5,0.0,24.84
4636,4633,CA-2017-168396,20170803,20170808,74,165,534,3,123.96,3,0.0,11.1564
4637,4634,CA-2015-130456,20150821,20150826,237,37,534,4,586.398,6,0.15,34.494
4638,4635,CA-2015-130456,20150821,20150826,237,1337,534,4,80.98,1,0.0,3.2392
4639,4636,CA-2017-116288,20170312,20170317,106,1337,534,4,242.94,3,0.0,9.7176
4640,4637,CA-2017-168228,20170427,20170429,45,588,502,1,123.92,4,0.0,33.4584
4641,4638,CA-2017-168228,20170427,20170429,45,492,502,1,12.39,3,0.0,5.6994
4642,4639,CA-2017-168228,20170427,20170429,45,538,502,1,47.3,2,0.0,12.298
4643,4640,CA-2016-102162,20160911,20160916,364,1634,445,4,1599.92,8,0.0,751.9624
4644,4641,CA-2016-102162,20160911,20160916,364,881,445,4,11.09,1,0.0,5.4341
4645,4642,CA-2017-130141,20171022,20171024,317,679,562,3,3.168,4,0.7,-2.5344
4646,4643,CA-2017-130141,20171022,20171024,317,62,562,3,579.136,4,0.2,-28.9568
4647,4644,CA-2015-147501,20150802,20150806,187,730,628,4,6.368,2,0.2,2.1492
4648,4645,CA-2015-147501,20150802,20150806,187,1665,628,4,558.4,2,0.2,41.88
4649,4646,CA-2016-143910,20160812,20160816,67,53,264,4,145.764,2,0.1,-8.098
4650,4647,CA-2014-146885,20140530,20140605,249,1132,446,4,13.62,3,0.0,6.129
4651,4648,CA-2016-139556,20160426,20160501,195,137,263,4,434.646,3,0.1,62.7822
4652,4649,CA-2017-129357,20170514,20170519,418,1231,627,4,440.19,9,0.0,206.8893
4653,4650,CA-2017-129357,20170514,20170519,418,1475,627,4,64.4,5,0.0,1.932
4654,4651,CA-2017-150987,20170408,20170412,30,1154,533,4,244.55,5,0.0,114.9385
4655,4652,CA-2017-150987,20170408,20170412,30,1212,533,4,195.76,4,0.0,97.88
4656,4653,CA-2017-132647,20170217,20170223,299,1151,250,4,11.76,2,0.0,5.7624
4657,4654,CA-2017-132647,20170217,20170223,299,1407,250,4,166.45,5,0.0,39.948
4658,4655,CA-2017-159107,20170624,20170626,445,930,533,3,2.88,1,0.0,1.3536
4659,4656,CA-2014-160738,20140505,20140510,429,1414,17,4,45.248,2,0.2,3.9592
4660,4657,CA-2015-112130,20150503,20150507,722,530,306,4,59.904,2,0.2,14.2272
4661,4658,CA-2015-112130,20150503,20150507,722,455,306,4,23.696,2,0.2,6.5164
4662,4659,CA-2015-112130,20150503,20150507,722,1178,306,4,7.968,2,0.2,2.8884
4663,4660,CA-2015-112130,20150503,20150507,722,460,306,4,18.2,7,0.2,2.0475
4664,4661,CA-2015-112130,20150503,20150507,722,1523,306,4,27.552,3,0.2,-0.3444
4665,4662,CA-2015-112130,20150503,20150507,722,102,306,4,844.116,6,0.3,-36.1764
4666,4663,CA-2015-112130,20150503,20150507,722,1326,306,4,76.752,3,0.2,-9.594
4667,4664,CA-2016-111409,20160918,20160922,603,995,345,4,3.0,1,0.2,1.05
4668,4665,CA-2016-116232,20160922,20160926,13,814,359,4,7.506,9,0.7,-6.0048
4669,4666,CA-2016-116232,20160922,20160926,13,973,359,4,16.56,2,0.2,5.796
4670,4667,CA-2016-116547,20160110,20160117,418,142,629,4,79.92,4,0.0,34.3656
4671,4668,CA-2016-116547,20160110,20160117,418,1551,629,4,69.98,2,0.0,13.2962
4672,4669,US-2017-133200,20170506,20170511,197,763,146,4,11.06,10,0.8,-18.802
4673,4670,US-2017-133200,20170506,20170511,197,10,146,4,623.4648,7,0.32,-119.1918
4674,4671,US-2017-133200,20170506,20170511,197,1379,146,4,772.68,5,0.2,-57.951
4675,4672,CA-2016-133550,20160731,20160806,435,405,68,4,283.14,4,0.1,72.358
4676,4673,CA-2016-133550,20160731,20160806,435,1859,68,4,635.96,4,0.0,165.3496
4677,4674,CA-2016-133550,20160731,20160806,435,1740,68,4,118.99,1,0.0,33.3172
4678,4675,CA-2016-133550,20160731,20160806,435,244,68,4,272.94,3,0.0,30.0234
4679,4676,CA-2017-139416,20170327,20170329,19,279,304,3,15.008,2,0.2,1.5008
4680,4677,CA-2014-114510,20140314,20140319,360,711,606,4,33.088,4,0.2,11.1672
4681,4678,CA-2014-114510,20140314,20140319,360,1337,606,4,80.98,1,0.0,3.2392
4682,4679,CA-2014-114510,20140314,20140319,360,1625,606,4,82.8,12,0.0,6.624
4683,4680,CA-2014-114510,20140314,20140319,360,1409,606,4,21.36,2,0.0,5.7672
4684,4681,CA-2014-114510,20140314,20140319,360,773,606,4,62.048,2,0.2,20.1656
4685,4682,CA-2016-169215,20160714,20160718,639,926,254,3,29.61,9,0.0,13.3245
4686,4683,CA-2016-127698,20161201,20161201,546,1852,414,2,863.928,9,0.2,86.3928
4687,4684,CA-2016-159912,20160829,20160903,295,372,304,4,241.92,4,0.4,-56.448
4688,4685,CA-2016-159912,20160829,20160903,295,26,304,4,163.88,4,0.5,-81.94
4689,4686,CA-2016-159912,20160829,20160903,295,735,304,4,3.486,2,0.7,-2.7888
4690,4687,CA-2016-159912,20160829,20160903,295,914,304,4,10.584,7,0.2,-2.3814
4691,4688,CA-2016-101987,20160624,20160630,328,1746,49,4,440.91,9,0.0,123.4548
4692,4689,US-2017-154851,20170330,20170403,101,706,303,4,5.715,5,0.7,-4.7625
4693,4690,CA-2014-138681,20141220,20141222,182,203,463,1,51.968,2,0.2,10.3936
4694,4691,CA-2014-138681,20141220,20141222,182,1592,463,1,71.976,3,0.2,21.5928
4695,4692,CA-2014-138681,20141220,20141222,182,134,463,1,242.352,3,0.2,-42.4116
4696,4693,CA-2014-138681,20141220,20141222,182,1059,463,1,221.92,5,0.2,77.672
4697,4695,US-2015-138121,20151217,20151217,388,663,68,2,29.52,4,0.0,14.4648
4698,4696,US-2015-138121,20151217,20151217,388,116,68,2,302.94,3,0.0,48.4704
4699,4697,US-2015-138121,20151217,20151217,388,135,68,2,142.36,2,0.0,38.4372
4700,4698,US-2015-138121,20151217,20151217,388,114,68,2,546.66,9,0.0,136.665
4701,4699,US-2015-138121,20151217,20151217,388,217,68,2,212.13,3,0.0,14.8491
4702,4700,CA-2017-140298,20170511,20170517,383,594,128,4,5.248,2,0.2,0.5904
4703,4701,CA-2017-140298,20170511,20170517,383,1430,128,4,74.416,2,0.2,-14.8832
4704,4702,CA-2017-140298,20170511,20170517,383,1248,128,4,6.848,2,0.2,2.14
4705,4703,CA-2017-140298,20170511,20170517,383,209,128,4,7.996,1,0.6,-6.9965
4706,4704,CA-2016-166240,20160624,20160628,206,425,156,4,8.712,2,0.8,-19.602
4707,4705,CA-2016-158435,20160517,20160518,27,1446,205,1,65.17,7,0.0,18.8993
4708,4706,CA-2016-158435,20160517,20160518,27,993,205,1,14.62,2,0.0,6.8714
4709,4707,CA-2016-158435,20160517,20160518,27,284,205,1,173.24,4,0.0,17.324
4710,4708,CA-2017-138149,20170629,20170630,788,774,503,1,895.92,5,0.2,302.373
4711,4709,CA-2017-138149,20170629,20170630,788,1405,503,1,130.71,3,0.0,39.213
4712,4710,CA-2017-138149,20170629,20170630,788,488,503,1,11.68,2,0.0,3.0368
4713,4711,CA-2017-138149,20170629,20170630,788,1516,503,1,62.31,3,0.0,22.4316
4714,4712,CA-2014-112403,20140331,20140331,398,789,304,2,0.852,1,0.7,-0.5964
4715,4713,CA-2014-108273,20141216,20141221,264,1029,157,4,36.288,7,0.2,12.7008
4716,4714,CA-2014-108273,20141216,20141221,264,217,157,4,56.568,2,0.6,-74.9526
4717,4715,CA-2017-121643,20170518,20170520,7,1789,598,1,344.704,2,0.2,38.7792
4718,4716,US-2015-122910,20150512,20150516,477,1722,566,4,201.584,2,0.2,20.1584
4719,4717,CA-2017-143126,20171203,20171207,163,359,629,3,521.96,2,0.0,88.7332
4720,4718,CA-2015-129042,20151212,20151217,270,536,212,4,8.22,3,0.0,2.2194
4721,4719,CA-2015-109736,20151010,20151011,208,1274,532,1,45.36,7,0.0,21.7728
4722,4720,CA-2015-142601,20150418,20150420,203,1402,498,3,947.17,7,0.0,9.4717
4723,4721,CA-2015-142601,20150418,20150420,203,1067,498,3,61.96,2,0.0,27.882
4724,4722,CA-2014-106229,20140607,20140611,575,348,2,3,268.935,3,0.5,-209.7693
4725,4723,US-2017-135230,20170901,20170907,149,518,627,4,7.58,1,0.0,2.9562
4726,4724,CA-2016-159653,20160522,20160522,363,1017,371,2,14.73,3,0.0,7.2177
4727,4725,CA-2016-131968,20161111,20161115,450,764,333,4,9.888,2,0.7,-6.9216
4728,4726,CA-2016-131968,20161111,20161115,450,406,333,4,671.544,3,0.2,50.3658
4729,4727,CA-2014-119151,20141125,20141129,535,1416,263,3,1117.92,4,0.0,55.896
4730,4728,CA-2014-119151,20141125,20141129,535,29,263,3,275.952,3,0.2,-37.9434
4731,4729,CA-2014-123323,20141107,20141112,462,796,533,4,123.144,7,0.2,46.179
4732,4730,CA-2016-124681,20160718,20160723,724,1495,141,3,15.576,3,0.2,3.3099
4733,4731,US-2015-103996,20150329,20150331,623,1139,531,3,212.64,6,0.0,99.9408
4734,4732,US-2015-103996,20150329,20150331,623,1131,531,3,9.87,3,0.0,4.5402
4735,4733,US-2015-103996,20150329,20150331,623,1577,531,3,53.25,3,0.0,20.7675
4736,4734,US-2015-103996,20150329,20150331,623,307,531,3,19.92,3,0.0,9.5616
4737,4735,CA-2016-120530,20160407,20160412,244,57,266,4,658.746,3,0.1,146.388
4738,4736,CA-2015-155054,20150613,20150619,611,858,211,4,8.26,2,0.0,3.8822
4739,4737,CA-2015-155054,20150613,20150619,611,762,211,4,29.84,2,0.0,13.428
4740,4738,CA-2015-155054,20150613,20150619,611,1593,211,4,67.98,2,0.0,14.9556
4741,4739,CA-2015-105725,20150218,20150224,313,1004,497,4,61.06,2,0.0,28.0876
4742,4740,CA-2015-105725,20150218,20150224,313,338,497,4,35.544,1,0.2,-0.8886
4743,4741,CA-2017-164364,20171112,20171116,177,1026,629,4,9.96,2,0.0,4.5816
4744,4742,CA-2017-164364,20171112,20171116,177,489,629,4,9.21,3,0.0,2.3025
4745,4743,CA-2017-164364,20171112,20171116,177,1446,629,4,27.93,3,0.0,8.0997
4746,4744,CA-2017-168123,20170305,20170305,352,938,95,2,7.9,2,0.0,2.528
4747,4745,CA-2017-168123,20170305,20170305,352,1342,95,2,221.16,4,0.0,57.5016
4748,4746,CA-2017-168123,20170305,20170305,352,686,95,2,127.96,2,0.0,62.7004
4749,4747,CA-2017-168123,20170305,20170305,352,689,95,2,18.69,3,0.0,9.1581
4750,4748,CA-2016-120005,20160303,20160303,762,1480,533,2,25.35,3,0.0,7.605
4751,4749,CA-2016-120005,20160303,20160303,762,163,533,2,35.28,3,0.0,11.9952
4752,4750,CA-2016-123526,20161224,20161225,117,1216,627,1,33.4,5,0.0,16.032
4753,4751,CA-2016-127649,20161007,20161009,222,1665,630,1,837.6,3,0.2,62.82
4754,4752,CA-2016-159989,20161209,20161213,250,1713,429,4,40.68,3,0.2,-9.153
4755,4753,CA-2017-103499,20171120,20171124,278,73,431,4,209.568,2,0.2,-23.5764
4756,4754,US-2015-167220,20151212,20151216,342,1540,128,4,22.368,4,0.2,6.4308
4757,4755,CA-2017-126354,20170203,20170208,674,660,359,4,3.882,2,0.7,-2.588
4758,4756,CA-2017-126354,20170203,20170208,674,1285,359,4,115.296,3,0.2,40.3536
4759,4757,CA-2017-169817,20170921,20170925,250,820,307,4,1.908,2,0.7,-1.5264
4760,4758,US-2017-144582,20170430,20170505,745,709,11,4,43.372,7,0.8,-69.3952
4761,4759,CA-2014-121573,20141103,20141107,690,1737,263,4,783.96,4,0.0,219.5088
4762,4760,CA-2014-121573,20141103,20141107,690,673,263,4,48.896,2,0.2,18.336
4763,4761,CA-2014-121573,20141103,20141107,690,800,263,4,7.856,2,0.2,2.8478
4764,4762,CA-2016-117660,20161230,20170104,94,1008,279,4,5.904,2,0.2,1.9926
4765,4763,CA-2016-117660,20161230,20170104,94,1457,279,4,13.712,2,0.2,1.0284
4766,4764,CA-2014-112851,20140917,20140921,575,873,473,4,182.94,3,0.0,85.9818
4767,4765,CA-2017-123701,20171124,20171127,592,541,533,1,27.76,4,0.0,9.9936
4768,4766,CA-2015-118227,20150424,20150428,194,513,263,4,25.99,1,0.0,7.5371
4769,4767,CA-2015-123155,20150309,20150312,577,1557,177,1,113.52,5,0.2,29.799
4770,4768,CA-2015-123155,20150309,20150312,577,1771,177,1,359.88,3,0.2,22.4925
4771,4769,CA-2017-158883,20170602,20170603,172,1299,412,2,25.344,4,0.2,9.1872
4772,4770,US-2016-114888,20160919,20160924,133,783,532,3,11.952,3,0.2,4.1832
4773,4771,US-2016-114888,20160919,20160924,133,1453,532,3,6.24,3,0.0,1.872
4774,4772,US-2014-167262,20141031,20141103,13,1724,452,3,742.336,8,0.2,83.5128
4775,4773,CA-2017-119746,20171123,20171127,161,322,8,4,6.464,1,0.6,-4.04
4776,4774,CA-2017-119746,20171123,20171127,161,980,8,4,11.52,5,0.2,4.176
4777,4775,CA-2017-119746,20171123,20171127,161,1873,8,4,222.384,2,0.2,16.6788
4778,4776,CA-2017-108091,20171116,20171121,266,488,483,4,23.36,4,0.0,6.0736
4779,4777,CA-2016-101630,20160219,20160223,151,1019,260,3,8.67,3,0.0,4.0749
4780,4778,CA-2016-101630,20160219,20160223,151,1457,260,3,25.71,3,0.0,6.6846
4781,4779,CA-2017-132346,20171107,20171111,598,400,207,4,100.94,7,0.0,33.3102
4782,4780,CA-2014-150301,20140708,20140710,515,96,255,1,63.882,1,0.1,10.647
4783,4781,CA-2014-159310,20141107,20141112,679,97,155,4,683.144,4,0.3,0.0
4784,4782,CA-2014-159310,20141107,20141112,679,656,155,4,1.476,3,0.8,-2.214
4785,4932,CA-2017-143651,20170325,20170330,287,529,627,4,23.1,2,0.0,6.93
4786,4783,CA-2014-159310,20141107,20141112,679,1471,155,4,40.712,7,0.2,3.5623
4787,4784,US-2017-147984,20170128,20170201,296,1091,63,4,279.9,5,0.0,137.151
4788,4785,CA-2015-104346,20151211,20151216,339,531,558,4,13.12,5,0.2,1.148
4789,4786,CA-2015-104346,20151211,20151216,339,34,558,4,69.576,4,0.7,-143.7904
4790,4787,CA-2015-104346,20151211,20151216,339,532,558,4,4.224,3,0.2,0.4752
4791,4788,CA-2015-104346,20151211,20151216,339,1607,558,4,58.08,4,0.2,-6.534
4792,4789,CA-2015-104346,20151211,20151216,339,228,558,4,52.416,9,0.2,15.0696
4793,4790,CA-2015-104346,20151211,20151216,339,186,558,4,54.92,5,0.2,10.984
4794,4791,CA-2015-104346,20151211,20151216,339,331,558,4,364.95,5,0.5,-248.166
4795,4792,CA-2015-104346,20151211,20151216,339,1103,558,4,85.056,3,0.2,28.7064
4796,4793,CA-2015-104346,20151211,20151216,339,1232,558,4,27.696,3,0.2,9.6936
4797,4794,US-2015-141684,20150629,20150704,527,1210,264,4,24.96,4,0.0,11.232
4798,4795,CA-2015-144722,20150316,20150323,502,181,501,4,43.13,1,0.0,18.1146
4799,4796,CA-2015-120516,20150813,20150817,150,822,376,4,5.64,3,0.0,2.7072
4800,4797,US-2016-148901,20160514,20160519,518,718,345,4,57.582,3,0.7,-44.1462
4801,4798,US-2016-148901,20160514,20160519,518,1309,345,4,31.104,6,0.2,10.8864
4802,4799,US-2016-148901,20160514,20160519,518,226,345,4,30.192,3,0.2,8.3028
4803,4800,US-2016-148901,20160514,20160519,518,1857,345,4,43.6,5,0.2,4.36
4804,4801,US-2016-148901,20160514,20160519,518,565,345,4,4.768,2,0.2,0.4172
4805,4802,US-2016-148901,20160514,20160519,518,813,345,4,10.38,2,0.7,-7.612
4806,4803,US-2016-148901,20160514,20160519,518,744,345,4,13.392,8,0.7,-9.8208
4807,4804,CA-2017-136364,20170713,20170717,512,1854,306,3,39.594,1,0.4,-7.2589
4808,4805,CA-2017-136364,20170713,20170717,512,229,306,3,91.008,9,0.2,19.3392
4809,4806,CA-2015-137708,20151122,20151125,565,1041,499,3,37.94,2,0.0,18.2112
4810,4807,CA-2015-137708,20151122,20151125,565,1055,499,3,42.8,10,0.0,19.26
4811,4808,CA-2015-137708,20151122,20151125,565,1437,499,3,33.63,3,0.0,10.089
4812,4809,CA-2014-149055,20141123,20141128,586,891,305,4,62.808,3,0.2,21.1977
4813,4810,CA-2015-151589,20151227,20151230,639,1231,184,1,195.64,4,0.0,91.9508
4814,4811,CA-2015-151589,20151227,20151230,639,1869,184,1,239.9,2,0.0,71.97
4815,4812,CA-2016-121370,20161114,20161119,253,63,305,3,380.058,3,0.3,-21.7176
4816,4813,CA-2016-121370,20161114,20161119,253,1639,305,3,1199.976,4,0.4,179.9964
4817,4814,CA-2016-121370,20161114,20161119,253,240,305,3,48.576,3,0.2,9.7152
4818,4815,CA-2016-111696,20160508,20160510,741,1207,498,1,17.94,3,0.0,8.073
4819,4816,CA-2014-139598,20141226,20141231,505,1293,305,4,18.264,3,0.2,6.1641
4820,4817,CA-2014-139598,20141226,20141231,505,450,305,4,34.656,2,0.2,5.6316
4821,4818,CA-2014-139598,20141226,20141231,505,458,305,4,81.552,2,0.2,8.1552
4822,4819,CA-2014-139598,20141226,20141231,505,1360,305,4,227.136,4,0.2,-42.588
4823,4820,CA-2017-117436,20170608,20170614,481,815,203,4,10.36,2,0.0,5.0764
4824,4821,CA-2015-140025,20150407,20150411,589,441,177,4,463.248,8,0.8,-1181.2824
4825,4822,CA-2015-140025,20150407,20150411,589,1556,177,4,383.952,6,0.2,47.994
4826,4823,CA-2016-134222,20160710,20160711,579,715,464,2,44.856,6,0.7,-35.8848
4827,4824,CA-2016-140018,20161121,20161126,148,1650,279,4,30.345,7,0.7,-24.276
4828,4825,CA-2016-140018,20161121,20161126,148,114,279,4,127.554,3,0.3,-9.111
4829,4826,CA-2016-140018,20161121,20161126,148,203,279,4,77.952,3,0.2,15.5904
4830,4827,US-2017-136707,20171112,20171115,355,786,501,1,14.016,4,0.2,4.9056
4831,4828,CA-2014-152562,20141101,20141108,397,1324,389,4,69.52,2,0.0,19.4656
4832,4829,CA-2014-152562,20141101,20141108,397,545,389,4,5.64,3,0.0,1.6356
4833,4830,CA-2016-152408,20160515,20160521,771,746,266,4,13.776,3,0.2,4.4772
4834,4831,CA-2014-120278,20141107,20141112,537,412,194,4,245.88,6,0.0,68.8464
4835,4832,CA-2014-120278,20141107,20141112,537,1432,194,4,36.63,3,0.0,9.8901
4836,4833,CA-2014-120278,20141107,20141112,537,1384,194,4,22.58,2,0.0,5.8708
4837,4834,CA-2014-120278,20141107,20141112,537,858,194,4,12.39,3,0.0,5.8233
4838,4835,CA-2017-167661,20171005,20171010,535,754,533,4,39.92,5,0.2,13.473
4839,4836,CA-2017-167661,20171005,20171010,535,1196,533,4,61.96,2,0.0,27.882
4840,4837,CA-2017-167661,20171005,20171010,535,689,533,4,19.936,4,0.2,7.2268
4841,4838,CA-2017-106831,20170601,20170603,285,785,281,1,3.798,2,0.7,-2.6586
4842,4839,CA-2017-106831,20170601,20170603,285,1084,281,1,27.744,6,0.2,10.0572
4843,4840,CA-2017-106831,20170601,20170603,285,1766,281,1,158.376,4,0.4,-34.3148
4844,4841,CA-2017-154123,20171120,20171125,669,162,385,4,27.58,2,0.0,11.5836
4845,4842,CA-2016-136049,20161223,20161228,570,699,276,4,5.553,3,0.7,-4.0722
4846,4843,CA-2017-118402,20170929,20171004,398,1362,435,4,243.92,5,0.2,-54.882
4847,4844,US-2016-139388,20161107,20161109,134,956,243,1,14.96,4,0.0,0.2992
4848,4845,US-2014-128685,20140404,20140405,552,819,499,1,7.184,2,0.2,2.245
4849,4846,CA-2015-124044,20150723,20150726,541,786,269,3,10.512,3,0.2,3.6792
4850,4847,CA-2014-164469,20140625,20140627,303,1786,600,3,263.96,5,0.2,19.797
4851,4848,CA-2014-164469,20140625,20140627,303,593,600,3,71.632,11,0.2,17.908
4852,4849,CA-2014-164469,20140625,20140627,303,496,600,3,9.328,1,0.2,0.8162
4853,4850,CA-2014-107818,20140908,20140914,487,577,624,4,5.88,2,0.0,2.646
4854,4851,CA-2014-107818,20140908,20140914,487,57,624,4,975.92,5,0.2,121.99
4855,4852,CA-2014-107818,20140908,20140914,487,491,624,4,303.84,8,0.0,91.152
4856,4853,CA-2014-107818,20140908,20140914,487,1337,624,4,485.88,6,0.0,19.4352
4857,4854,CA-2014-113320,20141212,20141215,464,301,511,3,12.54,3,0.0,4.5144
4858,4855,CA-2014-113320,20141212,20141215,464,1330,511,3,8.94,3,0.0,0.6258
4859,4856,CA-2014-113320,20141212,20141215,464,196,511,3,9.24,3,0.0,4.4352
4860,4857,CA-2015-137526,20150113,20150117,585,784,498,4,70.008,3,0.2,24.5028
4861,4858,CA-2015-137526,20150113,20150117,585,201,498,4,77.6,4,0.0,38.024
4862,4859,CA-2015-137526,20150113,20150117,585,316,498,4,464.85,9,0.0,92.97
4863,4860,CA-2017-136063,20171215,20171219,714,506,22,4,10.192,7,0.2,1.0192
4864,4861,CA-2016-101546,20161218,20161224,303,702,245,4,1793.98,2,0.0,843.1706
4865,4862,CA-2014-138940,20140411,20140416,305,1774,128,3,758.352,6,0.2,265.4232
4866,4863,CA-2016-125164,20161110,20161114,692,696,264,4,20.368,1,0.2,7.3834
4867,4864,CA-2016-125164,20161110,20161114,692,810,264,4,49.848,3,0.2,16.8237
4868,4865,CA-2017-163531,20170626,20170630,679,1749,265,4,239.97,3,0.0,67.1916
4869,4866,CA-2017-122490,20171113,20171118,770,70,627,4,2404.704,6,0.2,150.294
4870,4867,CA-2017-122490,20171113,20171118,770,718,627,4,563.024,11,0.2,190.0206
4871,4868,CA-2017-122490,20171113,20171118,770,1347,627,4,344.91,3,0.0,10.3473
4872,4869,CA-2017-122490,20171113,20171118,770,980,627,4,8.64,3,0.0,4.2336
4873,4870,CA-2017-131366,20171124,20171129,675,1839,303,4,89.988,2,0.4,-14.998
4874,4871,CA-2017-131366,20171124,20171129,675,1083,303,4,229.544,7,0.2,83.2097
4875,4872,CA-2017-164042,20170523,20170527,435,925,156,4,1.824,2,0.2,0.6156
4876,4873,CA-2017-164042,20170523,20170527,435,423,156,4,18.32,5,0.8,-46.716
4877,4874,CA-2017-164042,20170523,20170527,435,1388,156,4,48.816,3,0.2,-11.5938
4878,4875,CA-2017-164042,20170523,20170527,435,727,156,4,1.188,1,0.8,-1.9602
4879,4876,CA-2014-132864,20141202,20141207,440,1515,279,4,119.8,5,0.2,29.95
4880,4877,US-2014-155817,20141003,20141009,699,1325,405,4,61.568,2,0.2,4.6176
4881,4878,US-2014-155817,20141003,20141009,699,561,405,4,6.192,3,0.2,0.4644
4882,4879,US-2016-131891,20160729,20160731,615,656,360,1,2.214,3,0.7,-1.476
4883,4880,CA-2017-143567,20171102,20171105,733,912,385,3,5.32,2,0.0,2.6068
4884,4881,CA-2017-143567,20171102,20171105,733,57,385,3,975.92,4,0.0,292.776
4885,4882,CA-2017-143567,20171102,20171105,733,1602,385,3,2249.91,9,0.0,517.4793
4886,4883,CA-2017-143567,20171102,20171105,733,1372,385,3,59.92,4,0.0,16.7776
4887,4884,CA-2017-104080,20170308,20170315,32,805,465,4,171.2,5,0.2,64.2
4888,4885,CA-2017-104080,20170308,20170315,32,551,465,4,3.36,2,0.0,0.8736
4889,4886,CA-2014-151379,20141216,20141220,678,1078,69,4,114.2,5,0.0,52.532
4890,4887,CA-2016-163167,20161128,20161201,640,126,376,3,182.67,3,0.0,52.9743
4891,4888,CA-2016-163167,20161128,20161201,640,1586,376,3,101.7,6,0.0,6.102
4892,4889,CA-2016-163167,20161128,20161201,640,1435,376,3,1126.02,3,0.0,56.301
4893,4890,CA-2016-163167,20161128,20161201,640,1425,376,3,1263.3,6,0.0,315.825
4894,4891,CA-2016-135776,20161223,20161230,258,524,627,4,8.82,3,0.0,2.5578
4895,4892,CA-2016-135776,20161223,20161230,258,1115,627,4,37.94,2,0.0,18.2112
4896,4893,CA-2016-135776,20161223,20161230,258,523,627,4,4.2,2,0.0,1.176
4897,4894,CA-2016-135776,20161223,20161230,258,1401,627,4,227.28,2,0.0,2.2728
4898,4895,CA-2016-135776,20161223,20161230,258,1281,627,4,47.9,1,0.0,22.992
4899,4896,CA-2016-135776,20161223,20161230,258,911,627,4,61.96,2,0.0,30.3604
4900,4897,CA-2016-135776,20161223,20161230,258,1416,627,4,1117.92,4,0.0,55.896
4901,4898,US-2014-122021,20141015,20141017,15,112,295,1,183.372,2,0.3,-7.8588
4902,4899,US-2014-122021,20141015,20141017,15,1178,295,1,7.968,2,0.2,2.8884
4903,4900,CA-2016-130484,20160822,20160827,689,651,595,4,26.352,8,0.7,-18.4464
4904,4901,CA-2017-120936,20171217,20171221,124,1370,465,4,481.32,4,0.0,125.1432
4905,4902,CA-2017-120936,20171217,20171221,124,1464,465,4,13.98,1,0.0,3.6348
4906,4903,CA-2017-110884,20170307,20170312,693,794,266,4,25.92,6,0.2,9.072
4907,4904,CA-2017-110884,20170307,20170312,693,1004,266,4,91.59,3,0.0,42.1314
4908,4905,US-2014-161613,20141201,20141203,491,111,155,3,674.058,3,0.3,-19.2588
4909,4906,US-2014-146353,20141014,20141016,355,787,233,3,22.92,4,0.0,11.0016
4910,4907,US-2014-146353,20141014,20141016,355,1363,233,3,269.9,5,0.0,16.194
4911,4908,CA-2014-133809,20141118,20141123,538,720,283,3,11.808,8,0.7,-8.6592
4912,4909,CA-2014-133809,20141118,20141123,538,1886,283,3,9.588,2,0.4,-2.0774
4913,4910,CA-2017-127306,20170114,20170118,89,869,432,4,18.336,3,0.2,6.6468
4914,4911,CA-2017-127306,20170114,20170118,89,1028,432,4,36.288,7,0.2,12.7008
4915,4912,CA-2017-127306,20170114,20170118,89,1777,432,4,111.984,2,0.2,6.999
4916,4913,CA-2017-127306,20170114,20170118,89,730,432,4,5.97,5,0.7,-4.577
4917,4914,CA-2017-127306,20170114,20170118,89,803,432,4,2.508,2,0.7,-1.8392
4918,4915,CA-2015-161830,20150924,20150926,499,621,628,3,35.96,2,0.0,10.4284
4919,4916,CA-2015-161830,20150924,20150926,499,689,628,3,14.952,3,0.2,5.4201
4920,4917,CA-2017-163125,20171009,20171011,485,628,162,3,67.144,7,0.2,5.8751
4921,4918,CA-2017-163125,20171009,20171011,485,78,162,3,254.058,3,0.3,-32.6646
4922,4919,CA-2016-160304,20160102,20160107,92,49,215,4,173.94,3,0.0,38.2668
4923,4920,CA-2016-160304,20160102,20160107,92,1723,215,4,231.98,2,0.0,67.2742
4924,4921,CA-2017-101728,20170819,20170823,676,746,10,4,2.296,2,0.8,-3.9032
4925,4922,CA-2017-114055,20171225,20171229,516,1285,320,3,96.08,2,0.0,46.1184
4926,4923,CA-2017-114055,20171225,20171229,516,945,320,3,3.62,2,0.0,1.1946
4927,4924,CA-2017-114055,20171225,20171229,516,1097,320,3,629.1,6,0.0,301.968
4928,4925,CA-2017-114055,20171225,20171229,516,1825,320,3,90.48,2,0.0,23.5248
4929,4926,CA-2017-126438,20170910,20170913,46,587,225,1,14.88,2,0.0,3.72
4930,4927,CA-2017-117653,20171019,20171023,530,360,9,4,91.275,1,0.5,-67.5435
4931,4928,CA-2017-143245,20171201,20171206,16,1164,198,4,19.44,3,0.0,9.3312
4932,4929,CA-2017-143245,20171201,20171206,16,52,198,4,897.15,3,0.0,251.202
4933,4930,US-2014-138828,20140902,20140903,424,502,263,1,57.75,5,0.0,16.17
4934,4931,US-2014-138828,20140902,20140903,424,1056,263,1,14.94,3,0.0,7.0218
4935,4933,CA-2015-106978,20150928,20151004,792,910,556,4,12.536,1,0.2,4.2309
4936,4934,CA-2015-106978,20150928,20151004,792,731,556,4,1.08,2,0.7,-0.792
4937,4935,CA-2015-106978,20150928,20151004,792,944,556,4,4.512,3,0.2,0.846
4938,4936,CA-2015-155124,20150315,20150321,443,1837,605,4,16.776,3,0.2,1.6776
4939,4937,CA-2017-150931,20170106,20170113,233,849,323,4,33.74,7,0.0,15.5204
4940,4938,CA-2014-157147,20140113,20140118,71,1315,532,4,1325.85,5,0.0,238.653
4941,4939,CA-2014-157147,20140113,20140118,71,28,532,4,333.999,3,0.15,3.9294
4942,4940,CA-2014-157147,20140113,20140118,71,596,532,4,19.9,5,0.0,6.567
4943,4941,CA-2015-156482,20150206,20150213,337,75,208,4,1268.82,9,0.0,266.4522
4944,4942,CA-2015-156482,20150206,20150213,337,23,208,4,283.92,4,0.0,82.3368
4945,4943,CA-2015-156482,20150206,20150213,337,511,208,4,5.68,2,0.0,1.7608
4946,4944,CA-2017-106782,20171221,20171227,469,1435,42,4,375.34,1,0.0,18.767
4947,4945,CA-2016-151372,20160905,20160906,372,1285,521,1,96.08,2,0.0,46.1184
4948,4946,CA-2016-151372,20160905,20160906,372,649,521,1,11.68,2,0.2,3.942
4949,4947,CA-2016-151372,20160905,20160906,372,918,521,1,4.36,2,0.0,1.7876
4950,4948,CA-2014-102085,20141004,20141009,351,993,629,4,29.24,4,0.0,13.7428
4951,4949,CA-2017-107125,20171127,20171202,68,729,502,4,117.488,7,0.2,41.1208
4952,4950,CA-2017-107125,20171127,20171202,68,166,502,4,18.84,3,0.0,6.0288
4953,4951,CA-2016-125815,20161028,20161101,221,629,263,3,12.42,3,0.0,5.2164
4954,4952,CA-2015-144190,20150609,20150613,556,1052,81,4,12.96,2,0.0,6.2208
4955,4953,CA-2017-117926,20171208,20171212,55,442,532,3,69.48,1,0.0,20.844
4956,4954,CA-2015-153906,20150316,20150320,542,1755,263,4,85.9,2,0.0,2.577
4957,4955,CA-2014-160262,20140609,20140613,763,561,584,3,18.06,7,0.0,4.6956
4958,4956,CA-2014-160262,20140609,20140613,763,1245,584,3,79.14,3,0.0,36.4044
4959,4957,CA-2014-160262,20140609,20140613,763,237,584,3,37.4,2,0.0,14.212
4960,4958,CA-2015-127607,20150320,20150326,381,701,134,4,2.512,2,0.8,-4.396
4961,4959,CA-2015-127607,20150320,20150326,381,949,134,4,18.864,9,0.2,6.1308
4962,4960,CA-2016-166226,20161118,20161122,746,1838,499,4,61.192,1,0.2,6.1192
4963,4961,CA-2016-166226,20161118,20161122,746,446,499,4,67.84,1,0.0,18.3168
4964,4962,CA-2014-156587,20140307,20140308,5,126,627,1,48.712,1,0.2,5.4801
4965,4963,CA-2014-156587,20140307,20140308,5,528,627,1,17.94,3,0.0,4.6644
4966,4964,CA-2014-156587,20140307,20140308,5,1389,627,1,242.94,3,0.0,4.8588
4967,4965,CA-2016-141180,20160515,20160519,230,660,341,3,7.764,4,0.7,-5.176
4968,4966,CA-2015-109708,20150525,20150528,186,1778,428,3,467.04,4,0.2,58.38
4969,4967,CA-2015-122406,20150802,20150805,78,1755,311,3,128.85,3,0.0,3.8655
4970,4968,CA-2015-122406,20150802,20150805,78,1116,311,3,8.4,2,0.0,4.116
4971,4969,CA-2015-122406,20150802,20150805,78,1613,311,3,199.98,2,0.0,83.9916
4972,4970,CA-2015-122406,20150802,20150805,78,81,311,3,110.98,1,0.0,15.5372
4973,4971,US-2016-153815,20161106,20161109,434,58,345,1,207.984,2,0.2,-28.5978
4974,4972,US-2016-153815,20161106,20161109,434,1190,345,1,36.112,2,0.2,12.6392
4975,4973,US-2016-153815,20161106,20161109,434,294,345,1,35.568,2,0.2,5.7798
4976,4974,US-2016-153815,20161106,20161109,434,1270,345,1,88.768,2,0.2,31.0688
4977,4975,CA-2016-164896,20161107,20161112,611,1180,512,4,12.9,2,0.0,6.321
4978,4976,CA-2015-142202,20150918,20150923,405,1580,345,3,717.12,9,0.2,152.388
4979,4977,CA-2015-165050,20151207,20151209,32,684,265,1,21.36,5,0.2,7.209
4980,4978,CA-2015-165050,20151207,20151209,32,803,265,1,6.688,2,0.2,2.3408
4981,4979,CA-2015-165050,20151207,20151209,32,1747,265,1,773.94,6,0.0,224.4426
4982,4980,US-2016-131114,20161209,20161213,662,1457,8,3,20.568,3,0.2,1.5426
4983,4981,US-2016-131114,20161209,20161213,662,467,8,3,4.356,2,0.8,-11.7612
4984,4982,US-2016-131114,20161209,20161213,662,1487,8,3,19.04,4,0.2,-1.428
4985,4983,CA-2014-160066,20141116,20141122,29,971,487,4,5.22,2,0.0,2.4012
4986,4984,CA-2016-109925,20161106,20161110,339,1414,531,3,84.84,3,0.0,22.9068
4987,4985,CA-2015-160696,20150906,20150910,151,945,437,4,7.24,5,0.2,1.1765
4988,4986,CA-2014-125171,20140903,20140903,22,974,263,2,14.4,5,0.0,7.056
4989,4987,CA-2016-149279,20160424,20160428,154,1240,558,4,15.552,3,0.2,5.4432
4990,4988,CA-2016-149279,20160424,20160428,154,124,558,4,1325.76,6,0.2,149.148
4991,4989,CA-2016-149279,20160424,20160428,154,815,558,4,3.108,2,0.7,-2.1756
4992,4990,CA-2017-107321,20170831,20170904,62,814,533,4,6.672,3,0.2,2.1684
4993,4991,CA-2017-107321,20170831,20170904,62,1789,533,4,689.408,4,0.2,77.5584
4994,4992,US-2017-122714,20171207,20171213,323,693,10,4,1889.99,5,0.8,-2929.4845
4995,4993,CA-2015-153038,20151218,20151225,626,861,435,4,55.936,8,0.2,18.8784
4996,4994,CA-2015-153038,20151218,20151225,626,1012,435,4,18.432,8,0.2,5.9904
4997,4995,CA-2015-153038,20151218,20151225,626,147,435,4,20.32,5,0.2,3.556
4998,4996,CA-2014-132227,20141104,20141110,730,682,264,4,52.064,4,0.2,18.8732
4999,4997,CA-2017-155824,20170310,20170315,443,395,414,4,48.784,1,0.2,3.6588
5000,4998,CA-2017-155824,20170310,20170315,443,647,414,4,13.092,4,0.7,-10.0372
5001,4999,CA-2016-129238,20160131,20160204,669,1865,502,4,109.592,1,0.2,8.2194
5002,5000,CA-2016-129238,20160131,20160204,669,1208,502,4,56.7,5,0.0,27.783
5003,5001,CA-2017-159688,20170507,20170512,6,1500,498,4,79.99,1,0.0,28.7964
5004,5002,CA-2016-136126,20160524,20160524,262,1449,445,2,69.5,5,0.0,20.155
5005,5003,CA-2016-136126,20160524,20160524,262,1281,445,2,191.6,4,0.0,91.968
5006,5004,CA-2016-155033,20161007,20161012,134,1037,500,4,10.56,2,0.0,5.0688
5007,5005,CA-2014-156006,20140430,20140502,754,1558,397,3,47.79,3,0.0,16.2486
5008,5006,CA-2015-158659,20151110,20151114,678,1411,49,3,714.3,5,0.0,207.147
5009,5007,CA-2015-169796,20151109,20151114,245,1644,266,4,2321.9,2,0.0,1114.512
5010,5008,CA-2015-169796,20151109,20151114,245,1367,266,4,17.94,3,0.0,3.0498
5011,5009,CA-2015-102876,20150907,20150914,471,851,305,4,9.522,1,0.7,-6.9828
5012,5010,CA-2015-102876,20150907,20150914,471,1816,305,4,791.964,6,0.4,-131.994
5013,5011,CA-2015-102876,20150907,20150914,471,680,305,4,4.923,3,0.7,-3.9384
5014,5012,US-2017-139647,20170511,20170513,765,46,459,1,209.979,7,0.7,-356.9643
5015,5013,US-2017-160465,20170721,20170726,727,716,278,4,33.93,3,0.7,-22.62
5016,5014,US-2017-160465,20170721,20170726,727,1318,278,4,222.32,7,0.2,25.011
5017,5015,US-2017-160465,20170721,20170726,727,1874,278,4,210.564,6,0.4,-52.641
5018,5016,CA-2014-153850,20141124,20141129,750,246,297,4,35.168,7,0.2,9.6712
5019,5017,CA-2014-153850,20141124,20141129,750,1811,297,4,1502.376,4,0.4,-250.396
5020,5018,CA-2014-127558,20141115,20141118,715,230,499,1,10.11,3,0.0,3.2352
5021,5019,CA-2014-127558,20141115,20141118,715,1596,499,1,772.47,3,0.0,146.7693
5022,5020,CA-2014-127558,20141115,20141118,715,1463,499,1,20.46,2,0.0,5.3196
5023,5021,CA-2017-136511,20170323,20170325,552,1468,264,3,347.58,3,0.0,17.379
5024,5022,CA-2016-133795,20161218,20161224,354,1521,530,4,72.64,2,0.0,21.792
5025,5023,CA-2016-133795,20161218,20161224,354,1596,530,4,772.47,3,0.0,146.7693
5026,5024,CA-2016-133795,20161218,20161224,354,273,530,4,39.92,4,0.0,11.1776
5027,5025,US-2017-130953,20170729,20170803,641,854,119,4,33.48,2,0.0,16.4052
5028,5026,US-2017-130953,20170729,20170803,641,1828,119,4,461.97,3,0.0,133.9713
5029,5027,US-2017-130953,20170729,20170803,641,431,119,4,137.62,2,0.0,60.5528
5030,5028,US-2017-130953,20170729,20170803,641,129,119,4,302.67,3,0.0,72.6408
5031,5029,CA-2014-151792,20140902,20140907,183,1527,10,3,239.976,3,0.2,53.9946
5032,5030,CA-2017-139304,20170129,20170202,779,520,532,4,8.34,3,0.0,2.1684
5033,5031,CA-2017-139304,20170129,20170202,779,1457,532,4,8.57,1,0.0,2.2282
5034,5032,CA-2017-139304,20170129,20170202,779,752,532,4,119.616,8,0.2,40.3704
5035,5033,CA-2016-155166,20161226,20170102,66,118,252,4,212.94,3,0.0,25.5528
5036,5034,CA-2016-155166,20161226,20170102,66,445,252,4,26.49,1,0.0,7.4172
5037,5035,CA-2015-103954,20150809,20150813,332,47,190,3,687.4,5,0.0,48.118
5038,5036,CA-2014-169803,20140406,20140412,672,330,629,4,653.55,3,0.0,111.1035
5039,5037,CA-2014-169803,20140406,20140412,672,1586,629,4,33.9,2,0.0,2.034
5040,5038,CA-2017-141719,20171117,20171121,257,1590,20,3,239.96,5,0.2,83.986
5041,5039,CA-2015-136469,20150711,20150712,765,336,208,1,199.836,4,0.3,-37.1124
5042,5040,CA-2015-136469,20150711,20150712,765,1772,208,1,716.0,2,0.0,193.32
5043,5041,CA-2015-136469,20150711,20150712,765,836,208,1,221.06,7,0.0,103.8982
5044,5042,CA-2016-158694,20161110,20161113,36,1190,501,3,67.71,3,0.0,32.5008
5045,5043,CA-2016-158694,20161110,20161113,36,386,501,3,129.92,4,0.0,38.976
5046,5044,CA-2016-158694,20161110,20161113,36,173,501,3,467.46,9,0.0,191.6586
5047,5045,CA-2016-158694,20161110,20161113,36,1118,501,3,61.4,5,0.0,28.858
5048,5046,CA-2016-158694,20161110,20161113,36,1366,501,3,720.76,4,0.0,187.3976
5049,5047,CA-2016-158694,20161110,20161113,36,847,501,3,5.184,3,0.2,1.8144
5050,5048,CA-2016-158694,20161110,20161113,36,522,501,3,14.7,5,0.0,3.969
5051,5049,US-2014-104759,20140331,20140404,202,735,8,4,8.134,7,0.8,-13.8278
5052,5050,US-2014-104759,20140331,20140404,202,1626,8,4,79.984,2,0.2,13.9972
5053,5051,CA-2015-150511,20150918,20150924,6,1143,617,4,18.54,2,0.0,8.7138
5054,5052,CA-2015-134922,20151107,20151111,415,862,306,4,24.4,2,0.2,7.93
5055,5053,US-2017-120607,20170519,20170519,347,1226,372,2,195.64,4,0.0,91.9508
5056,5054,CA-2015-141243,20150103,20150108,33,1580,141,3,398.4,5,0.2,84.66
5057,5055,CA-2015-141243,20150103,20150108,33,524,141,3,7.056,3,0.2,0.7938
5058,5056,CA-2015-141243,20150103,20150108,33,30,141,3,1352.3976,9,0.32,-437.5404
5059,5057,CA-2015-162166,20150908,20150911,570,1198,508,1,26.4,5,0.0,11.88
5060,5058,CA-2015-162166,20150908,20150911,570,1395,508,1,41.88,6,0.0,0.8376
5061,5059,CA-2016-120796,20160403,20160407,173,830,306,4,99.846,9,0.7,-83.205
5062,5060,CA-2016-109722,20161205,20161207,757,1726,384,3,699.98,2,0.0,195.9944
5063,5061,CA-2016-109722,20161205,20161207,757,1314,384,3,584.82,9,0.0,70.1784
5064,5062,CA-2015-136798,20150508,20150512,219,796,93,4,43.98,2,0.0,21.99
5065,5063,CA-2015-136798,20150508,20150512,219,1722,93,4,377.97,3,0.0,105.8316
5066,5064,CA-2015-136798,20150508,20150512,219,165,93,4,123.96,3,0.0,11.1564
5067,5065,CA-2017-122196,20170922,20170924,123,1894,208,1,391.98,2,0.0,113.6742
5068,5066,CA-2017-142090,20171130,20171207,674,1538,400,4,383.976,3,0.2,81.5949
5069,5067,CA-2017-142090,20171130,20171207,674,345,400,4,1781.682,7,0.4,-653.2834
5070,5068,CA-2017-160934,20170115,20170119,773,595,499,4,21.4,5,0.0,6.206
5071,5069,CA-2014-124478,20140808,20140812,483,1632,85,4,549.99,1,0.0,274.995
5072,5070,CA-2014-124478,20140808,20140812,483,437,85,4,167.535,3,0.1,37.23
5073,5071,CA-2014-124478,20140808,20140812,483,882,85,4,38.34,3,0.0,17.253
5074,5072,CA-2014-124478,20140808,20140812,483,214,85,4,53.88,6,0.0,22.6296
5075,5073,CA-2014-124478,20140808,20140812,483,1741,85,4,299.98,2,0.0,83.9944
5076,5074,CA-2015-145485,20151105,20151105,396,1333,532,2,62.8,4,0.0,15.7
5077,5075,CA-2017-151071,20170425,20170429,486,738,503,3,13.904,2,0.2,4.5188
5078,5076,CA-2014-134572,20140420,20140422,721,340,155,3,744.1,5,0.3,-95.67
5079,5077,CA-2014-134572,20140420,20140422,721,1437,155,3,44.84,5,0.2,5.605
5080,5078,CA-2014-134572,20140420,20140422,721,377,155,3,401.59,2,0.3,-131.951
5081,5079,CA-2017-143217,20171111,20171117,143,769,190,4,18.24,3,0.0,8.5728
5082,5080,US-2017-133312,20171125,20171129,69,20,534,4,359.499,3,0.15,-29.6058
5083,5081,US-2017-133312,20171125,20171129,69,1358,534,4,10.48,1,0.0,2.8296
5084,5082,US-2015-137533,20151218,20151218,380,1240,278,2,20.736,4,0.2,7.2576
5085,5083,CA-2016-155138,20160908,20160912,393,1604,413,4,35.168,4,0.2,8.3524
5086,5084,CA-2016-155138,20160908,20160912,393,1068,413,4,64.704,3,0.2,23.4552
5087,5085,CA-2016-108350,20160606,20160609,671,1247,227,3,105.52,4,0.0,48.5392
5088,5086,CA-2015-144302,20150619,20150623,498,691,140,4,5.792,2,0.8,-9.5568
5089,5087,CA-2015-109001,20150305,20150309,440,1727,304,4,466.158,7,0.4,-93.2316
5090,5088,CA-2015-109001,20150305,20150309,440,1510,304,4,10.312,1,0.2,-1.289
5091,5089,CA-2015-109001,20150305,20150309,440,789,304,4,2.556,3,0.7,-1.7892
5092,5090,CA-2017-132738,20170804,20170807,329,1141,567,1,7.968,2,0.2,2.8884
5093,5091,CA-2017-132738,20170804,20170807,329,868,567,1,8.784,1,0.2,3.1842
5094,5092,CA-2017-156720,20171230,20180103,393,948,567,4,3.024,3,0.2,-0.6048
5095,5093,CA-2015-119102,20150523,20150527,433,1436,313,4,51.45,3,0.0,13.8915
5096,5094,US-2014-140452,20141206,20141210,90,468,8,4,14.016,4,0.8,-31.536
5097,5095,US-2014-140452,20141206,20141210,90,370,8,4,214.95,5,0.5,-120.372
5098,5096,US-2014-140452,20141206,20141210,90,1717,8,4,35.04,4,0.2,-7.008
5099,5097,US-2014-140452,20141206,20141210,90,214,8,4,10.776,3,0.6,-4.8492
5100,5098,US-2014-140452,20141206,20141210,90,856,8,4,4.6,2,0.8,-8.05
5101,5099,US-2014-140452,20141206,20141210,90,1394,8,4,35.168,2,0.2,-8.3524
5102,5100,CA-2015-141936,20150807,20150812,602,741,468,4,19.152,3,0.2,6.4638
5103,5101,CA-2014-158442,20140317,20140317,64,605,141,2,4.448,2,0.2,0.3336
5104,5102,CA-2014-158442,20140317,20140317,64,1176,141,2,5.184,1,0.2,1.8792
5105,5103,CA-2014-158442,20140317,20140317,64,1187,141,2,15.552,3,0.2,5.4432
5106,5104,CA-2015-167374,20150326,20150330,306,1159,306,3,40.032,6,0.2,12.51
5107,5105,CA-2015-167374,20150326,20150330,306,1615,306,3,16.776,3,0.2,5.0328
5108,5106,CA-2014-116568,20141214,20141220,94,94,340,4,186.304,4,0.2,13.9728
5109,5107,CA-2015-147102,20150919,20150926,566,1498,373,4,66.36,4,0.0,23.226
5110,5108,CA-2017-132213,20170425,20170426,602,623,437,1,42.048,9,0.2,5.256
5111,5109,CA-2017-132213,20170425,20170426,602,550,437,1,67.92,5,0.2,6.792
5112,5110,CA-2014-138450,20141018,20141022,258,870,305,4,52.512,6,0.2,19.692
5113,5111,CA-2014-138450,20141018,20141022,258,1417,305,4,186.912,6,0.2,-35.046
5114,5112,CA-2014-138450,20141018,20141022,258,1218,305,4,10.048,4,0.2,3.14
5115,5113,CA-2015-153073,20151113,20151113,317,174,8,2,17.496,9,0.6,-7.4358
5116,5114,CA-2016-147970,20160131,20160202,8,1262,142,3,15.552,3,0.2,5.4432
5117,5115,CA-2016-150658,20161117,20161122,537,819,588,4,10.776,3,0.2,3.3675
5118,5116,CA-2017-125640,20170725,20170729,202,1015,305,4,3.304,1,0.2,1.0738
5119,5117,CA-2017-154137,20171111,20171117,543,1412,263,4,35.48,1,0.0,0.0
5120,5118,CA-2015-127173,20150926,20151003,306,955,268,4,34.44,3,0.0,16.1868
5121,5119,CA-2015-127173,20150926,20151003,306,1674,268,4,629.93,7,0.0,296.0671
5122,5120,CA-2015-127173,20150926,20151003,306,651,268,4,79.056,9,0.2,28.6578
5123,5121,CA-2014-149538,20140404,20140408,418,1430,392,4,232.55,5,0.0,9.302
5124,5122,CA-2014-149538,20140404,20140408,418,1569,392,4,99.98,2,0.0,42.9914
5125,5123,CA-2014-149538,20140404,20140408,418,1254,392,4,19.44,3,0.0,9.3312
5126,5124,CA-2014-149538,20140404,20140408,418,1176,392,4,12.96,2,0.0,6.3504
5127,5125,CA-2014-160766,20140914,20140914,224,332,263,2,464.292,9,0.4,-108.3348
5128,5126,CA-2014-160766,20140914,20140914,224,866,263,2,68.46,7,0.0,31.4916
5129,5127,CA-2014-160766,20140914,20140914,224,1694,263,2,2799.96,4,0.0,1371.9804
5130,5128,CA-2014-160766,20140914,20140914,224,449,263,2,601.3,2,0.0,198.429
5131,5129,CA-2014-160766,20140914,20140914,224,1758,263,2,16.99,1,0.0,4.4174
5132,5130,CA-2014-160766,20140914,20140914,224,1725,263,2,287.97,3,0.0,80.6316
5133,5131,CA-2014-160766,20140914,20140914,224,1043,263,2,44.82,9,0.0,21.0654
5134,5132,CA-2017-146626,20171229,20180105,102,229,465,4,101.12,8,0.0,37.4144
5135,5133,CA-2015-123330,20150621,20150627,276,1773,340,4,107.976,3,0.2,37.7916
5136,5134,CA-2017-155607,20171126,20171130,283,424,263,4,58.73,7,0.0,14.6825
5137,5135,CA-2017-155607,20171126,20171130,283,784,263,4,93.344,4,0.2,32.6704
5138,5136,CA-2016-151323,20161023,20161028,10,942,627,4,17.05,5,0.0,8.184
5139,5137,CA-2015-146696,20151214,20151219,631,750,531,4,8.096,2,0.2,2.7324
5140,5138,CA-2016-128972,20161113,20161117,766,251,119,4,30.36,4,0.0,13.0548
5141,5139,CA-2017-128335,20170929,20171005,340,877,261,4,23.34,3,0.0,10.9698
5142,5140,CA-2017-128335,20170929,20171005,340,1310,261,4,51.55,5,0.0,24.2285
5143,5141,CA-2015-154886,20151108,20151112,728,1535,532,4,119.9,2,0.0,43.164
5144,5142,CA-2016-111213,20160401,20160405,291,57,263,4,1317.492,6,0.1,292.776
5145,5143,CA-2016-111213,20160401,20160405,291,1450,263,4,63.84,8,0.0,18.5136
5146,5144,CA-2016-111213,20160401,20160405,291,819,263,4,3.592,1,0.2,1.1225
5147,5145,CA-2017-161333,20170202,20170207,388,249,502,4,86.26,2,0.0,29.3284
5148,5146,CA-2017-161333,20170202,20170207,388,1324,502,4,139.04,4,0.0,38.9312
5149,5147,CA-2017-161333,20170202,20170207,388,391,502,4,46.8,4,0.0,16.38
5150,5148,CA-2017-128734,20171224,20171231,385,197,454,4,8.544,4,0.2,1.9224
5151,5149,CA-2017-128734,20171224,20171231,385,72,454,4,842.376,3,0.2,105.297
5152,5150,CA-2014-141796,20140621,20140621,366,1761,260,2,1214.85,3,0.0,352.3065
5153,5151,CA-2017-125101,20170306,20170310,692,1334,532,3,67.78,2,0.0,16.945
5154,5152,CA-2017-169929,20170925,20170928,474,1390,580,1,39.9,5,0.0,10.374
5155,5153,US-2014-121566,20140630,20140706,172,839,264,4,2.688,1,0.2,0.84
5156,5154,US-2014-121566,20140630,20140706,172,512,264,4,6.6,3,0.0,2.904
5157,5155,US-2015-124219,20150807,20150808,447,742,104,1,28.4,4,0.0,13.064
5158,5156,US-2015-124219,20150807,20150808,447,153,104,1,212.94,3,0.0,34.0704
5159,5157,CA-2017-163006,20170630,20170704,299,1811,10,3,1001.584,2,0.2,125.198
5160,5158,CA-2017-163006,20170630,20170704,299,54,10,3,569.058,3,0.3,-178.8468
5161,5159,CA-2017-163006,20170630,20170704,299,276,10,3,14.224,2,0.6,-10.3124
5162,5160,CA-2015-156146,20151026,20151030,23,1766,458,3,105.584,2,0.2,9.2386
5163,5161,CA-2015-156146,20151026,20151030,23,1755,458,3,68.72,2,0.2,-14.603
5164,5162,CA-2014-111192,20140730,20140805,766,27,627,4,1367.84,8,0.0,259.8896
5165,5163,CA-2016-115378,20161118,20161123,39,65,84,3,301.96,2,0.0,33.2156
5166,5164,CA-2015-161627,20150706,20150711,696,118,515,4,170.352,3,0.2,-17.0352
5167,5165,CA-2014-121006,20141110,20141116,668,516,76,4,3.9,2,0.0,1.521
5168,5166,CA-2014-121006,20141110,20141116,668,1035,76,4,12.84,3,0.0,5.778
5169,5167,CA-2014-121006,20141110,20141116,668,1192,76,4,15.84,3,0.0,7.128
5170,5168,CA-2014-121006,20141110,20141116,668,138,76,4,563.94,3,0.0,112.788
5171,5169,CA-2014-121006,20141110,20141116,668,1441,76,4,62.94,3,0.0,11.9586
5172,5170,CA-2014-121006,20141110,20141116,668,1365,76,4,535.41,3,0.0,160.623
5173,5171,CA-2016-122903,20160527,20160529,448,83,68,3,3504.9,5,0.0,700.98
5174,5172,CA-2016-122903,20160527,20160529,448,1144,68,3,144.12,3,0.0,69.1776
5175,5173,CA-2016-122903,20160527,20160529,448,1097,68,3,314.55,3,0.0,150.984
5176,5174,CA-2015-107741,20150308,20150310,282,563,569,1,3.408,1,0.2,0.8946
5177,5175,CA-2017-106432,20171019,20171024,123,760,182,4,2.072,2,0.8,-3.5224
5178,5176,CA-2017-106432,20171019,20171024,123,44,182,4,328.3992,3,0.32,-91.7586
5179,5177,CA-2016-148908,20161105,20161108,372,737,532,1,53.248,2,0.2,19.968
5180,5178,CA-2016-123015,20161226,20161230,38,857,265,4,4.992,3,0.2,1.6848
5181,5179,US-2015-120502,20150413,20150419,112,326,501,4,37.68,2,0.0,15.8256
5182,5180,US-2015-120502,20150413,20150419,112,1848,501,4,258.576,2,0.2,19.3932
5183,5181,US-2015-120502,20150413,20150419,112,482,501,4,75.84,2,0.0,29.5776
5184,5182,CA-2017-108749,20170912,20170915,209,1254,313,1,45.36,7,0.0,21.7728
5185,5183,CA-2017-108749,20170912,20170915,209,798,313,1,45.78,3,0.0,22.89
5186,5184,CA-2017-163335,20170924,20170927,25,1343,373,1,40.29,3,0.0,10.0725
5187,5185,CA-2017-163335,20170924,20170927,25,763,373,1,38.71,7,0.0,17.8066
5188,5186,CA-2015-134719,20151010,20151015,349,1435,345,4,1801.632,6,0.2,-337.806
5189,5187,US-2015-154389,20151127,20151203,262,1818,306,4,748.752,8,0.4,-162.2296
5190,5188,CA-2015-115567,20150913,20150918,792,1517,37,4,199.96,4,0.0,15.9968
5191,5189,CA-2015-115567,20150913,20150918,792,51,37,4,1516.2,7,0.0,394.212
5192,5190,US-2017-136679,20171114,20171118,789,1622,169,4,167.952,6,0.2,-27.2922
5193,5191,US-2017-136679,20171114,20171118,789,598,169,4,45.04,2,0.2,4.504
5194,5192,US-2017-141943,20170505,20170509,213,899,534,4,23.16,2,0.0,11.58
5195,5193,CA-2014-101560,20141128,20141201,176,274,418,3,397.6,5,0.0,43.736
5196,5194,CA-2014-101560,20141128,20141201,176,1118,418,3,85.96,7,0.0,40.4012
5197,5195,CA-2014-101560,20141128,20141201,176,640,418,3,13.12,4,0.0,4.3296
5198,5196,CA-2014-101560,20141128,20141201,176,661,418,3,45.66,3,0.0,22.3734
5199,5197,CA-2014-159709,20140510,20140515,36,872,620,4,158.13,3,0.0,77.4837
5200,5198,CA-2014-159709,20140510,20140515,36,1857,620,4,43.6,5,0.2,4.36
5201,5199,CA-2016-103982,20160303,20160308,1,1444,175,4,3930.072,3,0.2,-786.0144
5202,5200,CA-2016-103982,20160303,20160308,1,930,175,4,2.304,1,0.2,0.7776
5203,5201,CA-2016-103982,20160303,20160308,1,1734,175,4,431.976,3,0.2,32.3982
5204,5202,CA-2016-103982,20160303,20160308,1,1568,175,4,41.72,7,0.2,5.7365
5205,5203,CA-2015-142454,20150815,20150819,639,290,511,4,104.23,7,0.0,28.1421
5206,5204,CA-2015-142454,20150815,20150819,639,1419,511,4,70.26,3,0.0,18.9702
5207,5205,CA-2015-102015,20150912,20150918,754,636,254,4,9.26,2,0.0,3.0558
5208,5206,CA-2015-102015,20150912,20150918,754,1375,254,4,105.98,2,0.0,4.2392
5209,5207,CA-2015-102015,20150912,20150918,754,919,254,4,1.24,1,0.0,0.5828
5210,5208,CA-2015-102015,20150912,20150918,754,986,254,4,20.7,2,0.0,9.936
5211,5209,CA-2015-102015,20150912,20150918,754,1191,254,4,28.9,5,0.0,14.161
5212,5210,CA-2015-102015,20150912,20150918,754,883,254,4,27.18,1,0.0,12.7746
5213,5211,CA-2015-156755,20150112,20150118,791,1400,207,4,465.18,3,0.0,120.9468
5214,5212,CA-2015-130876,20150512,20150516,64,1432,265,3,36.63,3,0.0,9.8901
5215,5213,CA-2016-145898,20160926,20160926,162,1436,520,2,51.45,3,0.0,13.8915
5216,5214,CA-2016-145898,20160926,20160926,162,962,520,2,7.83,3,0.0,3.6018
5217,5215,CA-2016-145898,20160926,20160926,162,564,520,2,35.4,5,0.0,13.452
5218,5216,CA-2016-145898,20160926,20160926,162,1135,520,2,29.9,5,0.0,13.455
5219,5217,US-2017-159562,20170909,20170915,343,861,80,4,17.48,2,0.0,8.2156
5220,5218,CA-2017-134635,20170415,20170417,577,1182,503,3,79.14,3,0.0,36.4044
5221,5219,CA-2017-167080,20170610,20170614,453,542,264,4,8.4,5,0.0,4.2
5222,5220,CA-2017-145653,20170901,20170901,125,135,68,2,498.26,7,0.0,134.5302
5223,5221,CA-2014-140487,20140614,20140620,712,5,70,4,212.94,3,0.0,57.4938
5224,5222,CA-2017-117401,20170518,20170522,607,404,108,3,706.86,7,0.0,197.9208
5225,5223,CA-2017-117401,20170518,20170522,607,1844,108,3,114.95,5,0.0,2.299
5226,5224,CA-2017-117401,20170518,20170522,607,699,108,3,43.19,7,0.0,20.7312
5227,5225,US-2017-109582,20170912,20170917,395,1270,501,3,166.44,3,0.0,79.8912
5228,5226,CA-2016-119865,20160621,20160626,53,708,264,4,36.56,5,0.2,12.796
5229,5227,CA-2016-119865,20160621,20160626,53,773,264,4,186.144,6,0.2,60.4968
5230,5228,CA-2016-119865,20160621,20160626,53,30,264,4,353.568,2,0.2,-44.196
5231,5229,US-2014-147648,20141126,20141201,473,1100,532,4,81.98,2,0.0,40.1702
5232,5230,CA-2017-124436,20170319,20170322,664,708,485,3,14.624,2,0.2,5.1184
5233,5231,CA-2017-124436,20170319,20170322,664,334,485,3,697.16,5,0.2,8.7145
5234,5232,CA-2017-124436,20170319,20170322,664,179,485,3,30.93,1,0.0,12.6813
5235,5233,CA-2017-124436,20170319,20170322,664,664,485,3,27.496,7,0.2,9.2799
5236,5234,CA-2014-115084,20141018,20141022,474,129,332,4,605.34,6,0.0,145.2816
5237,5235,CA-2017-131037,20170822,20170823,755,341,533,1,210.008,1,0.2,2.6251
5238,5236,CA-2016-111143,20161119,20161122,772,423,40,1,54.96,3,0.0,15.9384
5239,5237,CA-2014-166744,20140920,20140924,227,323,214,4,164.22,3,0.0,50.9082
5240,5238,CA-2014-166744,20140920,20140924,227,7,214,4,362.94,3,0.0,36.294
5241,5239,CA-2014-166744,20140920,20140924,227,1592,214,4,59.98,2,0.0,26.3912
5242,5240,CA-2016-116561,20160911,20160917,253,1431,536,4,332.94,3,0.0,6.6588
5243,5241,CA-2016-116561,20160911,20160917,253,715,536,4,39.872,2,0.2,12.9584
5244,5242,CA-2016-110730,20160923,20160926,155,1478,629,3,13.68,2,0.0,3.6936
5245,5243,CA-2017-146367,20170804,20170808,329,763,134,4,3.318,3,0.8,-5.6406
5246,5244,CA-2016-149454,20160725,20160726,437,797,440,1,10.44,1,0.0,4.8024
5247,5245,CA-2016-156265,20160802,20160804,81,339,500,3,136.464,2,0.2,15.3522
5248,5246,CA-2016-156265,20160802,20160804,81,1776,500,3,333.576,3,0.2,33.3576
5249,5247,CA-2016-156265,20160802,20160804,81,659,500,3,12.544,2,0.2,4.704
5250,5248,US-2015-168914,20150521,20150527,357,394,16,4,20.768,8,0.8,-52.9584
5251,5249,US-2017-110989,20171103,20171105,265,1552,628,3,43.5,3,0.0,10.875
5252,5250,CA-2015-106215,20150416,20150421,95,929,307,4,12.576,4,0.2,4.0872
5253,5251,US-2016-169369,20161212,20161218,255,1517,373,4,249.95,5,0.0,19.996
5254,5252,US-2016-169369,20161212,20161218,255,1287,373,4,49.12,4,0.0,23.0864
5255,5253,CA-2015-132318,20151030,20151102,771,384,450,1,182.91,3,0.0,53.0439
5256,5254,US-2014-131982,20140307,20140311,573,824,617,3,107.648,2,0.2,33.64
5257,5255,CA-2015-125185,20150305,20150307,31,96,301,3,99.372,2,0.3,-7.098
5258,5256,CA-2015-125185,20150305,20150307,31,255,301,3,33.568,2,0.2,-5.4548
5259,5257,CA-2016-130078,20160808,20160814,130,1233,119,4,10.56,2,0.0,4.752
5260,5258,US-2017-114034,20170103,20170108,220,1301,518,4,38.88,6,0.0,18.6624
5261,5259,US-2017-115595,20171009,20171011,789,1140,500,1,35.2,5,0.0,16.544
5262,5260,CA-2017-158722,20171020,20171026,483,1041,304,4,45.528,3,0.2,15.9348
5263,5261,CA-2014-105165,20140907,20140910,730,1731,153,1,196.776,3,0.2,14.7582
5264,5262,CA-2014-105165,20140907,20140910,730,649,153,1,2.92,2,0.8,-4.818
5265,5263,CA-2014-105165,20140907,20140910,730,373,153,1,200.795,1,0.3,-22.948
5266,5264,CA-2014-105165,20140907,20140910,730,1565,153,1,46.688,4,0.2,-2.918
5267,5265,CA-2014-105165,20140907,20140910,730,582,153,1,21.864,3,0.2,3.5529
5268,5266,CA-2017-147452,20170930,20171003,171,1151,627,1,11.76,2,0.0,5.7624
5269,5267,CA-2017-147452,20170930,20171003,171,1267,627,1,167.94,3,0.0,82.2906
5270,5268,CA-2017-147452,20170930,20171003,171,421,627,1,3.89,1,0.0,1.0114
5271,5269,US-2017-114657,20171116,20171121,516,1680,274,4,52.44,4,0.0,24.1224
5272,5270,CA-2017-144484,20170911,20170911,126,150,533,2,32.36,4,0.0,11.6496
5273,5271,CA-2017-144484,20170911,20170911,126,474,533,2,406.6,5,0.0,113.848
5274,5272,CA-2017-125913,20170116,20170116,397,189,499,2,27.92,4,0.0,8.0968
5275,5273,CA-2017-125913,20170116,20170116,397,336,499,2,399.672,7,0.2,-14.9877
5276,5274,US-2016-158309,20161126,20161129,582,654,351,1,3.744,4,0.7,-2.6208
5277,5275,CA-2015-162887,20151107,20151109,722,60,314,3,715.2,3,0.0,178.8
5278,5276,CA-2017-147333,20171214,20171220,434,1609,325,4,159.8,4,0.0,70.312
5279,5277,CA-2017-147333,20171214,20171220,434,1574,325,4,44.75,5,0.0,8.5025
5280,5278,CA-2014-113859,20140913,20140917,67,131,168,4,340.116,6,0.3,-9.7176
5281,5279,CA-2014-159681,20141207,20141213,603,1245,450,4,105.52,4,0.0,48.5392
5282,5280,US-2017-104094,20170907,20170911,25,1544,190,4,13.48,1,0.0,1.8872
5283,5281,CA-2017-152709,20171007,20171012,193,1378,70,4,85.52,2,0.0,22.2352
5284,5282,CA-2015-105158,20150905,20150910,710,196,95,4,6.16,2,0.0,2.9568
5285,5283,CA-2015-105158,20150905,20150910,710,1162,95,4,36.84,3,0.0,17.3148
5286,5284,CA-2014-133424,20140330,20140404,244,1404,628,4,15.84,3,0.0,0.0
5287,5285,CA-2014-133424,20140330,20140404,244,989,628,4,44.4,3,0.0,22.2
5288,5286,CA-2017-105991,20170505,20170506,463,885,566,1,21.24,9,0.2,7.434
5289,5287,CA-2017-105991,20170505,20170506,463,778,566,1,9.552,8,0.7,-7.3232
5290,5288,CA-2017-105991,20170505,20170506,463,46,566,1,89.991,3,0.7,-152.9847
5291,5289,US-2017-136784,20170430,20170505,16,1083,534,4,163.96,4,0.0,80.3404
5292,5290,CA-2014-146283,20140908,20140915,444,1183,153,4,17.904,2,0.2,6.2664
5293,5291,CA-2014-146283,20140908,20140915,444,124,153,4,966.7,5,0.3,-13.81
5294,5292,CA-2014-146283,20140908,20140915,444,1066,153,4,182.112,6,0.2,61.4628
5295,5293,CA-2017-151218,20170620,20170623,596,1439,353,1,4.464,1,0.2,0.3348
5296,5294,CA-2015-111073,20151226,20151230,494,370,292,4,51.588,1,0.4,-15.4764
5297,5295,CA-2017-144883,20170815,20170819,97,963,96,4,50.4,8,0.0,23.184
5298,5296,CA-2017-142174,20170304,20170309,230,1091,154,4,89.568,2,0.2,32.4684
5299,5297,CA-2017-108791,20170727,20170731,755,290,274,4,14.89,1,0.0,4.0203
5300,5298,CA-2017-108791,20170727,20170731,755,1815,274,4,543.92,8,0.0,135.98
5301,5299,CA-2016-106656,20160923,20160926,238,874,530,1,4.08,2,0.0,1.9176
5302,5300,CA-2016-106656,20160923,20160926,238,999,530,1,18.9,3,0.0,8.694
5303,5301,CA-2016-113831,20160530,20160603,35,355,448,4,2275.5,10,0.0,386.835
5304,5302,CA-2016-113831,20160530,20160603,35,1573,448,4,1979.7,6,0.0,653.301
5305,5303,CA-2016-113831,20160530,20160603,35,975,448,4,62.1,6,0.0,29.808
5306,5304,US-2014-139500,20141116,20141120,9,82,12,4,37.296,2,0.3,-1.0656
5307,5305,US-2014-166310,20140921,20140923,409,191,148,1,8.544,2,0.6,-7.476
5308,5306,US-2016-168410,20160221,20160226,117,162,268,4,68.95,5,0.0,28.959
5309,5307,US-2016-168410,20160221,20160226,117,1312,268,4,296.37,3,0.0,80.0199
5310,5308,US-2016-168410,20160221,20160226,117,1810,268,4,39.98,2,0.0,1.999
5311,5309,CA-2017-131254,20171119,20171121,556,113,156,1,191.058,3,0.3,-46.3998
5312,5310,CA-2017-131254,20171119,20171121,556,613,156,1,13.04,5,0.2,3.912
5313,5311,CA-2017-131254,20171119,20171121,556,788,156,1,1525.188,6,0.8,-2287.782
5314,5312,CA-2016-123414,20160821,20160827,720,1023,410,4,9.216,4,0.2,3.3408
5315,5313,CA-2016-123414,20160821,20160827,720,1465,410,4,28.048,2,0.2,3.506
5316,5314,CA-2017-137876,20170430,20170505,209,148,533,4,64.96,2,0.0,21.4368
5317,5315,CA-2017-137876,20170430,20170505,209,869,533,4,30.56,4,0.0,14.9744
5318,5316,CA-2016-154060,20160502,20160508,218,88,409,4,187.056,9,0.2,11.691
5319,5317,US-2017-162558,20171002,20171005,245,224,433,1,11.808,2,0.2,1.3284
5320,5318,US-2017-162558,20171002,20171005,245,319,433,1,9.656,1,0.2,1.5691
5321,5319,US-2017-162558,20171002,20171005,245,1228,433,1,20.736,4,0.2,7.2576
5322,5320,US-2017-162558,20171002,20171005,245,683,433,1,27.36,3,0.7,-21.888
5323,5321,US-2017-162558,20171002,20171005,245,327,433,1,2314.116,7,0.4,-1002.7836
5324,5322,US-2017-162558,20171002,20171005,245,811,433,1,34.236,4,0.7,-26.2476
5325,5323,US-2017-162558,20171002,20171005,245,270,433,1,19.76,2,0.2,5.928
5326,5324,CA-2017-134439,20170918,20170923,754,1271,110,3,15.96,2,0.0,7.98
5327,5325,CA-2015-119508,20151204,20151209,775,603,494,4,16.9,5,0.0,6.253
5328,5326,CA-2015-119508,20151204,20151209,775,301,494,4,25.08,6,0.0,9.0288
5329,5327,CA-2015-152681,20150117,20150122,672,583,225,4,6.68,2,0.0,2.004
5330,5328,CA-2014-130813,20140106,20140108,475,1168,503,3,19.44,3,0.0,9.3312
5331,5329,CA-2015-120320,20150305,20150309,546,1712,153,4,31.92,2,0.2,2.394
5332,5330,CA-2016-111941,20161225,20161228,72,705,266,3,33.568,2,0.2,11.7488
5333,5331,CA-2016-123120,20160904,20160908,183,315,264,4,63.94,1,0.0,24.9366
5334,5332,CA-2016-123120,20160904,20160908,183,703,264,4,60.6,5,0.2,20.4525
5335,5333,CA-2016-123120,20160904,20160908,183,1461,264,4,22.72,4,0.0,6.5888
5336,5334,CA-2014-103331,20140826,20140901,416,197,207,4,10.68,4,0.0,4.0584
5337,5335,CA-2014-103331,20140826,20140901,416,1174,207,4,17.34,3,0.0,8.4966
5338,5336,CA-2014-103331,20140826,20140901,416,1200,207,4,3.38,1,0.0,1.5548
5339,5337,CA-2015-169278,20150521,20150525,500,714,628,4,26.976,4,0.2,8.7672
5340,5338,CA-2017-111577,20171016,20171021,37,1032,460,4,307.776,7,0.2,111.5688
5341,5339,CA-2015-146486,20151109,20151114,239,1396,268,3,244.55,5,0.0,4.891
5342,5340,CA-2015-146486,20151109,20151114,239,874,268,3,12.24,6,0.0,5.7528
5343,5341,CA-2015-146486,20151109,20151114,239,1540,268,3,13.98,2,0.0,6.0114
5344,5342,CA-2015-146486,20151109,20151114,239,1563,268,3,899.95,5,0.0,53.997
5345,5343,US-2014-168501,20141121,20141127,377,874,142,4,1.632,1,0.2,0.5508
5346,5344,US-2014-168501,20141121,20141127,377,1891,142,4,267.96,5,0.2,16.7475
5347,5345,CA-2015-112053,20151011,20151013,693,1559,269,3,31.95,1,0.0,2.2365
5348,5346,CA-2017-108539,20170321,20170323,679,1408,502,3,725.84,4,0.0,210.4936
5349,5347,CA-2017-108539,20170321,20170323,679,809,502,3,10.896,3,0.2,3.9498
5350,5348,CA-2017-108539,20170321,20170323,679,684,502,3,8.544,2,0.2,2.8836
5351,5349,CA-2015-149811,20150104,20150110,176,795,99,4,32.34,3,0.0,15.5232
5352,5350,CA-2015-149811,20150104,20150110,176,1271,99,4,39.9,5,0.0,19.95
5353,5351,US-2017-103814,20171209,20171216,462,1099,26,4,143.856,9,0.2,48.5514
5354,5352,CA-2016-123932,20160906,20160912,790,1297,141,4,41.92,4,0.2,15.196
5355,5353,CA-2016-123932,20160906,20160912,790,1801,141,4,329.584,2,0.2,37.0782
5356,5354,US-2016-101616,20160903,20160906,186,647,394,1,87.28,8,0.0,41.0216
5357,5355,CA-2014-113768,20140513,20140519,28,94,498,4,279.456,6,0.2,20.9592
5358,5356,CA-2014-113768,20140513,20140519,28,1223,498,4,8.0,2,0.0,3.84
5359,5357,CA-2016-138037,20160929,20161003,49,772,532,4,27.24,5,0.2,9.534
5360,5358,CA-2014-150490,20140805,20140811,717,1610,534,4,16.36,1,0.0,1.636
5361,5359,CA-2014-150490,20140805,20140811,717,1320,534,4,15.78,2,0.0,0.6312
5362,5360,CA-2014-150490,20140805,20140811,717,634,534,4,45.98,2,0.0,12.8744
5363,5361,US-2017-126060,20170414,20170418,243,32,406,4,198.272,8,0.2,-32.2192
5364,5362,CA-2017-100951,20170609,20170610,558,1366,141,1,720.76,5,0.2,54.057
5365,5363,CA-2016-122017,20161229,20170102,139,163,63,4,70.56,6,0.0,23.9904
5366,5364,CA-2016-122017,20161229,20170102,139,412,63,4,81.96,2,0.0,22.9488
5367,5365,CA-2014-123477,20140118,20140121,240,399,601,3,64.864,4,0.2,6.4864
5368,5366,CA-2016-107790,20161120,20161124,260,1878,154,4,151.192,1,0.2,13.2293
5369,5367,CA-2017-158071,20170610,20170615,68,1827,627,4,88.776,3,0.2,7.7679
5370,5368,CA-2017-158071,20170610,20170615,68,1025,627,4,11.56,4,0.0,5.4332
5371,5369,CA-2017-158071,20170610,20170615,68,1354,627,4,15.58,1,0.0,3.895
5372,5370,CA-2017-147403,20170910,20170913,432,1234,275,1,85.056,3,0.2,28.7064
5373,5371,US-2017-136721,20170408,20170412,566,311,78,4,273.96,2,0.0,71.2296
5374,5372,US-2017-136721,20170408,20170412,566,299,78,4,306.9,3,0.0,79.794
5375,5373,CA-2015-118738,20151024,20151030,23,1229,154,4,15.552,3,0.2,5.4432
5376,5374,CA-2015-118738,20151024,20151030,23,353,154,4,347.361,7,0.3,-69.4722
5377,5375,CA-2015-118738,20151024,20151030,23,1104,154,4,10.368,2,0.2,3.6288
5378,5376,CA-2017-134152,20170527,20170531,655,1610,627,4,98.16,6,0.0,9.816
5379,5377,CA-2017-134152,20170527,20170531,655,622,627,4,31.44,3,0.0,7.86
5380,5378,CA-2014-125542,20141205,20141207,554,860,305,1,348.488,7,0.2,117.6147
5381,5379,CA-2014-125542,20141205,20141207,554,1363,305,1,172.736,4,0.2,-30.2288
5382,5380,CA-2016-136021,20160814,20160818,393,1072,502,4,15.54,3,0.0,7.6146
5383,5381,CA-2016-136021,20160814,20160818,393,1647,502,4,105.552,6,0.2,35.6238
5384,5382,CA-2016-149195,20160905,20160907,226,1153,155,3,25.92,5,0.2,9.072
5385,5383,CA-2016-149195,20160905,20160907,226,933,155,3,15.808,8,0.2,5.3352
5386,5384,CA-2016-149195,20160905,20160907,226,1169,155,3,10.368,2,0.2,3.7584
5387,5385,CA-2017-161410,20170626,20170703,131,1768,307,4,358.2,3,0.4,41.79
5388,5386,CA-2017-161410,20170626,20170703,131,1730,307,4,545.916,14,0.4,72.7888
5389,5387,CA-2017-152786,20170312,20170317,294,678,330,4,40.41,9,0.0,18.5886
5390,5388,CA-2017-164707,20170218,20170221,184,1777,502,3,167.976,3,0.2,10.4985
5391,5389,CA-2017-164707,20170218,20170221,184,1624,502,3,109.53,3,0.0,47.0979
5392,5390,CA-2017-164707,20170218,20170221,184,1017,502,3,9.82,2,0.0,4.8118
5393,5391,CA-2017-163874,20171110,20171112,557,651,628,3,26.352,3,0.2,9.5526
5394,5392,US-2014-123183,20141119,20141125,310,995,208,4,22.5,6,0.0,10.8
5395,5393,US-2014-123183,20141119,20141125,310,979,208,4,9.96,2,0.0,4.5816
5396,5394,US-2014-123183,20141119,20141125,310,749,208,4,213.08,7,0.0,102.2784
5397,5395,US-2014-123183,20141119,20141125,310,3,208,4,1025.88,6,0.0,235.9524
5398,5396,CA-2014-104829,20141118,20141121,368,1218,610,3,21.98,7,0.0,9.891
5399,5397,US-2016-147340,20160924,20160924,248,229,533,2,63.2,5,0.0,23.384
5400,5398,CA-2016-145492,20161120,20161127,491,460,498,4,39.0,12,0.0,11.31
5401,5399,CA-2016-163202,20160927,20161002,93,758,288,4,2.907,3,0.7,-2.0349
5402,5400,CA-2016-117681,20160409,20160414,321,13,498,4,556.665,5,0.15,6.549
5403,5401,CA-2017-132262,20170921,20170923,524,1485,627,1,71.98,2,0.0,15.1158
5404,5402,CA-2017-132262,20170921,20170923,524,1489,627,1,79.98,2,0.0,26.3934
5405,5403,CA-2017-123043,20170824,20170829,31,806,265,4,24.672,4,0.2,7.71
5406,5404,CA-2017-123043,20170824,20170829,31,653,265,4,3.744,1,0.2,1.3104
5407,5405,US-2016-143280,20160222,20160226,775,1799,502,4,445.96,5,0.2,55.745
5408,5406,US-2016-143280,20160222,20160226,775,1584,502,4,36.24,1,0.0,15.2208
5409,5407,US-2016-143280,20160222,20160226,775,927,502,4,10.65,3,0.0,5.0055
5410,5408,CA-2017-108854,20171208,20171214,225,1219,532,4,87.92,4,0.0,40.4432
5411,5409,CA-2017-108854,20171208,20171214,225,765,532,4,22.424,1,0.2,8.409
5412,5410,CA-2017-108854,20171208,20171214,225,716,532,4,90.48,3,0.2,33.93
5413,5411,CA-2017-108854,20171208,20171214,225,1378,532,4,42.76,1,0.0,11.1176
5414,5412,CA-2017-166856,20170918,20170922,767,731,589,4,10.08,7,0.2,3.528
5415,5413,CA-2017-166856,20170918,20170922,767,1628,589,4,101.34,3,0.0,8.1072
5416,5414,CA-2016-153157,20160911,20160914,741,1832,63,1,224.75,5,0.0,62.93
5417,5415,US-2017-125647,20170923,20170928,451,395,10,4,73.176,6,0.8,-197.5752
5418,5416,US-2017-125647,20170923,20170928,451,1303,10,4,20.736,4,0.2,7.2576
5419,5417,US-2017-125647,20170923,20170928,451,1867,10,4,39.984,2,0.2,-8.9964
5420,5418,CA-2014-132542,20141006,20141008,41,817,112,3,15.36,2,0.0,7.68
5421,5419,CA-2015-110877,20151023,20151026,356,1296,154,1,36.288,7,0.2,12.7008
5422,5420,CA-2015-110877,20151023,20151026,356,1784,154,1,150.384,2,0.2,15.0384
5423,5421,US-2016-151827,20160331,20160402,173,1818,305,3,280.782,3,0.4,-60.8361
5424,5422,US-2016-151827,20160331,20160402,173,1583,305,3,31.984,2,0.2,1.1994
5425,5423,US-2016-163258,20161229,20170102,591,653,502,4,11.232,3,0.2,3.9312
5426,5424,CA-2017-103009,20171103,20171105,595,1107,389,3,26.4,5,0.0,11.88
5427,5425,US-2017-120649,20170120,20170126,363,532,205,4,3.52,2,0.0,1.0208
5428,5426,CA-2016-153598,20161203,20161206,570,1597,502,1,1649.95,5,0.0,659.98
5429,5427,CA-2016-153598,20161203,20161206,570,177,502,1,111.9,6,0.0,51.474
5430,5428,US-2016-108497,20160614,20160614,510,42,501,2,599.165,5,0.15,35.245
5431,5429,CA-2016-113096,20160902,20160904,730,1415,534,1,46.53,3,0.0,12.0978
5432,5430,CA-2014-136861,20140905,20140907,608,209,365,1,31.984,2,0.2,1.999
5433,5431,CA-2017-117422,20171021,20171025,281,404,287,4,161.568,2,0.2,16.1568
5434,5432,CA-2017-117422,20171021,20171025,281,1175,287,4,4.064,1,0.2,1.3716
5435,5433,CA-2017-117422,20171021,20171025,281,760,287,4,6.216,4,0.7,-4.9728
5436,5434,CA-2017-129707,20170425,20170429,461,487,454,4,8.896,4,0.2,0.6672
5437,5435,CA-2015-160171,20151019,20151024,650,392,499,4,1640.7,5,0.0,459.396
5438,5436,CA-2015-160171,20151019,20151024,650,1503,499,4,270.0,3,0.0,97.2
5439,5437,CA-2014-103317,20140705,20140708,226,193,358,1,19.52,2,0.2,5.368
5440,5438,CA-2014-103317,20140705,20140708,226,724,358,1,9.81,5,0.7,-6.867
5441,5439,CA-2014-103317,20140705,20140708,226,253,358,1,213.216,3,0.2,15.9912
5442,5440,CA-2016-167115,20160404,20160409,263,842,266,4,588.784,2,0.2,183.995
5443,5441,US-2017-153633,20171113,20171118,744,561,346,3,2.064,1,0.2,0.1548
5444,5442,CA-2017-155929,20170909,20170913,36,1094,456,4,6.368,2,0.2,2.388
5445,5443,CA-2015-148712,20150417,20150423,392,1580,266,4,99.6,1,0.0,36.852
5446,5444,CA-2015-148712,20150417,20150423,392,726,266,4,62.296,13,0.2,21.0249
5447,5445,CA-2015-148712,20150417,20150423,392,499,266,4,10.71,3,0.0,2.7846
5448,5446,CA-2016-128307,20160725,20160729,76,891,154,4,20.936,1,0.2,7.0659
5449,5447,US-2016-127425,20160826,20160831,234,1840,266,4,33.0,6,0.0,8.25
5450,5448,US-2016-127425,20160826,20160831,234,1566,266,4,249.95,5,0.0,87.4825
5451,5449,US-2014-119081,20140912,20140919,731,1445,61,4,357.93,3,0.0,7.1586
5452,5450,US-2014-119081,20140912,20140919,731,1523,61,4,57.4,5,0.0,10.906
5453,5451,US-2014-119081,20140912,20140919,731,838,61,4,331.96,2,0.0,149.382
5454,5452,US-2014-119081,20140912,20140919,731,262,61,4,40.56,2,0.0,12.9792
5455,5453,CA-2016-140613,20160722,20160729,442,1473,586,4,86.2,5,0.0,24.998
5456,5454,US-2017-108700,20170519,20170523,595,1299,29,4,38.016,6,0.2,13.7808
5457,5455,CA-2017-160962,20170428,20170502,491,1358,307,4,8.384,1,0.2,0.7336
5458,5456,CA-2017-160962,20170428,20170502,491,578,307,4,6.848,2,0.2,0.7704
5459,5457,CA-2017-130631,20171229,20180102,109,915,618,4,19.6,5,0.0,9.604
5460,5458,CA-2017-130631,20171229,20180102,109,297,618,4,68.46,2,0.0,20.538
5461,5459,CA-2017-116680,20170904,20170906,598,814,534,3,13.344,6,0.2,4.3368
5462,5460,CA-2017-116680,20170904,20170906,598,342,534,3,1478.272,8,0.2,92.392
5463,5461,US-2014-107405,20140321,20140325,763,1388,399,4,16.272,1,0.2,-3.8646
5464,5462,CA-2017-101574,20170928,20171004,74,196,500,4,9.24,3,0.0,4.4352
5465,5463,CA-2014-146591,20140119,20140120,764,795,460,1,32.34,10,0.7,-23.716
5466,5464,CA-2014-146591,20140119,20140120,764,1081,460,1,56.064,4,0.2,19.6224
5467,5465,CA-2014-146591,20140119,20140120,764,883,460,1,108.72,5,0.2,36.693
5468,5466,CA-2014-146591,20140119,20140120,764,16,460,1,181.47,5,0.7,-320.597
5469,5467,CA-2014-107706,20140214,20140219,719,1062,156,3,16.176,3,0.2,6.066
5470,5468,CA-2016-122448,20160609,20160614,193,98,532,4,122.352,3,0.2,13.7646
5471,5469,CA-2014-132451,20140926,20140927,428,57,531,1,585.552,3,0.2,73.194
5472,5470,CA-2014-132451,20140926,20140927,428,1303,531,1,19.44,3,0.0,9.3312
5473,5471,CA-2016-158547,20160530,20160604,396,462,285,4,123.92,5,0.2,9.294
5474,5472,CA-2017-116946,20171219,20171223,767,155,568,4,13.36,5,0.2,4.008
5475,5473,CA-2017-116946,20171219,20171223,767,1396,568,4,78.256,2,0.2,-17.6076
5476,5474,CA-2017-116946,20171219,20171223,767,4,568,4,102.018,7,0.7,-183.6324
5477,5475,CA-2017-121741,20171226,20171226,790,1435,109,2,750.68,2,0.0,37.534
5478,5476,CA-2017-169691,20170615,20170618,245,989,92,1,44.4,3,0.0,22.2
5479,5477,CA-2017-169691,20170615,20170618,245,1356,92,1,84.55,5,0.0,22.8285
5480,5478,CA-2017-169691,20170615,20170618,245,1220,92,1,17.94,3,0.0,8.7906
5481,5479,CA-2016-121356,20161120,20161124,697,739,207,4,128.4,3,0.0,62.916
5482,5480,CA-2014-101770,20140331,20140404,415,689,353,4,1.869,1,0.7,-1.3083
5483,5481,CA-2017-105487,20171008,20171014,176,1747,531,4,103.192,1,0.2,11.6091
5484,5482,CA-2017-105487,20171008,20171014,176,1548,531,4,36.0,2,0.0,6.48
5485,5483,CA-2017-105487,20171008,20171014,176,1590,531,4,239.96,4,0.0,115.1808
5486,5484,CA-2017-105487,20171008,20171014,176,1388,531,4,40.68,2,0.0,0.4068
5487,5485,CA-2017-148999,20170130,20170204,250,84,351,4,419.136,4,0.2,-68.1096
5488,5486,CA-2014-107573,20141212,20141217,585,866,352,4,23.472,3,0.2,7.6284
5489,5487,CA-2015-156608,20151024,20151029,544,819,177,4,3.592,4,0.8,-6.286
5490,5488,CA-2017-134495,20170401,20170404,81,1888,345,3,23.976,3,0.2,-5.6943
5491,5489,CA-2017-134495,20170401,20170404,81,962,345,3,6.264,3,0.2,2.0358
5492,5490,CA-2017-134495,20170401,20170404,81,429,345,3,20.808,3,0.2,1.8207
5493,5491,CA-2017-134495,20170401,20170404,81,113,345,3,218.352,3,0.2,-19.1058
5494,5492,CA-2017-164098,20170126,20170127,144,1329,155,1,18.16,2,0.2,1.816
5495,5493,CA-2014-105249,20141128,20141128,207,1455,534,2,7.36,2,0.0,0.1472
5496,5494,CA-2014-105249,20141128,20141128,207,986,534,2,41.4,4,0.0,19.872
5497,5495,CA-2014-105249,20141128,20141128,207,2,534,2,411.332,4,0.15,-4.8392
5498,5496,CA-2015-113523,20150904,20150908,675,698,306,4,7.656,4,0.7,-6.1248
5499,5497,CA-2017-117821,20170612,20170616,324,1609,290,4,63.92,2,0.2,19.176
5500,5498,CA-2017-164378,20170715,20170718,527,519,265,3,6.56,2,0.0,1.9024
5501,5499,CA-2017-164378,20170715,20170718,527,969,265,3,7.83,3,0.0,3.6018
5502,5500,CA-2017-164378,20170715,20170718,527,1618,265,3,41.9,2,0.0,8.799
5503,5501,CA-2017-164378,20170715,20170718,527,86,265,3,664.146,6,0.1,88.5528
5504,5502,CA-2017-164378,20170715,20170718,527,1291,265,3,8.96,2,0.0,4.3904
5505,5503,CA-2017-127782,20171102,20171106,751,199,306,4,3.312,1,0.2,0.6624
5506,5504,CA-2017-127782,20171102,20171106,751,424,306,4,20.136,3,0.2,1.2585
5507,5505,CA-2017-127782,20171102,20171106,751,902,306,4,8.856,3,0.2,2.8782
5508,5506,CA-2017-127782,20171102,20171106,751,1772,306,4,859.2,4,0.4,-186.16
5509,5507,US-2016-162026,20161008,20161008,357,1039,501,2,61.96,2,0.0,27.882
5510,5508,CA-2016-150000,20160408,20160414,592,888,379,4,17.92,4,0.0,8.6016
5511,5509,CA-2015-168529,20151008,20151012,485,192,534,4,145.9,5,0.0,62.737
5512,5510,US-2017-152569,20170515,20170520,351,1139,10,4,56.704,2,0.2,19.1376
5513,5511,US-2017-152569,20170515,20170520,351,1788,10,4,11.12,2,0.2,3.475
5514,5512,US-2014-137680,20140224,20140302,369,1040,597,4,32.896,4,0.2,11.1024
5515,5513,US-2014-137680,20140224,20140302,369,1033,597,4,22.776,3,0.2,7.6869
5516,5514,CA-2015-103177,20150530,20150601,275,1770,263,1,239.97,3,0.0,2.3997
5517,5515,CA-2015-103177,20150530,20150601,275,476,263,1,160.32,2,0.0,44.8896
5518,5516,CA-2015-103177,20150530,20150601,275,1755,263,1,128.85,3,0.0,3.8655
5519,5517,US-2016-138408,20161118,20161121,420,1597,320,3,1319.96,4,0.0,527.984
5520,5518,CA-2017-117667,20171204,20171209,542,128,305,4,239.96,10,0.3,-10.284
5521,5519,CA-2017-117667,20171204,20171209,542,297,305,4,54.768,2,0.2,6.846
5522,5520,CA-2017-117667,20171204,20171209,542,503,305,4,13.392,3,0.2,3.1806
5523,5521,CA-2017-117667,20171204,20171209,542,1203,305,4,23.92,5,0.2,8.671
5524,5522,CA-2017-117667,20171204,20171209,542,1497,305,4,255.968,4,0.2,-28.7964
5525,5523,CA-2016-110982,20160605,20160607,148,678,541,1,21.552,6,0.2,7.0044
5526,5524,CA-2016-110982,20160605,20160607,148,480,541,1,58.24,4,0.0,15.7248
5527,5525,CA-2016-147123,20161210,20161212,695,1076,497,1,80.28,12,0.0,36.9288
5528,5526,CA-2017-154501,20170430,20170505,246,571,499,4,9.78,2,0.0,4.0098
5529,5527,CA-2017-166933,20170424,20170428,507,936,540,4,1.81,1,0.0,0.6516
5530,5528,CA-2015-142055,20150508,20150510,10,1241,263,1,37.94,2,0.0,18.2112
5531,5529,CA-2015-137106,20150331,20150404,672,1707,345,4,79.96,5,0.2,27.986
5532,5530,CA-2017-136609,20170806,20170811,737,1285,135,4,115.296,3,0.2,40.3536
5533,5531,CA-2017-160885,20171202,20171206,382,1769,112,4,2479.96,4,0.0,743.988
5534,5532,US-2016-167472,20160606,20160607,150,1511,328,1,179.94,6,0.0,75.5748
5535,5533,US-2016-167472,20160606,20160607,150,1574,328,1,26.85,3,0.0,5.1015
5536,5534,US-2016-167472,20160606,20160607,150,1579,328,1,323.37,3,0.0,129.348
5537,5535,US-2016-167472,20160606,20160607,150,1038,328,1,59.94,3,0.0,28.1718
5538,5536,US-2016-167472,20160606,20160607,150,719,328,1,64.14,3,0.0,30.7872
5539,5537,US-2016-167472,20160606,20160607,150,670,328,1,11.67,3,0.0,5.6016
5540,5538,US-2016-167472,20160606,20160607,150,1126,328,1,12.96,2,0.0,6.2208
5541,5539,CA-2015-120551,20150413,20150420,717,735,111,4,17.43,3,0.0,8.0178
5542,5540,US-2017-150595,20170522,20170526,459,58,10,4,181.986,2,0.3,-54.5958
5543,5541,US-2017-150595,20170522,20170526,459,778,10,4,1.592,2,0.8,-2.6268
5544,5542,US-2017-150595,20170522,20170526,459,1446,10,4,22.344,3,0.2,2.5137
5545,5543,CA-2016-134936,20161219,20161225,279,333,463,4,455.97,6,0.5,-218.8656
5546,5544,CA-2016-134936,20161219,20161225,279,655,463,4,10.44,6,0.7,-7.656
5547,5545,CA-2016-134936,20161219,20161225,279,738,463,4,5.214,2,0.7,-4.1712
5548,5546,CA-2017-102967,20170922,20170926,507,1373,233,4,67.4,5,0.0,17.524
5549,5547,CA-2017-151008,20170907,20170908,396,226,603,1,25.16,2,0.0,10.5672
5550,5548,CA-2017-151008,20170907,20170908,396,1819,603,1,126.56,4,0.2,47.46
5551,5549,CA-2014-159800,20141128,20141201,689,480,532,1,43.68,3,0.0,11.7936
5552,5550,CA-2014-159800,20141128,20141201,689,1587,532,1,139.93,7,0.0,34.9825
5553,5551,US-2014-159618,20141112,20141116,190,583,153,4,2.672,1,0.2,0.334
5554,5552,US-2014-159618,20141112,20141116,190,1447,153,4,16.656,6,0.2,-3.123
5555,5553,US-2014-159618,20141112,20141116,190,1595,153,4,79.512,3,0.2,20.8719
5556,5554,US-2014-159618,20141112,20141116,190,1273,153,4,36.288,7,0.2,12.7008
5557,5555,US-2014-159618,20141112,20141116,190,46,153,4,67.9932,1,0.32,-12.9987
5558,5556,CA-2017-116113,20171002,20171006,411,247,322,3,10.16,2,0.0,3.4544
5559,5557,CA-2015-125066,20151214,20151218,425,278,397,4,6.16,2,0.0,1.9712
5560,5558,CA-2015-125066,20151214,20151218,425,598,397,4,56.3,2,0.0,15.764
5561,5559,US-2015-114741,20151206,20151210,337,1030,584,4,6.48,1,0.0,3.1104
5562,5560,US-2015-114741,20151206,20151210,337,1315,584,4,1325.85,5,0.0,238.653
5563,5561,US-2015-114741,20151206,20151210,337,1026,584,4,14.94,3,0.0,6.8724
5564,5562,CA-2017-133263,20170331,20170402,355,695,372,3,34.54,1,0.0,17.27
5565,5563,CA-2017-133263,20170331,20170402,355,1631,372,3,2999.95,5,0.0,1439.976
5566,5564,CA-2017-133263,20170331,20170402,355,666,372,3,64.12,4,0.0,30.7776
5567,5565,CA-2017-157966,20170313,20170313,720,504,8,2,19.456,4,0.2,2.1888
5568,5566,CA-2017-157966,20170313,20170313,720,1667,8,2,209.986,2,0.3,8.9994
5569,5567,CA-2017-157966,20170313,20170313,720,587,8,2,29.76,5,0.2,1.86
5570,5568,CA-2017-157966,20170313,20170313,720,110,8,2,89.768,1,0.3,-2.5648
5571,5569,CA-2017-157966,20170313,20170313,720,1631,8,2,959.984,2,0.2,335.9944
5572,5570,CA-2017-157966,20170313,20170313,720,1156,8,2,15.552,3,0.2,5.6376
5573,5571,CA-2017-157966,20170313,20170313,720,1755,8,2,34.36,1,0.2,-7.3015
5574,5572,CA-2014-151162,20141205,20141209,246,1100,279,4,98.376,3,0.2,35.6613
5575,5573,CA-2014-151162,20141205,20141209,246,802,279,4,29.94,4,0.7,-23.952
5576,5574,CA-2014-151162,20141205,20141209,246,1221,279,4,17.472,3,0.2,5.6784
5577,5575,CA-2014-151162,20141205,20141209,246,1775,279,4,36.738,1,0.4,-9.1845
5578,5576,CA-2014-151162,20141205,20141209,246,1771,279,4,179.94,2,0.4,-44.985
5579,5577,CA-2016-136686,20161212,20161216,642,320,515,4,383.64,6,0.0,122.7648
5580,5578,CA-2016-136686,20161212,20161216,642,432,515,4,56.52,3,0.0,15.8256
5581,5579,CA-2017-137498,20170909,20170914,455,611,498,3,6.56,2,0.0,1.9024
5582,5580,CA-2017-137498,20170909,20170914,455,115,498,3,243.92,5,0.2,-15.245
5583,5581,CA-2017-137498,20170909,20170914,455,1037,498,3,47.52,9,0.0,22.8096
5584,5582,CA-2017-163818,20171004,20171008,610,142,213,4,19.98,1,0.0,8.5914
5585,5583,CA-2016-161158,20160509,20160513,610,495,265,4,8.0,5,0.0,3.44
5586,5584,CA-2014-116673,20141215,20141219,398,278,530,3,6.16,2,0.0,1.9712
5587,5585,CA-2017-105333,20171130,20171204,783,1382,264,4,83.56,4,0.0,1.6712
5588,5586,CA-2017-105333,20171130,20171204,783,1753,264,4,546.06,3,0.0,163.818
5589,5587,CA-2017-105333,20171130,20171204,783,1377,264,4,269.49,3,0.0,5.3898
5590,5588,CA-2015-149993,20150319,20150320,294,931,495,1,10.9,5,0.0,3.597
5591,5589,CA-2014-168158,20140719,20140724,273,722,579,4,6.096,2,0.2,2.2098
5592,5590,CA-2016-115224,20161208,20161211,198,1329,533,3,34.05,3,0.0,9.534
5593,5591,CA-2016-115224,20161208,20161211,198,1426,533,3,352.38,2,0.0,81.0474
5594,5592,CA-2014-164742,20141013,20141018,520,100,243,3,245.98,2,0.0,27.0578
5595,5593,CA-2014-164742,20141013,20141018,520,850,243,3,18.94,1,0.0,9.47
5596,5594,US-2017-108014,20171119,20171125,369,811,278,4,59.913,7,0.7,-45.9333
5597,5595,CA-2017-160325,20170924,20170924,100,1737,225,2,391.98,2,0.0,109.7544
5598,5596,CA-2017-160325,20170924,20170924,100,1778,225,2,437.85,3,0.0,131.355
5599,5597,CA-2015-159779,20150925,20150929,666,757,233,4,68.62,2,0.0,32.2514
5600,5598,CA-2017-151176,20170213,20170220,722,1452,212,4,25.02,3,0.0,6.5052
5601,5599,CA-2017-151176,20170213,20170220,722,499,212,4,10.71,3,0.0,2.7846
5602,5600,CA-2014-108903,20141003,20141003,228,618,279,2,55.984,2,0.2,4.1988
5603,5601,CA-2014-108903,20141003,20141003,228,905,279,2,14.48,5,0.2,4.887
5604,5602,CA-2014-108903,20141003,20141003,228,1571,279,2,142.488,3,0.2,-3.5622
5605,5603,CA-2016-117919,20160827,20160829,737,1418,154,3,14.16,1,0.2,1.062
5606,5604,CA-2016-117919,20160827,20160829,737,1282,154,3,79.92,5,0.2,27.972
5607,5605,CA-2015-142475,20151203,20151207,106,801,264,4,590.352,6,0.2,206.6232
5608,5606,CA-2016-134516,20160920,20160925,287,191,409,4,17.088,2,0.2,1.068
5609,5607,CA-2016-134516,20160920,20160925,287,100,409,4,98.392,1,0.2,-11.0691
5610,5608,CA-2017-105193,20170325,20170331,388,533,265,4,11.05,5,0.0,2.9835
5611,5609,CA-2015-168634,20151206,20151211,17,421,532,4,7.78,2,0.0,2.0228
5612,5610,CA-2017-117198,20170831,20170905,86,1573,394,4,659.9,2,0.0,217.767
5613,5611,CA-2015-145828,20151005,20151007,485,1549,277,1,53.04,3,0.2,-4.641
5614,5612,CA-2017-121027,20170818,20170822,334,1542,628,4,843.9,2,0.0,371.316
5615,5613,CA-2017-121027,20170818,20170822,334,1547,628,4,1496.16,9,0.0,224.424
5616,5614,CA-2016-147431,20160202,20160207,7,1427,264,4,117.96,2,0.0,5.898
5617,5615,CA-2016-158001,20160823,20160827,400,563,266,4,21.3,5,0.0,8.733
5618,5616,CA-2016-158001,20160823,20160827,400,426,266,4,1040.8,5,0.0,281.016
5619,5617,CA-2016-158001,20160823,20160827,400,548,266,4,29.34,6,0.0,7.9218
5620,5618,CA-2017-125745,20170630,20170704,238,193,435,4,19.52,2,0.2,5.368
5621,5619,CA-2015-101154,20150918,20150921,159,1431,531,1,443.92,4,0.0,8.8784
5622,5620,US-2016-124163,20160925,20160930,678,1534,188,4,499.95,5,0.0,174.9825
5623,5621,US-2016-124163,20160925,20160930,678,505,188,4,3.04,1,0.0,1.0336
5624,5622,US-2016-124163,20160925,20160930,678,123,188,4,201.96,2,0.0,50.49
5625,5623,US-2016-124163,20160925,20160930,678,168,188,4,68.64,11,0.0,17.16
5626,5624,CA-2016-121748,20161024,20161028,787,1575,500,3,100.0,4,0.0,21.0
5627,5625,CA-2016-121748,20161024,20161028,787,1563,500,3,359.98,2,0.0,21.5988
5628,5626,CA-2014-126683,20140929,20141001,607,196,629,3,6.16,2,0.0,2.9568
5629,5627,CA-2014-126683,20140929,20141001,607,359,629,3,2348.82,9,0.0,399.2994
5630,5628,CA-2017-148810,20170626,20170701,234,1025,353,4,13.872,6,0.2,4.6818
5631,5629,CA-2017-148810,20170626,20170701,234,74,353,4,273.552,3,0.2,-13.6776
5632,5630,US-2016-146066,20160821,20160823,624,351,307,3,815.292,9,0.4,-339.705
5633,5631,CA-2014-127614,20140211,20140215,561,1519,442,4,234.45,3,0.0,103.158
5634,5632,CA-2014-127614,20140211,20140215,561,366,442,4,1256.22,6,0.0,75.3732
5635,5633,CA-2014-127614,20140211,20140215,561,779,442,4,17.46,2,0.0,8.2062
5636,5634,CA-2016-101742,20160923,20160928,167,822,263,3,10.528,7,0.2,3.6848
5637,5635,CA-2015-134943,20151205,20151206,720,673,64,1,152.8,5,0.0,76.4
5638,5636,CA-2017-123022,20170903,20170908,669,743,489,4,82.56,5,0.2,28.896
5639,5637,CA-2017-123022,20170903,20170908,669,1494,489,4,284.97,3,0.0,85.491
5640,5638,CA-2017-113208,20170326,20170402,523,300,66,4,60.84,3,0.0,23.1192
5641,5639,CA-2014-154893,20141221,20141227,304,124,529,4,1325.76,6,0.2,149.148
5642,5640,CA-2014-154893,20141221,20141227,304,60,529,4,572.16,3,0.2,35.76
5643,5641,CA-2014-147900,20140923,20140928,380,1223,287,4,28.8,9,0.2,10.08
5644,5642,CA-2017-106355,20170402,20170405,59,487,200,1,11.12,4,0.0,2.8912
5645,5643,CA-2016-127985,20160401,20160405,189,257,373,3,7.04,4,0.0,3.0976
5646,5644,CA-2015-166604,20150515,20150520,35,906,377,3,17.94,3,0.0,8.7906
5647,5645,CA-2017-120719,20170323,20170326,695,738,628,1,34.76,5,0.2,11.297
5648,5646,CA-2017-127117,20170414,20170419,329,290,245,4,74.45,5,0.0,20.1015
5649,5647,CA-2015-104241,20150104,20150109,23,186,439,4,192.22,14,0.0,69.1992
5650,5648,CA-2017-168179,20171102,20171107,343,1145,611,4,19.44,3,0.0,9.3312
5651,5649,CA-2017-142342,20170717,20170719,38,1294,467,3,32.4,5,0.0,15.552
5652,5650,CA-2017-142342,20170717,20170719,38,884,467,3,57.9,5,0.0,28.95
5653,5651,CA-2017-142342,20170717,20170719,38,1404,467,3,10.56,2,0.0,0.0
5654,5652,CA-2017-142342,20170717,20170719,38,24,467,3,1194.165,5,0.15,210.735
5655,5653,CA-2017-109099,20171006,20171011,528,1100,263,4,40.99,1,0.0,20.0851
5656,5654,US-2014-134187,20141104,20141111,752,510,497,4,2.94,1,0.0,0.7938
5657,5655,CA-2016-145261,20161218,20161221,30,716,600,1,45.24,4,0.7,-30.16
5658,5656,CA-2016-145261,20161218,20161221,30,623,600,1,18.688,4,0.2,2.336
5659,5657,CA-2016-145261,20161218,20161221,30,1221,600,1,11.648,2,0.2,3.7856
5660,5658,CA-2016-145261,20161218,20161221,30,1507,600,1,112.776,3,0.2,-8.4582
5661,5659,CA-2016-145261,20161218,20161221,30,351,600,1,377.45,5,0.5,-264.215
5662,5660,CA-2016-145261,20161218,20161221,30,964,600,1,15.936,4,0.2,5.1792
5663,5661,CA-2016-145261,20161218,20161221,30,1885,600,1,28.68,3,0.2,-7.17
5664,5662,CA-2016-108875,20160924,20161001,154,236,556,4,21.44,2,0.2,7.504
5665,5663,CA-2016-108875,20160924,20161001,154,1360,556,4,511.056,9,0.2,-95.823
5666,5664,CA-2016-141957,20160721,20160721,367,508,294,2,18.656,2,0.2,1.3992
5667,5665,CA-2016-141957,20160721,20160721,367,692,294,2,11.088,7,0.7,-8.1312
5668,5666,CA-2016-141957,20160721,20160721,367,1385,294,2,66.688,1,0.2,4.168
5669,5667,CA-2016-141957,20160721,20160721,367,1434,294,2,99.488,2,0.2,8.7052
5670,5668,CA-2016-142405,20160611,20160615,684,1014,627,4,14.62,2,0.0,6.8714
5671,5669,CA-2016-142405,20160611,20160615,684,849,627,4,53.984,14,0.2,17.5448
5672,5670,CA-2016-142405,20160611,20160615,684,1576,627,4,389.97,3,0.0,132.5898
5673,5671,CA-2015-141012,20150609,20150611,749,253,575,3,355.36,4,0.0,92.3936
5674,5672,CA-2015-141012,20150609,20150611,749,1874,575,3,140.376,3,0.2,8.7735
5675,5673,CA-2017-127922,20171027,20171103,692,893,140,4,15.84,2,0.2,5.544
5676,5674,CA-2017-127922,20171027,20171103,692,1106,140,4,8.448,2,0.2,2.64
5677,5675,CA-2016-146318,20160122,20160127,487,1263,628,4,12.96,2,0.0,6.2208
5678,5676,CA-2014-135993,20140528,20140602,595,1759,629,4,57.408,6,0.2,5.7408
5679,5677,CA-2014-135993,20140528,20140602,595,1625,629,4,27.6,4,0.0,2.208
5680,5678,CA-2014-126802,20141229,20150105,792,145,8,4,38.976,3,0.6,-50.6688
5681,5679,CA-2016-143924,20160728,20160803,677,924,72,4,20.44,7,0.0,9.198
5682,5680,CA-2016-143924,20160728,20160803,677,1172,72,4,109.92,2,0.0,53.8608
5683,5681,CA-2016-141551,20160924,20160930,103,698,114,4,6.38,1,0.0,2.9348
5684,5682,CA-2016-141551,20160924,20160930,103,1128,114,4,6.48,1,0.0,3.1104
5685,5683,CA-2014-164315,20140402,20140408,632,1278,371,4,15.84,3,0.0,7.128
5686,5684,CA-2014-164315,20140402,20140408,632,1741,371,4,1049.93,7,0.0,293.9804
5687,5685,CA-2014-164315,20140402,20140408,632,462,371,4,154.9,5,0.0,40.274
5688,5686,CA-2015-131072,20151105,20151105,435,759,628,2,98.352,3,0.2,35.6526
5689,5687,CA-2014-131541,20140728,20140728,148,922,333,2,14.32,5,0.2,5.191
5690,5688,CA-2014-131541,20140728,20140728,148,268,333,2,129.888,6,0.2,12.9888
5691,5689,CA-2014-131541,20140728,20140728,148,863,333,2,48.944,7,0.2,16.5186
5692,5690,CA-2015-119550,20151226,20151231,627,84,155,4,275.058,3,0.3,-90.3762
5693,5691,US-2015-138093,20151210,20151216,436,505,212,4,27.36,9,0.0,9.3024
5694,5692,US-2015-138093,20151210,20151216,436,1124,212,4,44.75,5,0.0,20.585
5695,5693,US-2015-138093,20151210,20151216,436,1881,212,4,134.99,1,0.0,36.4473
5696,5694,US-2015-138093,20151210,20151216,436,1037,212,4,26.4,5,0.0,12.672
5697,5695,US-2015-138093,20151210,20151216,436,63,212,4,542.94,3,0.0,141.1644
5698,5696,CA-2016-126165,20160505,20160507,33,338,532,3,71.088,2,0.2,-1.7772
5699,5697,CA-2017-126123,20171014,20171018,26,661,9,4,27.396,9,0.8,-42.4638
5700,5698,CA-2017-126123,20171014,20171018,26,824,9,4,13.456,1,0.8,-23.548
5701,5699,CA-2016-143441,20161105,20161105,254,989,161,2,11.84,1,0.2,4.44
5702,5700,CA-2017-148320,20171103,20171108,593,1220,532,4,35.88,6,0.0,17.5812
5703,5701,CA-2016-125661,20161124,20161126,122,875,278,1,40.752,3,0.2,15.282
5704,5702,CA-2016-125661,20161124,20161126,122,1622,278,1,139.96,5,0.2,-22.7435
5705,5703,US-2014-123519,20141214,20141221,718,611,290,4,2.624,1,0.2,0.2952
5706,5704,US-2014-123519,20141214,20141221,718,355,290,4,136.53,1,0.4,-52.3365
5707,5705,US-2014-123519,20141214,20141221,718,1573,290,4,263.96,1,0.2,42.8935
5708,5706,CA-2014-155593,20141103,20141108,654,1462,198,4,11.64,3,0.0,3.3756
5709,5707,CA-2017-136000,20170922,20170925,675,854,263,3,40.176,3,0.2,14.5638
5710,5708,US-2015-160857,20150508,20150515,578,178,265,4,79.44,3,0.0,30.1872
5711,5709,US-2015-160857,20150508,20150515,578,1445,265,4,357.93,3,0.0,7.1586
5712,5710,US-2015-160857,20150508,20150515,578,96,265,4,127.764,2,0.1,21.294
5713,5711,US-2015-160857,20150508,20150515,578,1639,265,4,2799.944,7,0.2,1014.9797
5714,5712,US-2015-160857,20150508,20150515,578,1237,265,4,19.44,3,0.0,9.3312
5715,5713,CA-2017-115805,20170731,20170731,446,1830,10,2,36.792,1,0.2,4.1391
5716,5714,US-2014-143707,20140301,20140305,332,1849,266,4,5.94,3,0.0,1.6038
5717,5715,CA-2017-116939,20170925,20170929,27,1364,446,4,177.55,5,0.0,47.9385
5718,5716,CA-2015-124107,20151009,20151012,93,1541,64,3,619.95,5,0.0,111.591
5719,5717,CA-2015-124107,20151009,20151012,93,1853,64,3,29.16,3,0.0,8.4564
5720,5718,CA-2015-124107,20151009,20151012,93,897,64,3,57.96,7,0.0,27.2412
5721,5719,CA-2015-124107,20151009,20151012,93,467,64,3,29.403,3,0.1,5.2272
5722,5720,CA-2017-126550,20170329,20170402,634,1348,42,3,81.4,5,0.0,21.164
5723,5721,CA-2015-138674,20151114,20151117,418,918,601,1,8.72,5,0.2,2.289
5724,5722,CA-2015-138674,20151114,20151117,418,1490,601,1,91.176,3,0.2,4.5588
5725,5723,CA-2015-138674,20151114,20151117,418,1566,601,1,159.968,4,0.2,29.994
5726,5724,CA-2016-165820,20160926,20160930,243,1301,532,4,12.96,2,0.0,6.2208
5727,5725,CA-2014-103191,20140922,20140927,780,1398,10,4,331.536,3,0.2,-82.884
5728,5726,CA-2015-103933,20150925,20150927,234,1603,264,1,899.91,9,0.0,395.9604
5729,5727,CA-2015-110548,20150504,20150508,35,1826,156,4,946.344,7,0.2,118.293
5730,5728,CA-2017-117324,20171208,20171213,401,1571,189,4,178.11,3,0.0,32.0598
5731,5729,CA-2017-117324,20171208,20171213,401,459,189,4,1089.75,3,0.0,305.13
5732,5730,CA-2017-117324,20171208,20171213,401,1004,189,4,61.06,2,0.0,28.0876
5733,5731,CA-2017-117324,20171208,20171213,401,29,189,4,459.92,4,0.0,41.3928
5734,5732,CA-2017-117324,20171208,20171213,401,1204,189,4,27.52,4,0.0,12.6592
5735,5733,CA-2017-143574,20170629,20170702,234,23,202,1,638.82,9,0.0,185.2578
5736,5734,CA-2017-143574,20170629,20170702,234,1463,202,1,30.69,3,0.0,7.9794
5737,5735,CA-2017-143574,20170629,20170702,234,285,202,1,25.16,2,0.0,8.5544
5738,5736,CA-2014-111773,20140629,20140703,379,655,265,4,13.92,3,0.2,4.872
5739,5737,CA-2014-148614,20140120,20140125,545,1211,503,4,19.36,2,0.0,9.2928
5740,5738,CA-2014-148614,20140120,20140125,545,254,503,4,19.3,2,0.0,5.79
5741,5739,CA-2017-156139,20161231,20170106,101,826,532,4,38.376,3,0.2,13.4316
5742,5740,US-2017-147886,20170328,20170331,206,1045,484,1,12.96,2,0.0,6.3504
5743,5741,US-2017-147886,20170328,20170331,206,178,484,1,26.48,1,0.0,10.0624
5744,5742,US-2017-147886,20170328,20170331,206,1705,484,1,532.72,2,0.2,53.272
5745,5743,US-2017-147886,20170328,20170331,206,1246,484,1,26.72,4,0.0,12.8256
5746,5744,US-2017-147886,20170328,20170331,206,1088,484,1,20.04,3,0.0,9.6192
5747,5745,US-2017-147886,20170328,20170331,206,1401,484,1,795.48,7,0.0,7.9548
5748,5746,US-2017-147886,20170328,20170331,206,278,484,1,21.56,7,0.0,6.8992
5749,5747,CA-2016-113733,20161208,20161212,462,1804,410,4,249.584,2,0.2,31.198
5750,5748,CA-2016-113733,20161208,20161212,462,1557,410,4,68.112,3,0.2,17.8794
5751,5749,CA-2016-113733,20161208,20161212,462,1625,410,4,16.56,3,0.2,-2.484
5752,5750,CA-2017-104913,20171118,20171122,214,1736,260,4,74.95,5,0.0,36.7255
5753,5751,CA-2014-145800,20140530,20140605,715,337,5,4,355.455,3,0.5,-184.8366
5754,5752,CA-2016-125850,20160122,20160128,291,1003,530,4,44.4,3,0.0,22.2
5755,5753,CA-2016-125850,20160122,20160128,291,1020,530,4,20.65,5,0.0,9.499
5756,5754,CA-2016-118514,20160203,20160210,455,51,389,4,866.4,4,0.0,225.264
5757,5755,CA-2015-150749,20150329,20150403,56,605,448,3,5.56,2,0.0,1.4456
5758,5756,CA-2014-163748,20141014,20141018,324,469,146,4,3.16,4,0.8,-8.532
5759,5757,CA-2014-163748,20141014,20141018,324,1635,146,4,1999.96,5,0.2,624.9875
5760,5758,CA-2015-119634,20150811,20150816,118,302,414,4,46.152,3,0.2,12.1149
5761,5759,CA-2015-149300,20151122,20151123,89,1647,342,1,32.985,3,0.5,-1.9791
5762,5760,US-2016-111528,20161230,20161230,402,1370,500,2,481.32,4,0.0,125.1432
5763,5761,US-2016-111528,20161230,20161230,402,741,500,2,6.384,1,0.2,2.1546
5764,5762,CA-2017-158169,20170812,20170815,396,402,493,1,542.94,3,0.0,152.0232
5765,5763,CA-2017-158169,20170812,20170815,396,186,493,1,54.92,4,0.0,19.7712
5766,5764,CA-2015-162047,20151103,20151105,286,137,260,1,1448.82,10,0.1,209.274
5767,5765,CA-2015-117772,20150910,20150912,489,1427,627,3,353.88,6,0.0,17.694
5768,5766,US-2014-126340,20141108,20141114,250,1873,519,4,333.576,3,0.2,25.0182
5769,5767,CA-2016-149685,20161008,20161015,601,1022,177,4,60.144,6,0.2,20.2986
5770,5768,CA-2017-126396,20170908,20170912,46,1577,155,3,85.2,6,0.2,20.235
5771,5769,CA-2015-154900,20150225,20150301,718,981,226,4,3.15,1,0.0,1.512
5772,5770,CA-2015-154900,20150225,20150301,718,1188,226,4,22.72,4,0.0,10.224
5773,5771,CA-2015-103835,20150924,20150928,675,139,500,4,14.91,3,0.0,4.6221
5774,5772,CA-2015-103835,20150924,20150928,675,441,500,4,1158.12,4,0.0,335.8548
5775,5773,CA-2015-158939,20151126,20151201,246,1636,108,4,599.99,1,0.0,233.9961
5776,5774,CA-2016-117408,20160831,20160906,757,1372,182,4,23.968,2,0.2,2.3968
5777,5775,CA-2016-142398,20160412,20160416,104,74,501,4,638.288,7,0.2,-31.9144
5778,5776,CA-2016-142398,20160412,20160416,104,853,501,4,13.208,1,0.2,4.6228
5779,5777,CA-2016-105277,20161204,20161208,466,660,254,4,15.528,3,0.2,5.823
5780,5778,CA-2016-112060,20161204,20161209,444,1097,532,4,104.85,1,0.0,50.328
5781,5779,CA-2014-105270,20141111,20141118,45,580,499,4,30.48,3,0.0,7.9248
5782,5780,CA-2014-105270,20141111,20141118,45,66,499,4,112.648,1,0.2,11.2648
5783,5781,US-2015-159513,20150402,20150409,349,1685,503,4,71.976,3,0.2,24.2919
5784,5782,CA-2015-155586,20151212,20151216,789,533,472,3,2.21,1,0.0,0.5967
5785,5783,CA-2015-155586,20151212,20151216,789,894,472,3,15.52,4,0.0,7.4496
5786,5784,CA-2015-155586,20151212,20151216,789,1086,472,3,36.44,4,0.0,16.398
5787,5785,CA-2017-141117,20171002,20171008,382,16,601,4,217.764,6,0.7,-384.7164
5788,5786,CA-2017-141117,20171002,20171008,382,1477,601,4,39.072,6,0.2,4.3956
5789,5787,CA-2017-141117,20171002,20171008,382,795,601,4,22.638,7,0.7,-16.6012
5790,5788,CA-2017-141117,20171002,20171008,382,604,601,4,95.144,7,0.2,10.7037
5791,5789,CA-2017-115070,20170410,20170414,509,278,345,3,12.32,5,0.2,1.848
5792,5790,CA-2017-115070,20170410,20170414,509,800,345,3,4.419,3,0.7,-3.0933
5793,5791,CA-2017-140186,20170929,20171002,592,935,468,1,35.0,7,0.0,16.8
5794,5792,CA-2017-140186,20170929,20171002,592,101,468,1,72.784,1,0.2,0.0
5795,5793,CA-2017-140186,20170929,20171002,592,440,468,1,97.84,2,0.0,25.4384
5796,5794,CA-2017-140186,20170929,20171002,592,318,468,1,51.75,1,0.0,15.525
5797,5795,CA-2017-140186,20170929,20171002,592,784,468,1,46.672,2,0.2,16.3352
5798,5796,CA-2014-124856,20140929,20141003,458,1400,264,3,1395.54,9,0.0,362.8404
5799,5797,CA-2014-124856,20140929,20141003,458,159,264,3,117.36,4,0.0,36.3816
5800,5798,CA-2014-124856,20140929,20141003,458,958,264,3,18.9,3,0.0,8.694
5801,5799,CA-2014-124856,20140929,20141003,458,1113,264,3,77.52,2,0.0,37.9848
5802,5800,CA-2014-166716,20140820,20140825,169,127,8,3,421.372,2,0.3,-6.0196
5803,5801,CA-2014-123225,20140711,20140714,529,1734,145,1,575.968,4,0.2,43.1976
5804,5802,CA-2014-123225,20140711,20140714,529,1073,145,1,10.368,2,0.2,3.6288
5805,5803,CA-2015-163440,20150322,20150324,636,1720,546,1,15.984,2,0.2,1.1988
5806,5804,US-2017-106796,20170512,20170519,402,595,296,4,10.272,3,0.2,1.1556
5807,5805,CA-2017-113873,20171113,20171119,427,1346,142,4,61.792,4,0.2,6.1792
5808,5806,CA-2017-113873,20171113,20171119,427,33,142,4,205.9992,3,0.32,-27.2646
5809,5807,CA-2016-149783,20160904,20160907,220,1175,433,3,12.192,3,0.2,4.1148
5810,5808,CA-2016-149783,20160904,20160907,220,409,433,3,87.168,2,0.2,8.7168
5811,5809,CA-2016-149783,20160904,20160907,220,576,433,3,31.744,2,0.2,8.3328
5812,5810,CA-2016-125017,20160206,20160211,415,165,426,4,132.224,4,0.2,-18.1808
5813,5811,US-2015-163279,20150322,20150326,353,1225,530,4,105.52,4,0.0,48.5392
5814,5812,US-2015-163279,20150322,20150326,353,167,530,4,91.96,2,0.0,15.6332
5815,5813,US-2015-163279,20150322,20150326,353,1769,530,4,1487.976,3,0.2,185.997
5816,5814,CA-2015-150196,20150702,20150703,713,1254,265,1,19.44,3,0.0,9.3312
5817,5815,US-2015-106495,20150615,20150617,13,1565,369,1,11.672,1,0.2,-0.7295
5818,5816,CA-2014-124730,20141126,20141126,476,1787,272,2,279.96,4,0.0,78.3888
5819,5817,CA-2014-124730,20141126,20141126,476,688,272,2,12.912,3,0.2,4.6806
5820,5818,CA-2014-124730,20141126,20141126,476,684,272,2,17.088,4,0.2,5.7672
5821,5819,CA-2014-124730,20141126,20141126,476,973,272,2,93.15,9,0.0,44.712
5822,5820,CA-2014-124730,20141126,20141126,476,980,272,2,11.52,4,0.0,5.6448
5823,5821,CA-2017-117632,20170512,20170518,175,1445,534,4,238.62,2,0.0,4.7724
5824,5822,CA-2017-117632,20170512,20170518,175,481,534,4,7.77,1,0.0,2.0979
5825,5823,CA-2017-117632,20170512,20170518,175,336,534,4,285.48,5,0.2,-10.7055
5826,5824,CA-2017-117632,20170512,20170518,175,726,534,4,19.168,4,0.2,6.4692
5827,5825,CA-2014-115056,20140502,20140502,48,467,279,2,26.136,3,0.2,1.9602
5828,5826,CA-2017-161067,20170903,20170906,417,1061,266,3,419.4,4,0.0,201.312
5829,5827,CA-2017-161067,20170903,20170906,417,129,266,3,90.801,1,0.1,14.1246
5830,5828,CA-2017-161067,20170903,20170906,417,134,266,3,181.764,2,0.1,-8.0784
5831,5829,CA-2017-161067,20170903,20170906,417,586,266,3,5.56,2,0.0,2.224
5832,5830,CA-2016-122063,20161203,20161207,526,379,49,4,581.96,2,0.0,104.7528
5833,5831,CA-2016-122063,20161203,20161207,526,132,49,4,29.98,1,0.0,8.0946
5834,5832,CA-2015-111206,20150718,20150722,641,1576,531,4,519.96,4,0.0,176.7864
5835,5833,CA-2016-142895,20160721,20160726,104,962,404,4,6.264,3,0.2,2.0358
5836,5834,CA-2016-142895,20160721,20160726,104,101,404,4,363.92,5,0.2,0.0
5837,5835,CA-2015-101868,20150609,20150616,517,805,352,4,64.2,5,0.7,-42.8
5838,5836,CA-2015-101868,20150609,20150616,517,739,352,4,38.52,3,0.7,-26.964
5839,5837,CA-2015-101868,20150609,20150616,517,1607,352,4,72.6,5,0.2,-8.1675
5840,5838,CA-2017-133207,20171127,20171203,229,1864,501,4,57.568,4,0.2,5.7568
5841,5839,CA-2015-132948,20150327,20150403,545,1331,629,4,83.7,5,0.0,3.348
5842,5840,CA-2015-134992,20150922,20150926,506,1164,440,3,32.4,5,0.0,15.552
5843,5841,CA-2015-134992,20150922,20150926,506,234,440,3,47.98,2,0.0,11.0354
5844,5842,CA-2015-126725,20151117,20151121,108,1833,531,4,415.968,4,0.2,51.996
5845,5843,CA-2015-126725,20151117,20151121,108,1362,531,4,304.9,5,0.0,6.098
5846,5844,CA-2015-126725,20151117,20151121,108,240,531,4,80.96,4,0.0,29.1456
5847,5845,CA-2015-126725,20151117,20151121,108,1317,531,4,777.21,7,0.0,54.4047
5848,5846,CA-2015-126725,20151117,20151121,108,1133,531,4,32.4,5,0.0,15.552
5849,5847,CA-2015-126725,20151117,20151121,108,75,531,4,225.568,2,0.2,2.8196
5850,5848,CA-2015-126725,20151117,20151121,108,193,531,4,36.6,3,0.0,15.372
5851,5849,CA-2015-121783,20151110,20151114,605,463,96,4,715.64,2,0.0,178.91
5852,5850,CA-2015-121783,20151110,20151114,605,1315,96,4,795.51,3,0.0,143.1918
5853,5851,CA-2015-121783,20151110,20151114,605,1632,96,4,549.99,1,0.0,274.995
5854,5852,CA-2015-121783,20151110,20151114,605,715,96,4,74.76,3,0.0,34.3896
5855,5853,CA-2015-121783,20151110,20151114,605,304,96,4,29.22,3,0.0,12.8568
5856,5854,US-2014-138835,20140910,20140914,188,781,450,4,9.64,2,0.0,4.7236
5857,5855,CA-2015-112214,20150805,20150811,35,1367,142,4,33.488,7,0.2,-1.2558
5858,5856,CA-2015-112214,20150805,20150811,35,1469,142,4,23.04,3,0.2,-4.896
5859,5857,CA-2015-112214,20150805,20150811,35,772,142,4,1.362,1,0.8,-2.1792
5860,5858,CA-2015-112214,20150805,20150811,35,224,142,4,14.76,5,0.6,-11.439
5861,5859,US-2017-153255,20170903,20170907,381,42,476,3,239.666,2,0.15,14.098
5862,5860,CA-2015-108119,20151101,20151108,538,351,324,4,301.96,2,0.0,45.294
5863,5861,CA-2015-157434,20150429,20150504,380,1125,304,3,7.968,2,0.2,2.8884
5864,5862,CA-2016-101525,20160501,20160504,160,1123,328,3,109.92,2,0.0,53.8608
5865,5863,CA-2016-101525,20160501,20160504,160,1262,328,3,19.44,3,0.0,9.3312
5866,5864,CA-2016-101525,20160501,20160504,160,503,328,3,11.16,2,0.0,4.3524
5867,5865,US-2014-117968,20140805,20140807,658,445,200,3,79.47,3,0.0,22.2516
5868,5866,US-2014-117968,20140805,20140807,658,624,200,3,4.56,2,0.0,2.0064
5869,5867,US-2014-117968,20140805,20140807,658,92,200,3,1133.35,5,0.0,294.671
5870,5868,CA-2016-158211,20160104,20160108,102,623,307,4,4.672,1,0.2,0.584
5871,5869,CA-2016-158211,20160104,20160108,102,732,307,4,104.58,6,0.7,-80.178
5872,5870,CA-2016-152247,20161107,20161112,484,70,632,4,1603.136,4,0.2,100.196
5873,5871,CA-2016-128223,20160614,20160614,247,342,465,2,1293.488,7,0.2,80.843
5874,5872,CA-2016-154235,20160924,20160928,636,287,36,4,127.95,3,0.0,21.7515
5875,5873,CA-2017-129910,20170330,20170403,498,1410,373,4,59.76,1,0.0,16.7328
5876,5874,CA-2017-133095,20170604,20170604,261,745,327,2,108.08,7,0.0,54.04
5877,5875,CA-2017-133095,20170604,20170604,261,820,327,2,9.54,3,0.0,4.3884
5878,5876,CA-2015-130554,20150407,20150409,288,548,306,1,11.736,3,0.2,1.0269
5879,5877,CA-2014-152443,20140521,20140526,283,686,225,4,447.86,7,0.0,219.4514
5880,5878,CA-2014-152443,20140521,20140526,283,1220,225,4,17.94,3,0.0,8.7906
5881,5879,CA-2014-152443,20140521,20140526,283,412,225,4,245.88,6,0.0,68.8464
5882,5880,CA-2016-133319,20160905,20160911,545,1148,264,4,192.16,4,0.0,92.2368
5883,5881,CA-2016-133935,20160918,20160922,411,70,531,4,801.568,2,0.2,50.098
5884,5882,CA-2016-133935,20160918,20160922,411,1034,531,4,368.91,9,0.0,180.7659
5885,5883,CA-2016-133935,20160918,20160922,411,100,531,4,885.528,9,0.2,-99.6219
5886,5884,CA-2016-136301,20160313,20160315,258,314,532,3,28.28,2,0.0,7.3528
5887,5885,CA-2016-136301,20160313,20160315,258,1444,532,3,4912.59,3,0.0,196.5036
5888,5886,US-2014-109456,20141016,20141017,476,652,533,2,14.352,3,0.2,5.0232
5889,5887,US-2014-109456,20141016,20141017,476,1590,533,2,179.97,3,0.0,86.3856
5890,5888,CA-2017-151596,20171008,20171011,99,1378,310,1,42.76,1,0.0,11.1176
5891,5889,CA-2015-147879,20150507,20150512,131,1160,388,4,45.68,2,0.0,21.0128
5892,5890,CA-2016-166625,20160414,20160417,393,748,212,1,25.06,2,0.0,11.7782
5893,5891,CA-2016-146157,20161121,20161126,634,1144,8,4,38.432,1,0.2,13.4512
5894,5892,CA-2016-146157,20161121,20161126,634,1373,8,4,21.568,2,0.2,1.6176
5895,5893,CA-2016-146157,20161121,20161126,634,1593,8,4,81.576,3,0.2,2.0394
5896,5894,CA-2017-159954,20170910,20170914,715,855,372,4,2.78,1,0.0,1.3622
5897,5895,CA-2017-100825,20170909,20170914,425,1407,501,4,99.87,3,0.0,23.9688
5898,5896,CA-2014-168305,20141101,20141108,599,1003,503,4,44.4,3,0.0,22.2
5899,5897,CA-2014-168305,20141101,20141108,599,1305,503,4,21.4,5,0.0,9.63
5900,5898,CA-2016-167682,20160403,20160409,793,276,49,4,71.12,4,0.0,22.0472
5901,5899,CA-2016-167682,20160403,20160409,793,1730,49,4,259.96,4,0.0,124.7808
5902,5900,CA-2017-108000,20170112,20170116,472,886,533,4,9.78,1,0.0,4.89
5903,5901,CA-2015-146465,20151120,20151124,583,839,534,4,24.192,9,0.2,7.56
5904,5902,CA-2016-159639,20161127,20161202,587,204,253,4,31.56,3,0.0,10.4148
5905,5903,US-2017-153948,20171106,20171106,288,1038,534,2,59.94,3,0.0,28.1718
5906,5904,US-2017-153948,20171106,20171106,288,1208,534,2,45.36,4,0.0,22.2264
5907,5905,US-2017-153948,20171106,20171106,288,1037,534,2,26.4,5,0.0,12.672
5908,5906,US-2017-153948,20171106,20171106,288,965,534,2,41.4,4,0.0,19.872
5909,5907,US-2017-153948,20171106,20171106,288,1586,534,2,16.95,1,0.0,1.017
5910,5908,US-2016-113985,20161202,20161207,425,745,536,4,24.704,2,0.2,9.264
5911,5909,US-2016-113985,20161202,20161207,425,413,536,4,59.7,3,0.0,26.865
5912,5910,US-2016-113985,20161202,20161207,425,248,536,4,14.52,3,0.0,5.6628
5913,5911,US-2016-113985,20161202,20161207,425,672,536,4,104.184,3,0.2,33.8598
5914,5912,CA-2016-155383,20161217,20161222,677,1359,629,4,46.53,3,0.0,13.0284
5915,5913,CA-2014-120432,20140824,20140826,243,1476,388,3,25.5,3,0.0,6.63
5916,5914,US-2015-126977,20150917,20150923,589,1330,266,4,14.9,5,0.0,1.043
5917,5915,US-2015-126977,20150917,20150923,589,994,266,4,87.71,7,0.0,41.2237
5918,5916,US-2015-126977,20150917,20150923,589,81,266,4,199.764,2,0.1,8.8784
5919,5917,US-2015-126977,20150917,20150923,589,1406,266,4,94.6,4,0.0,27.434
5920,5918,US-2015-126977,20150917,20150923,589,50,266,4,4228.704,6,0.2,158.5764
5921,5919,US-2015-126977,20150917,20150923,589,19,266,4,2003.92,5,0.2,-25.049
5922,5920,US-2015-126977,20150917,20150923,589,1787,266,4,209.97,3,0.0,58.7916
5923,5921,US-2015-126977,20150917,20150923,589,1573,266,4,659.9,2,0.0,217.767
5924,5922,US-2015-126977,20150917,20150923,589,1270,266,4,110.96,2,0.0,53.2608
5925,5923,US-2015-126977,20150917,20150923,589,1713,266,4,67.8,4,0.0,1.356
5926,5924,CA-2016-130288,20161126,20161130,216,359,264,3,313.176,2,0.4,-120.0508
5927,5925,CA-2017-146458,20171119,20171122,623,519,448,3,22.96,7,0.0,6.6584
5928,5926,CA-2017-150420,20170603,20170608,297,1627,615,4,1099.5,10,0.0,362.835
5929,5927,US-2014-118997,20140408,20140412,618,333,317,4,1215.92,8,0.0,316.1392
5930,5928,CA-2014-114314,20141011,20141015,197,960,325,4,7.31,1,0.0,3.4357
5931,5929,CA-2014-114314,20141011,20141015,197,215,325,4,8.92,4,0.0,3.9248
5932,5930,US-2017-169551,20170707,20170709,648,8,304,1,87.21,3,0.5,-45.3492
5933,5931,US-2017-169551,20170707,20170709,648,1273,304,1,15.552,3,0.2,5.4432
5934,5932,US-2017-169551,20170707,20170709,648,1748,304,1,683.988,2,0.4,-113.998
5935,5933,US-2017-169551,20170707,20170709,648,1439,304,1,13.392,3,0.2,1.0044
5936,5934,US-2017-169551,20170707,20170709,648,1540,304,1,16.776,3,0.2,4.8231
5937,5935,US-2017-169551,20170707,20170709,648,1573,304,1,527.92,2,0.2,85.787
5938,5936,CA-2016-103107,20160704,20160704,624,147,627,2,25.4,5,0.0,8.636
5939,5937,CA-2016-103107,20160704,20160704,624,1742,627,2,177.48,3,0.2,19.9665
5940,5938,CA-2016-103107,20160704,20160704,624,1809,627,2,71.976,3,0.2,8.997
5941,5939,CA-2017-122077,20170519,20170525,360,1852,172,4,95.992,1,0.2,9.5992
5942,5940,CA-2017-122077,20170519,20170525,360,1015,172,4,13.216,4,0.2,4.2952
5943,5941,CA-2017-112431,20171012,20171014,663,1521,503,3,435.84,12,0.0,130.752
5944,5942,CA-2017-112431,20171012,20171014,663,510,503,3,5.88,2,0.0,1.5876
5945,5943,CA-2016-151092,20160806,20160813,779,1766,500,4,211.168,4,0.2,18.4772
5946,5944,CA-2014-104178,20140825,20140829,391,170,501,4,6.28,1,0.0,2.6376
5947,5945,CA-2014-104178,20140825,20140829,391,1555,501,4,95.1,5,0.0,30.432
5948,5946,CA-2014-104178,20140825,20140829,391,1309,501,4,25.92,4,0.0,12.4416
5949,5947,CA-2014-104178,20140825,20140829,391,1432,501,4,48.84,4,0.0,13.1868
5950,5948,CA-2015-115924,20150914,20150918,78,815,53,3,25.9,5,0.0,12.691
5951,5949,CA-2017-161046,20170305,20170305,128,903,398,2,42.68,4,0.0,19.6328
5952,5950,CA-2017-161046,20170305,20170305,128,1613,398,2,299.97,3,0.0,125.9874
5953,5951,CA-2017-161046,20170305,20170305,128,403,398,2,262.24,2,0.0,78.672
5954,5952,CA-2017-161046,20170305,20170305,128,733,398,2,234.36,6,0.0,112.4928
5955,5953,US-2017-141698,20170415,20170421,683,1149,154,4,20.736,4,0.2,7.2576
5956,5954,US-2014-105151,20140330,20140331,691,523,263,1,10.5,5,0.0,2.94
5957,5955,CA-2014-155796,20141111,20141115,766,157,308,3,23.968,2,0.2,7.7896
5958,5956,CA-2014-155796,20141111,20141115,766,22,308,3,521.96,4,0.5,-250.5408
5959,5957,CA-2016-127138,20160312,20160315,216,1402,532,3,676.55,5,0.0,6.7655
5960,5958,CA-2016-127138,20160312,20160315,216,462,532,3,154.9,5,0.0,40.274
5961,5959,CA-2016-127138,20160312,20160315,216,909,532,3,30.56,4,0.0,14.9744
5962,5960,CA-2016-127138,20160312,20160315,216,111,532,3,770.352,3,0.2,77.0352
5963,5961,CA-2017-150602,20170209,20170214,520,252,502,3,21.12,4,0.0,6.5472
5964,5962,CA-2014-140732,20141111,20141113,483,1749,498,3,575.928,9,0.2,57.5928
5965,5963,CA-2014-140732,20141111,20141113,483,421,498,3,7.78,2,0.0,2.0228
5966,5964,CA-2014-140732,20141111,20141113,483,1244,498,3,123.92,4,0.0,55.764
5967,5965,CA-2017-119011,20170820,20170825,471,1479,532,4,17.22,3,0.0,5.166
5968,5966,CA-2017-119011,20170820,20170825,471,1339,532,4,226.56,6,0.0,63.4368
5969,5967,CA-2017-119011,20170820,20170825,471,1832,532,4,107.88,3,0.2,10.788
5970,5968,CA-2016-166912,20160115,20160117,76,1100,263,1,81.98,2,0.0,40.1702
5971,5969,CA-2014-141726,20140720,20140722,130,1061,531,1,104.85,1,0.0,50.328
5972,5970,CA-2014-141726,20140720,20140722,130,728,531,1,8.704,2,0.2,3.1552
5973,5971,CA-2014-141726,20140720,20140722,130,1178,531,1,19.92,4,0.0,9.7608
5974,5972,CA-2014-141726,20140720,20140722,130,266,531,1,43.02,3,0.0,15.4872
5975,5973,CA-2017-115105,20170206,20170211,75,14,265,4,240.784,1,0.2,30.098
5976,5974,CA-2015-143980,20151225,20151229,380,461,264,4,414.96,2,0.0,124.488
5977,5975,CA-2016-135636,20161008,20161013,198,1335,403,4,387.72,5,0.2,-67.851
5978,5976,CA-2017-102155,20170713,20170717,657,1366,62,4,360.38,2,0.0,93.6988
5979,5977,CA-2017-102155,20170713,20170717,657,1249,62,4,13.56,2,0.0,6.2376
5980,5978,CA-2017-116953,20170424,20170425,724,1880,457,1,552.0,10,0.2,34.5
5981,5979,CA-2014-117765,20140907,20140913,624,332,120,4,429.9,5,0.0,111.774
5982,5980,CA-2014-117765,20140907,20140913,624,666,120,4,32.06,2,0.0,15.3888
5983,5981,CA-2014-117765,20140907,20140913,624,131,120,4,161.96,2,0.0,45.3488
5984,5982,CA-2014-117765,20140907,20140913,624,1413,120,4,19.86,2,0.0,5.7594
5985,5983,CA-2016-114895,20161121,20161128,546,1045,266,4,12.96,2,0.0,6.3504
5986,5984,CA-2017-112984,20170916,20170918,263,1248,307,3,20.544,6,0.2,6.42
5987,5985,CA-2016-163776,20160719,20160725,410,179,396,4,185.58,6,0.0,76.0878
5988,5986,CA-2016-163776,20160719,20160725,410,773,396,4,77.56,2,0.0,35.6776
5989,5987,CA-2016-163776,20160719,20160725,410,1394,396,4,87.92,4,0.0,0.8792
5990,5988,CA-2016-163776,20160719,20160725,410,1100,396,4,245.94,6,0.0,120.5106
5991,5989,CA-2016-163776,20160719,20160725,410,665,396,4,8.6,1,0.0,4.042
5992,5990,CA-2016-163776,20160719,20160725,410,35,396,4,504.9,5,0.0,126.225
5993,5991,US-2017-163300,20170915,20170921,278,833,503,4,2357.488,7,0.2,884.058
5994,5992,US-2017-163300,20170915,20170921,278,1766,503,4,369.544,7,0.2,32.3351
5995,5993,US-2017-163300,20170915,20170921,278,108,503,4,184.752,3,0.2,-20.7846
5996,5994,CA-2016-162187,20161211,20161211,577,1371,279,2,64.96,5,0.2,-4.06
5997,5995,CA-2016-162187,20161211,20161211,577,1480,279,2,13.52,2,0.2,1.69
5998,5996,CA-2016-162187,20161211,20161211,577,105,279,2,458.43,5,0.3,-137.529
5999,5997,CA-2016-162187,20161211,20161211,577,396,279,2,387.136,4,0.2,24.196
6000,5998,CA-2016-162187,20161211,20161211,577,360,279,2,328.59,3,0.4,-147.8655
6001,5999,US-2014-112991,20141210,20141214,692,75,572,4,338.352,3,0.2,4.2294
6002,6000,US-2014-112991,20141210,20141214,692,1028,572,4,25.92,4,0.0,12.4416
6003,6001,US-2014-112991,20141210,20141214,692,1177,572,4,91.36,4,0.0,42.0256
6004,6002,CA-2014-124079,20141213,20141217,640,233,459,4,87.96,3,0.2,7.6965
6005,6003,CA-2014-124079,20141213,20141217,640,738,459,4,5.214,2,0.7,-4.1712
6006,6004,US-2017-146878,20170921,20170927,218,759,351,4,12.294,1,0.7,-8.6058
6007,6005,CA-2017-107244,20170907,20170911,22,235,498,4,19.76,4,0.0,8.2992
6008,6006,CA-2015-100657,20151102,20151107,725,109,271,4,109.764,2,0.1,8.5372
6009,6007,CA-2017-129581,20171211,20171218,440,1755,230,4,128.85,3,0.0,3.8655
6010,6008,CA-2017-129028,20170401,20170403,295,287,419,1,127.95,3,0.0,21.7515
6011,6009,CA-2015-135580,20151230,20160103,153,1078,503,4,68.52,3,0.0,31.5192
6012,6010,CA-2015-135580,20151230,20160103,153,1340,503,4,74.94,3,0.0,14.2386
6013,6011,CA-2015-135580,20151230,20160103,153,1695,503,4,2548.56,6,0.2,286.713
6014,6012,CA-2015-135580,20151230,20160103,153,898,503,4,271.44,3,0.0,122.148
6015,6013,CA-2015-135580,20151230,20160103,153,1869,503,4,287.88,3,0.2,35.985
6016,6014,CA-2016-159016,20160310,20160311,428,1286,499,1,14.9,5,0.0,7.152
6017,6015,CA-2016-159016,20160310,20160311,428,1824,499,1,4158.912,8,0.2,363.9048
6018,6016,CA-2014-102652,20140406,20140412,63,167,503,4,91.96,2,0.0,15.6332
6019,6017,CA-2014-102652,20140406,20140412,63,205,503,4,33.11,7,0.0,12.9129
6020,6018,CA-2014-102652,20140406,20140412,63,1235,503,4,19.44,3,0.0,9.3312
6021,6019,CA-2014-102652,20140406,20140412,63,1165,503,4,55.48,1,0.0,26.6304
6022,6020,CA-2014-152422,20141005,20141010,73,447,279,3,91.92,5,0.2,11.49
6023,6021,US-2016-156692,20160813,20160813,324,429,391,2,17.34,2,0.0,4.6818
6024,6022,US-2016-156692,20160813,20160813,324,1485,391,2,71.98,2,0.0,15.1158
6025,6023,CA-2014-130869,20141117,20141121,126,885,135,4,7.08,3,0.2,2.478
6026,6024,US-2017-128832,20170424,20170427,472,1622,311,1,69.98,2,0.0,4.8986
6027,6025,CA-2017-139717,20170824,20170826,224,404,288,3,646.272,8,0.2,64.6272
6028,6026,CA-2017-139717,20170824,20170826,224,1176,288,3,10.368,2,0.2,3.7584
6029,6027,CA-2017-136007,20170223,20170302,14,937,629,4,8.4,5,0.0,0.336
6030,6028,CA-2017-136007,20170223,20170302,14,1846,629,4,71.96,5,0.2,25.186
6031,6029,CA-2016-157364,20161119,20161121,478,606,412,1,18.48,2,0.2,6.006
6032,6030,US-2016-112970,20161114,20161115,735,611,503,1,9.84,3,0.0,2.8536
6033,6031,US-2017-152492,20170706,20170706,34,52,351,2,239.24,1,0.2,23.924
6034,6032,CA-2016-101168,20161225,20170101,714,252,235,4,21.12,4,0.0,6.5472
6035,6033,CA-2017-104010,20170423,20170425,747,1454,264,1,54.9,5,0.0,15.372
6036,6034,CA-2015-130253,20151214,20151218,607,247,501,4,15.24,3,0.0,5.1816
6037,6035,US-2015-155369,20150419,20150425,592,440,134,4,19.568,2,0.8,-52.8336
6038,6036,US-2015-155369,20150419,20150425,592,807,134,4,310.392,4,0.8,-512.1468
6039,6037,CA-2016-131205,20160904,20160908,4,258,384,4,42.6,3,0.0,16.614
6040,6038,CA-2016-131205,20160904,20160908,4,662,384,4,113.94,6,0.0,54.6912
6041,6039,CA-2016-131205,20160904,20160908,4,1399,384,4,129.92,4,0.0,5.1968
6042,6040,CA-2016-131205,20160904,20160908,4,591,384,4,5.28,3,0.0,2.5344
6043,6041,CA-2017-122364,20170924,20170929,280,1772,499,4,859.2,3,0.2,75.18
6044,6042,CA-2017-122364,20170924,20170929,280,1656,499,4,506.28,3,0.2,177.198
6045,6043,CA-2016-117912,20160204,20160208,739,214,461,4,14.368,2,0.2,3.9512
6046,6044,CA-2017-145702,20170519,20170524,29,73,433,3,314.352,3,0.2,-35.3646
6047,6045,CA-2017-145702,20170519,20170524,29,1125,433,3,27.888,7,0.2,10.1094
6048,6046,CA-2015-113215,20150903,20150908,165,245,463,4,238.152,3,0.2,89.307
6049,6047,CA-2016-154662,20160609,20160616,84,342,93,4,692.94,3,0.0,173.235
6050,6048,CA-2015-105571,20151107,20151111,166,780,351,4,16.146,9,0.7,-12.9168
6051,6049,CA-2015-105571,20151107,20151111,166,702,351,4,1345.485,5,0.7,-1031.5385
6052,6050,CA-2016-152765,20160615,20160618,476,1067,153,1,173.488,7,0.2,54.215
6053,6051,CA-2015-153878,20150425,20150430,769,502,190,4,57.75,5,0.0,16.17
6054,6052,CA-2015-153878,20150425,20150430,769,409,190,4,272.4,5,0.0,76.272
6055,6053,CA-2016-124016,20160923,20160926,409,1197,288,3,11.952,3,0.2,4.0338
6056,6054,CA-2016-124016,20160923,20160926,409,325,288,3,28.0,4,0.2,7.7
6057,6055,CA-2016-124016,20160923,20160926,409,735,288,3,12.201,7,0.7,-9.7608
6058,6056,CA-2016-113551,20160818,20160820,561,711,144,1,2.068,1,0.8,-3.4122
6059,6057,CA-2016-113551,20160818,20160820,561,1297,144,1,83.84,8,0.2,30.392
6060,6058,CA-2014-107524,20140302,20140308,442,879,263,4,11.36,2,0.0,5.3392
6061,6059,CA-2014-107524,20140302,20140308,442,1077,263,4,36.4,5,0.0,17.472
6062,6060,CA-2014-138072,20141230,20150103,294,1623,304,4,27.968,2,0.2,6.992
6063,6061,CA-2015-134201,20150410,20150416,262,1364,269,4,142.04,4,0.0,38.3508
6064,6062,CA-2015-134201,20150410,20150416,262,571,269,4,14.67,3,0.0,6.0147
6065,6063,CA-2015-111780,20151225,20151230,617,1640,530,3,1199.96,5,0.2,224.9925
6066,6064,CA-2015-111780,20151225,20151230,617,1116,530,3,12.6,3,0.0,6.174
6067,6065,CA-2015-111780,20151225,20151230,617,1135,530,3,17.94,3,0.0,8.073
6068,6066,CA-2015-119942,20150405,20150407,770,979,304,1,23.904,6,0.2,7.7688
6069,6067,CA-2015-151547,20150117,20150123,33,1449,424,4,88.96,8,0.2,10.008
6070,6068,CA-2017-166695,20170520,20170524,133,53,494,4,518.272,8,0.2,-97.176
6071,6069,CA-2017-166695,20170520,20170524,133,219,494,4,6.98,1,0.0,3.3504
6072,6070,CA-2017-166695,20170520,20170524,133,1681,494,4,343.2,1,0.2,38.61
6073,6071,CA-2017-167542,20170813,20170820,425,1014,304,4,17.544,3,0.2,5.9211
6074,6072,CA-2015-120901,20151231,20160104,86,1311,128,4,152.688,2,0.2,-26.7204
6075,6073,CA-2015-120901,20151231,20160104,86,931,128,4,3.488,2,0.2,0.5668
6076,6074,CA-2015-120901,20151231,20160104,86,1455,128,4,5.888,2,0.2,-1.3248
6077,6075,CA-2017-121398,20171225,20171229,286,718,499,4,153.552,3,0.2,51.8238
6078,6076,CA-2017-121398,20171225,20171229,286,1402,499,4,270.62,2,0.0,2.7062
6079,6077,CA-2016-151561,20160901,20160907,592,1519,264,4,468.9,6,0.0,206.316
6080,6078,CA-2016-151561,20160901,20160907,592,1584,264,4,72.48,2,0.0,30.4416
6081,6079,CA-2016-151561,20160901,20160907,592,1456,264,4,10.95,3,0.0,3.285
6082,6080,CA-2016-151561,20160901,20160907,592,320,264,4,191.82,3,0.0,61.3824
6083,6081,CA-2017-154676,20170805,20170808,579,1352,155,1,151.056,9,0.2,7.5528
6084,6082,US-2014-165589,20140218,20140218,740,226,163,2,25.16,5,0.6,-11.322
6085,6083,US-2016-132577,20161122,20161127,354,815,156,4,6.216,6,0.8,-9.6348
6086,6084,US-2016-132577,20161122,20161127,354,594,156,4,23.616,9,0.2,2.6568
6087,6085,US-2016-132577,20161122,20161127,354,1491,156,4,24.032,2,0.2,-0.6008
6088,6086,US-2016-132577,20161122,20161127,354,962,156,4,2.088,1,0.2,0.6786
6089,6087,US-2016-132577,20161122,20161127,354,777,156,4,4.488,6,0.8,-6.732
6090,6088,CA-2015-114048,20151214,20151218,259,304,477,4,29.22,3,0.0,12.8568
6091,6089,CA-2015-137281,20150613,20150617,79,1153,377,4,6.48,1,0.0,3.1104
6092,6090,US-2017-162068,20171228,20171231,587,761,567,3,1.188,2,0.7,-0.99
6093,6091,CA-2017-100111,20170920,20170926,721,116,266,4,272.646,3,0.1,18.1764
6094,6092,CA-2017-100111,20170920,20170926,721,1564,266,4,212.8,2,0.0,95.76
6095,6093,CA-2017-100111,20170920,20170926,721,1092,266,4,38.52,9,0.0,18.1044
6096,6094,CA-2017-100111,20170920,20170926,721,1521,266,4,72.64,2,0.0,21.792
6097,6095,CA-2017-100111,20170920,20170926,721,1329,266,4,45.4,4,0.0,12.712
6098,6096,CA-2017-100111,20170920,20170926,721,1204,266,4,13.76,2,0.0,6.3296
6099,6097,CA-2017-100111,20170920,20170926,721,103,266,4,80.991,1,0.1,8.0991
6100,6098,CA-2017-100111,20170920,20170926,721,664,266,4,11.784,3,0.2,3.9771
6101,6099,CA-2017-100111,20170920,20170926,721,918,266,4,4.36,2,0.0,1.7876
6102,6100,CA-2017-100111,20170920,20170926,721,122,266,4,2888.127,11,0.1,609.7157
6103,6101,CA-2017-100111,20170920,20170926,721,1824,266,4,1299.66,2,0.0,350.9082
6104,6102,CA-2017-100111,20170920,20170926,721,70,266,4,2254.41,5,0.1,375.735
6105,6103,CA-2017-100111,20170920,20170926,721,1716,266,4,104.85,3,0.0,28.3095
6106,6104,CA-2017-100111,20170920,20170926,721,1537,266,4,59.97,3,0.0,20.3898
6107,6105,US-2017-132381,20170822,20170824,245,350,307,1,314.532,2,0.4,-83.8752
6108,6106,CA-2015-147011,20150618,20150622,333,563,352,4,13.632,4,0.2,3.5784
6109,6107,CA-2014-120852,20141220,20141225,788,419,149,4,19.432,2,0.8,-49.5516
6110,6108,CA-2014-120852,20141220,20141225,788,1610,149,4,65.44,5,0.2,-8.18
6111,6109,CA-2016-150007,20160911,20160916,53,984,10,4,6.0,2,0.2,2.1
6112,6110,CA-2016-150007,20160911,20160916,53,820,10,4,1.908,3,0.8,-3.2436
6113,6111,CA-2016-124590,20161112,20161116,711,127,295,4,1474.802,7,0.3,-21.0686
6114,6112,CA-2016-124590,20161112,20161116,711,431,295,4,110.096,2,0.2,33.0288
6115,6113,CA-2016-124590,20161112,20161116,711,920,295,4,16.752,6,0.2,5.4444
6116,6114,CA-2016-124590,20161112,20161116,711,57,295,4,1537.074,9,0.3,0.0
6117,6115,CA-2016-124590,20161112,20161116,711,111,295,4,449.372,2,0.3,-12.8392
6118,6116,CA-2016-133802,20160314,20160320,709,779,522,4,41.904,6,0.2,14.1426
6119,6117,US-2016-113677,20161113,20161119,163,1785,264,4,2279.96,4,0.0,592.7896
6120,6118,US-2016-113677,20161113,20161119,163,979,264,4,14.94,3,0.0,6.8724
6121,6119,CA-2017-143378,20170919,20170925,405,1749,601,4,191.976,3,0.2,19.1976
6122,6120,CA-2017-143378,20170919,20170925,405,544,601,4,23.832,3,0.2,6.5538
6123,6121,CA-2017-143378,20170919,20170925,405,320,601,4,409.216,8,0.2,61.3824
6124,6122,CA-2017-143378,20170919,20170925,405,16,601,4,72.588,2,0.7,-128.2388
6125,6123,CA-2017-152660,20171204,20171209,127,1325,8,4,61.568,2,0.2,4.6176
6126,6124,CA-2015-142139,20150831,20150905,683,1258,131,4,20.96,4,0.2,6.812
6127,6125,CA-2017-145772,20170603,20170607,714,1574,501,4,44.75,5,0.0,8.5025
6128,6126,CA-2017-145772,20170603,20170607,714,1130,501,4,11.96,2,0.0,5.382
6129,6127,CA-2017-145772,20170603,20170607,714,734,501,4,3.912,1,0.2,1.2714
6130,6128,CA-2016-124100,20160331,20160406,260,114,263,4,327.996,6,0.1,54.666
6131,6129,US-2014-158400,20141025,20141028,28,745,532,1,49.408,4,0.2,18.528
6132,6130,CA-2017-162033,20170326,20170402,274,1577,450,4,53.25,3,0.0,20.7675
6133,6753,CA-2016-154767,20160628,20160630,101,1222,249,3,61.96,2,0.0,27.882
6134,6131,CA-2017-162033,20170326,20170402,274,944,450,4,3.76,2,0.0,1.316
6135,6132,CA-2014-163447,20141227,20141231,734,126,264,4,767.214,14,0.1,161.9674
6136,6133,CA-2017-145737,20170915,20170920,9,1100,434,4,163.96,5,0.2,59.4355
6137,6134,CA-2016-148096,20160816,20160819,43,372,502,1,161.28,2,0.2,12.096
6138,6135,CA-2016-146766,20161104,20161104,771,555,473,2,192.8,4,0.0,55.912
6139,6136,CA-2015-105613,20151018,20151022,442,1496,165,4,27.696,3,0.2,3.462
6140,6137,CA-2015-105613,20151018,20151022,442,384,165,4,73.164,6,0.8,-186.5682
6141,6138,US-2016-142251,20161031,20161104,290,1216,343,3,32.064,6,0.2,11.2224
6142,6139,CA-2014-131247,20140330,20140404,294,7,533,4,205.666,2,0.15,-12.098
6143,6140,US-2015-113593,20150418,20150420,556,1325,542,1,115.44,3,0.0,30.0144
6144,6141,CA-2017-121083,20170709,20170715,359,1123,199,4,274.8,5,0.0,134.652
6145,6142,CA-2017-121083,20170709,20170715,359,1396,199,4,195.64,4,0.0,3.9128
6146,6143,CA-2017-121083,20170709,20170715,359,1747,199,4,257.98,2,0.0,74.8142
6147,6144,CA-2017-121083,20170709,20170715,359,576,199,4,119.04,6,0.0,48.8064
6148,6145,CA-2017-151190,20170627,20170701,312,1076,112,4,20.07,3,0.0,9.2322
6149,6146,CA-2014-133543,20141222,20141226,438,589,536,4,11.76,4,0.0,3.1752
6150,6147,CA-2017-105130,20171121,20171125,595,589,534,4,11.76,4,0.0,3.1752
6151,6148,CA-2017-105130,20171121,20171125,595,696,534,4,40.736,2,0.2,14.7668
6152,6149,CA-2016-161928,20160627,20160629,15,1841,532,3,201.584,2,0.2,12.599
6153,6150,CA-2017-101322,20171228,20171231,367,118,497,1,340.704,6,0.2,-34.0704
6154,6151,US-2016-106600,20160408,20160411,649,11,373,1,354.9,5,0.0,88.725
6155,6152,CA-2014-111871,20140318,20140321,266,42,533,3,1198.33,10,0.15,70.49
6156,6153,CA-2017-139437,20170703,20170708,632,1394,498,4,87.92,4,0.0,0.8792
6157,6154,CA-2017-151484,20170420,20170423,184,203,304,1,51.968,2,0.2,10.3936
6158,6155,CA-2017-151484,20170420,20170423,184,1391,304,1,51.336,3,0.2,5.7753
6159,6156,CA-2017-151484,20170420,20170423,184,1319,304,1,332.704,1,0.2,33.2704
6160,6157,CA-2017-151484,20170420,20170423,184,313,304,1,42.408,3,0.2,9.5418
6161,6158,CA-2016-104150,20160803,20160805,21,883,120,3,81.54,3,0.0,38.3238
6162,6159,CA-2016-104150,20160803,20160805,21,1620,120,3,167.28,12,0.0,23.4192
6163,6160,CA-2016-161025,20161203,20161209,304,1379,503,4,772.68,4,0.0,108.1752
6164,6161,CA-2014-103989,20140319,20140321,491,1881,348,1,323.976,3,0.2,28.3479
6165,6162,CA-2014-103989,20140319,20140321,491,966,348,1,11.808,4,0.2,3.9852
6166,6163,CA-2014-103989,20140319,20140321,491,1344,348,1,26.16,3,0.2,1.962
6167,6164,CA-2014-103989,20140319,20140321,491,697,348,1,33.57,5,0.7,-25.737
6168,6165,CA-2014-103989,20140319,20140321,491,286,348,1,4.992,3,0.2,1.3728
6169,6166,CA-2014-103989,20140319,20140321,491,232,348,1,20.016,3,0.2,5.5044
6170,6167,CA-2014-103989,20140319,20140321,491,1564,348,1,170.24,2,0.2,53.2
6171,6168,CA-2015-142433,20150420,20150425,278,1189,153,4,117.456,3,0.2,44.046
6172,6169,CA-2015-132815,20150919,20150922,661,1292,499,3,22.96,2,0.0,11.2504
6173,6170,CA-2014-101266,20140827,20140830,526,1216,448,3,13.36,2,0.0,6.4128
6174,6171,CA-2016-141523,20161219,20161224,511,681,266,3,34.248,3,0.2,11.5587
6175,6172,CA-2016-141523,20161219,20161224,511,532,266,3,3.52,2,0.0,1.0208
6176,6173,US-2014-106299,20140802,20140808,579,721,108,4,26.7,5,0.0,12.549
6177,6174,US-2014-106299,20140802,20140808,579,1581,108,4,21.2,2,0.0,9.116
6178,6175,US-2014-106299,20140802,20140808,579,1381,108,4,838.38,2,0.0,226.3626
6179,6176,CA-2015-158421,20150921,20150926,296,55,418,4,1690.04,4,0.0,422.51
6180,6177,CA-2015-158421,20150921,20150926,296,1393,418,4,85.96,7,0.0,24.0688
6181,6178,CA-2015-158421,20150921,20150926,296,873,418,4,121.96,2,0.0,57.3212
6182,6179,CA-2015-158421,20150921,20150926,296,1146,418,4,23.92,4,0.0,11.7208
6183,6180,CA-2015-158421,20150921,20150926,296,1326,418,4,63.96,2,0.0,6.396
6184,6181,CA-2015-158421,20150921,20150926,296,1719,418,4,629.95,5,0.0,176.386
6185,6182,CA-2015-158421,20150921,20150926,296,1805,418,4,113.73,3,0.0,32.9817
6186,6183,CA-2015-158421,20150921,20150926,296,649,418,4,14.6,2,0.0,6.862
6187,6184,CA-2015-158421,20150921,20150926,296,1431,418,4,887.84,8,0.0,17.7568
6188,6185,CA-2016-143609,20161211,20161213,194,123,598,1,403.92,5,0.2,25.245
6189,6186,CA-2015-138331,20150807,20150812,379,574,304,4,106.8,10,0.2,10.68
6190,6187,CA-2015-138954,20151115,20151117,514,1406,266,1,70.95,3,0.0,20.5755
6191,6188,CA-2015-138954,20151115,20151117,514,808,266,1,34.944,6,0.2,11.7936
6192,6189,CA-2015-138954,20151115,20151117,514,549,266,1,119.04,6,0.0,35.712
6193,6190,CA-2017-157903,20170404,20170408,42,1869,13,4,383.84,4,0.2,47.98
6194,6191,CA-2016-157259,20161224,20161228,392,253,266,4,799.56,9,0.0,207.8856
6195,6192,CA-2017-107986,20171213,20171213,547,1358,627,2,31.44,3,0.0,8.4888
6196,6193,CA-2017-104927,20171222,20171226,21,1028,156,4,25.92,5,0.2,9.072
6197,6194,CA-2017-104927,20171222,20171226,21,785,156,4,6.33,5,0.8,-9.8115
6198,6195,CA-2017-104927,20171222,20171226,21,1041,156,4,75.88,5,0.2,26.558
6199,6196,CA-2017-113453,20171021,20171028,158,1866,307,4,329.988,2,0.4,-76.9972
6200,6197,CA-2017-113453,20171021,20171028,158,1322,307,4,71.376,3,0.2,-4.461
6201,6198,CA-2015-149909,20151113,20151117,619,1086,37,4,63.77,7,0.0,28.6965
6202,6199,CA-2015-149909,20151113,20151117,619,1758,37,4,50.97,3,0.0,13.2522
6203,6200,CA-2015-149909,20151113,20151117,619,1144,37,4,96.08,2,0.0,46.1184
6204,6201,CA-2015-146675,20150416,20150420,666,1633,15,4,1439.968,4,0.2,485.9892
6205,6202,CA-2015-146675,20150416,20150420,666,1607,15,4,43.56,3,0.2,-4.9005
6206,6203,CA-2016-118332,20161216,20161223,598,75,467,4,563.92,5,0.2,7.049
6207,6204,CA-2016-133669,20161021,20161027,724,1746,279,4,235.152,8,0.4,-47.0304
6208,6205,CA-2017-145660,20171201,20171203,503,243,290,1,7.712,2,0.2,1.7352
6209,6206,CA-2016-133697,20161020,20161024,162,1086,156,3,51.016,7,0.2,15.9425
6210,6207,CA-2016-133697,20161020,20161024,162,946,156,3,25.248,4,0.2,7.89
6211,6208,CA-2016-133697,20161020,20161024,162,93,156,3,56.686,1,0.3,-14.5764
6212,6209,CA-2017-148138,20170929,20171003,500,1326,290,4,51.168,2,0.2,-6.396
6213,6210,CA-2017-119809,20170818,20170825,791,807,627,4,2793.528,9,0.2,942.8157
6214,6211,CA-2017-119809,20170818,20170825,791,1411,627,4,1000.02,7,0.0,290.0058
6215,6212,CA-2017-119809,20170818,20170825,791,188,627,4,65.94,3,0.0,22.4196
6216,6213,CA-2017-149944,20171112,20171116,485,950,621,3,18.24,3,0.0,9.12
6217,6214,CA-2017-149944,20171112,20171116,485,478,621,3,76.12,2,0.0,22.0748
6218,6215,CA-2014-128538,20141011,20141015,56,869,521,4,7.64,1,0.0,3.7436
6219,6216,CA-2015-161711,20151128,20151203,488,143,266,4,68.16,3,0.0,27.9456
6220,6217,CA-2015-161711,20151128,20151203,488,877,266,4,62.24,8,0.0,29.2528
6221,6218,US-2015-129553,20150727,20150802,592,1888,386,4,29.97,3,0.0,0.2997
6222,6219,CA-2016-160220,20161020,20161026,410,1745,85,4,125.7,6,0.0,35.196
6223,6220,CA-2016-160220,20161020,20161026,410,1760,85,4,191.98,2,0.0,51.8346
6224,6221,CA-2016-160220,20161020,20161026,410,1330,85,4,20.86,7,0.0,1.4602
6225,6222,US-2017-157224,20170914,20170918,343,958,502,3,56.7,9,0.0,26.082
6226,6223,CA-2017-140627,20171223,20171227,213,143,430,4,72.704,4,0.2,19.0848
6227,6224,CA-2017-140627,20171223,20171227,213,494,430,4,12.264,7,0.2,1.0731
6228,6225,CA-2017-140627,20171223,20171227,213,1429,430,4,218.352,3,0.2,-54.588
6229,6226,CA-2015-133445,20151005,20151009,363,36,598,4,66.294,1,0.7,-103.8606
6230,6227,CA-2015-133445,20151005,20151009,363,56,598,4,291.168,4,0.2,-14.5584
6231,6228,CA-2014-148782,20141102,20141107,603,1827,158,4,88.776,3,0.2,7.7679
6232,6229,CA-2016-148208,20160122,20160127,115,1862,278,4,110.376,4,0.4,-20.2356
6233,6230,CA-2016-148208,20160122,20160127,115,1486,278,4,55.176,3,0.2,15.8631
6234,6231,CA-2017-127656,20170711,20170717,578,518,58,4,30.32,4,0.0,11.8248
6235,6232,US-2017-142188,20170911,20170911,362,104,628,2,177.568,2,0.2,8.8784
6236,6233,US-2017-142188,20170911,20170911,362,1168,628,2,19.44,3,0.0,9.3312
6237,6234,US-2017-142188,20170911,20170911,362,1274,628,2,71.28,11,0.0,34.2144
6238,6235,US-2017-142188,20170911,20170911,362,842,628,2,1471.96,5,0.2,459.9875
6239,6236,US-2017-142188,20170911,20170911,362,1709,628,2,79.96,5,0.2,-17.991
6240,6237,CA-2016-144400,20160223,20160227,12,908,304,4,57.576,3,0.2,21.591
6241,6238,US-2016-155180,20160122,20160129,736,837,263,4,26.336,4,0.2,9.2176
6242,6239,CA-2015-134075,20151212,20151216,317,309,536,4,166.5,3,0.0,21.645
6243,6240,CA-2015-134075,20151212,20151216,317,1366,536,4,360.38,2,0.0,93.6988
6244,6241,US-2016-131912,20161029,20161101,464,827,499,3,11.744,1,0.2,3.8168
6245,6242,CA-2017-141572,20170528,20170531,467,179,233,3,247.44,8,0.0,101.4504
6246,6243,CA-2014-134621,20141221,20141228,233,683,428,4,18.24,2,0.7,-14.592
6247,6244,CA-2016-165561,20161124,20161128,167,1480,614,4,25.35,3,0.0,7.605
6248,6245,CA-2015-112305,20151120,20151125,417,554,628,4,119.04,6,0.0,30.9504
6249,6246,CA-2015-112305,20151120,20151125,417,224,628,4,22.14,3,0.0,6.4206
6250,6247,CA-2015-112305,20151120,20151125,417,1540,628,4,13.98,2,0.0,6.0114
6251,6248,CA-2017-121580,20170529,20170604,521,672,37,4,43.41,1,0.0,19.9686
6252,6249,CA-2017-121580,20170529,20170604,521,286,37,4,6.24,3,0.0,2.6208
6253,6250,CA-2017-121580,20170529,20170604,521,420,37,4,465.16,2,0.0,120.9416
6254,6251,CA-2017-121580,20170529,20170604,521,1271,37,4,7.98,1,0.0,3.99
6255,6252,CA-2014-101147,20141202,20141204,489,472,9,1,2.394,1,0.8,-6.3441
6256,6253,CA-2014-165806,20140407,20140407,781,1240,376,2,58.32,9,0.0,27.9936
6257,6254,CA-2014-165806,20140407,20140407,781,1891,376,2,200.97,3,0.0,50.2425
6258,6255,CA-2015-151624,20150908,20150914,787,197,322,4,21.36,8,0.0,8.1168
6259,6256,CA-2017-139444,20170909,20170915,303,959,172,4,9.856,4,0.2,3.4496
6260,6257,CA-2015-133977,20150906,20150908,59,776,368,3,3.444,1,0.7,-2.5256
6261,6258,CA-2017-141425,20171102,20171106,51,1448,279,3,384.592,2,0.2,-81.7258
6262,6259,CA-2015-133536,20150328,20150330,370,909,263,3,22.92,3,0.0,11.2308
6263,6260,CA-2015-150441,20150813,20150817,617,789,49,3,11.36,4,0.0,5.5664
6264,6261,CA-2015-162607,20150512,20150518,652,769,629,4,14.592,3,0.2,4.9248
6265,6262,CA-2017-103506,20170723,20170727,471,973,260,4,41.4,4,0.0,19.872
6266,6263,CA-2016-132479,20160924,20160926,518,840,29,1,442.372,7,0.8,-729.9138
6267,6264,CA-2017-160724,20170505,20170510,791,856,373,4,34.5,3,0.0,15.525
6268,6265,US-2016-115952,20161006,20161006,371,845,120,2,28.85,5,0.0,14.425
6269,6266,CA-2014-146731,20141103,20141108,60,1036,437,4,3.488,2,0.2,1.1772
6270,6267,CA-2014-146731,20141103,20141108,60,1099,437,4,143.856,9,0.2,48.5514
6271,6268,CA-2015-115392,20151001,20151004,650,1804,221,3,311.98,2,0.0,93.594
6272,6269,CA-2015-115392,20151001,20151004,650,678,221,3,22.45,5,0.0,10.327
6273,6270,CA-2017-102379,20171202,20171206,66,1751,511,4,39.992,1,0.2,-7.9984
6274,6271,CA-2017-102379,20171202,20171206,66,137,511,4,1159.056,9,0.2,43.4646
6275,6272,CA-2017-102379,20171202,20171206,66,619,511,4,179.9,5,0.0,44.975
6276,6273,CA-2017-149706,20171211,20171212,57,1516,25,1,116.312,7,0.2,23.2624
6277,6274,US-2016-139087,20160717,20160722,217,199,628,3,12.42,3,0.0,4.4712
6278,6275,US-2016-139087,20160717,20160722,217,1614,628,3,428.4,3,0.0,89.964
6279,6276,US-2016-139087,20160717,20160722,217,298,628,3,24.75,5,0.0,10.89
6280,6277,US-2016-139087,20160717,20160722,217,972,628,3,87.71,7,0.0,41.2237
6281,6278,US-2016-139087,20160717,20160722,217,1328,628,3,69.52,2,0.0,17.38
6282,6279,US-2016-139087,20160717,20160722,217,1711,628,3,20.784,2,0.2,-4.6764
6283,6280,US-2016-139087,20160717,20160722,217,648,628,3,12.816,3,0.2,4.1652
6284,6281,CA-2017-152226,20170512,20170516,371,966,277,4,5.904,2,0.2,1.9926
6285,6282,CA-2015-116484,20151120,20151126,376,241,290,4,63.824,2,0.2,9.5736
6286,6283,CA-2015-116484,20151120,20151126,376,1427,290,4,141.552,3,0.2,-26.541
6287,6284,CA-2016-100944,20160924,20160928,258,873,503,4,304.9,5,0.0,143.303
6288,6285,CA-2016-100944,20160924,20160928,258,66,503,4,563.24,5,0.2,56.324
6289,6286,CA-2016-125080,20161021,20161026,787,361,287,4,661.176,2,0.4,-231.4116
6290,6287,CA-2016-121020,20161024,20161031,143,1739,434,4,239.976,3,0.2,17.9982
6291,6288,CA-2014-100090,20140708,20140712,247,366,534,4,502.488,3,0.2,-87.9354
6292,6289,CA-2014-100090,20140708,20140712,247,710,534,4,196.704,6,0.2,68.8464
6293,6290,US-2015-139675,20150313,20150318,563,121,472,3,915.136,4,0.2,102.9528
6294,6291,US-2015-139675,20150313,20150318,563,210,472,3,327.76,8,0.0,91.7728
6295,6292,CA-2017-143756,20171202,20171205,499,79,447,1,701.96,2,0.0,168.4704
6296,6293,CA-2015-151253,20150422,20150426,64,1827,499,4,88.776,3,0.2,7.7679
6297,6294,CA-2015-151253,20150422,20150426,64,637,499,4,64.14,3,0.0,16.6764
6298,6295,CA-2014-141152,20140916,20140919,640,768,265,1,33.552,1,0.2,12.582
6299,6296,CA-2014-141313,20141228,20150101,37,441,220,4,1737.18,6,0.0,503.7822
6300,6297,CA-2014-141313,20141228,20150101,37,1336,220,4,704.25,5,0.0,84.51
6301,6298,CA-2014-141313,20141228,20150101,37,1234,220,4,141.76,4,0.0,66.6272
6302,6299,CA-2014-169852,20141021,20141026,687,703,529,4,36.36,3,0.2,12.2715
6303,6300,CA-2017-107314,20171130,20171203,551,263,532,1,25.83,3,0.0,9.5571
6304,6301,US-2014-161305,20140606,20140612,665,759,9,4,24.588,3,0.8,-38.1114
6305,6302,US-2014-161305,20140606,20140612,665,861,9,4,13.984,2,0.2,4.7196
6306,6303,CA-2017-166919,20171123,20171127,32,1746,142,4,195.96,5,0.2,19.596
6307,6304,CA-2017-162712,20170618,20170620,567,1039,139,3,74.352,3,0.2,23.235
6308,6305,CA-2017-107552,20170505,20170505,36,1213,266,2,6.68,1,0.0,3.2064
6309,6306,CA-2016-163328,20161104,20161106,759,1460,594,3,17.584,7,0.2,-4.1762
6310,6307,CA-2016-163328,20161104,20161106,759,105,594,3,104.784,1,0.2,-14.4078
6311,6308,CA-2016-163328,20161104,20161106,759,1282,594,3,47.952,3,0.2,16.7832
6312,6309,CA-2016-163328,20161104,20161106,759,54,594,3,650.352,3,0.2,-97.5528
6313,6310,CA-2016-163328,20161104,20161106,759,1011,594,3,629.184,8,0.2,228.0792
6314,6311,CA-2016-163328,20161104,20161106,759,1041,594,3,15.176,1,0.2,5.3116
6315,6312,CA-2014-112837,20140911,20140916,481,287,514,4,127.95,3,0.0,21.7515
6316,6313,CA-2017-120019,20170216,20170221,564,1379,198,4,579.51,3,0.0,81.1314
6317,6314,CA-2017-120019,20170216,20170221,564,1736,198,4,14.99,1,0.0,7.3451
6318,6315,CA-2014-100762,20141124,20141129,564,491,73,4,151.92,4,0.0,45.576
6319,6316,CA-2014-100762,20141124,20141129,564,1011,73,4,196.62,2,0.0,96.3438
6320,6317,CA-2014-100762,20141124,20141129,564,1148,73,4,144.12,3,0.0,69.1776
6321,6318,CA-2014-100762,20141124,20141129,564,1271,73,4,15.96,2,0.0,7.98
6322,6319,CA-2017-161459,20171125,20171129,248,1860,491,3,39.96,5,0.2,3.4965
6323,6320,CA-2017-161459,20171125,20171129,248,1188,491,3,34.08,6,0.0,15.336
6324,6321,CA-2017-160017,20170928,20171002,710,1145,345,4,10.368,2,0.2,3.6288
6325,6322,CA-2014-123316,20141013,20141017,707,758,261,4,7.752,3,0.2,2.8101
6326,6323,CA-2014-141299,20140603,20140607,628,909,76,3,15.28,2,0.0,7.4872
6327,6324,CA-2014-104402,20140617,20140623,199,1647,207,4,65.97,3,0.0,31.0059
6328,6325,CA-2015-110289,20151029,20151102,554,1216,532,4,33.4,5,0.0,16.032
6329,6326,CA-2015-110289,20151029,20151102,554,872,532,4,210.84,4,0.0,103.3116
6330,6327,CA-2014-167927,20140120,20140126,789,1338,86,4,13.98,1,0.0,4.0542
6331,6328,CA-2014-167927,20140120,20140126,789,244,86,4,272.94,3,0.0,30.0234
6332,6329,CA-2014-167927,20140120,20140126,789,671,86,4,19.05,5,0.0,8.9535
6333,6330,CA-2014-167927,20140120,20140126,789,431,86,4,247.716,4,0.1,93.5816
6334,6331,CA-2014-167927,20140120,20140126,789,1407,86,4,66.58,2,0.0,15.9792
6335,6332,CA-2014-167927,20140120,20140126,789,630,86,4,43.92,3,0.0,12.7368
6336,6333,CA-2014-167927,20140120,20140126,789,222,86,4,14.73,3,0.0,4.8609
6337,6334,CA-2014-167927,20140120,20140126,789,832,86,4,29.7,5,0.0,13.365
6338,6335,CA-2014-133305,20140711,20140715,512,1162,264,4,49.12,4,0.0,23.0864
6339,6336,CA-2014-133305,20140711,20140715,512,770,264,4,18.28,5,0.2,6.398
6340,6337,CA-2016-165995,20160830,20160906,88,163,499,4,47.04,4,0.0,15.9936
6341,6338,CA-2016-165995,20160830,20160906,88,1889,499,4,339.96,5,0.2,42.495
6342,6339,CA-2017-143112,20171005,20171009,765,1831,266,4,87.8,4,0.0,43.9
6343,6340,CA-2017-143112,20171005,20171009,765,100,266,4,221.382,2,0.1,2.4598
6344,6341,CA-2017-143112,20171005,20171009,765,1657,266,4,5199.96,4,0.0,1351.9896
6345,6342,US-2017-105830,20161231,20170102,199,1396,288,1,156.512,4,0.2,-35.2152
6346,6343,CA-2015-146255,20150307,20150310,273,1609,207,1,119.85,3,0.0,52.734
6347,6344,CA-2015-146255,20150307,20150310,273,661,207,1,30.44,2,0.0,14.9156
6348,6345,CA-2015-146255,20150307,20150310,273,723,207,1,69.28,2,0.0,33.2544
6349,6346,CA-2015-146255,20150307,20150310,273,1764,207,1,587.97,3,0.0,170.5113
6350,6347,CA-2017-104822,20171020,20171020,624,985,265,2,24.55,5,0.0,12.0295
6351,6348,CA-2015-104486,20150501,20150506,603,661,532,4,12.176,1,0.2,4.4138
6352,6349,CA-2015-104486,20150501,20150506,603,1341,532,4,37.32,3,0.0,10.4496
6353,6350,CA-2015-104486,20150501,20150506,603,1465,532,4,35.06,2,0.0,10.518
6354,6351,CA-2017-161557,20170903,20170908,27,310,141,4,108.4,5,0.6,-105.69
6355,6352,CA-2017-161130,20171103,20171108,85,1806,352,4,361.376,2,0.2,27.1032
6356,6353,US-2015-161347,20150913,20150919,322,823,304,4,2.412,1,0.7,-2.01
6357,6354,US-2015-109015,20150906,20150912,107,424,264,4,8.39,1,0.0,2.0975
6358,6355,US-2015-109015,20150906,20150912,107,1826,264,4,337.98,2,0.0,101.394
6359,6356,CA-2014-110611,20141006,20141013,351,1332,304,4,83.92,5,0.2,-13.637
6360,6357,CA-2017-139080,20170123,20170128,176,720,627,4,19.68,5,0.2,6.888
6361,6358,CA-2017-139080,20170123,20170128,176,1296,627,4,25.92,4,0.0,12.4416
6362,6359,CA-2017-139080,20170123,20170128,176,1184,627,4,6.48,1,0.0,3.1104
6363,6360,CA-2017-139080,20170123,20170128,176,1864,627,4,86.352,6,0.2,8.6352
6364,6361,CA-2015-115693,20151210,20151215,281,598,500,4,56.3,2,0.0,15.764
6365,6362,US-2014-107993,20141125,20141130,684,582,601,4,51.016,7,0.2,8.2901
6366,6363,CA-2017-110443,20171121,20171125,148,716,626,4,150.8,5,0.2,56.55
6367,6364,CA-2017-110443,20171121,20171125,148,1666,626,4,1039.992,1,0.2,103.9992
6368,6365,CA-2017-110443,20171121,20171125,148,1254,626,4,51.84,8,0.0,24.8832
6369,6366,CA-2017-144848,20170404,20170405,236,1858,263,1,41.22,1,0.0,11.1294
6370,6367,CA-2017-144848,20170404,20170405,236,1448,263,1,240.37,1,0.0,7.2111
6371,6368,CA-2017-144848,20170404,20170405,236,1791,263,1,119.02,2,0.0,33.3256
6372,6369,US-2017-147998,20170519,20170524,664,737,536,4,133.12,5,0.2,49.92
6373,6370,CA-2016-103919,20161003,20161007,759,198,149,4,38.08,5,0.6,-29.512
6374,6371,CA-2016-113425,20161121,20161121,383,23,263,2,113.568,2,0.2,12.7764
6375,6372,CA-2017-143035,20171003,20171005,133,206,263,3,83.92,4,0.0,21.8192
6376,6373,CA-2017-143035,20171003,20171005,133,515,263,3,6.63,3,0.0,3.1161
6377,6374,CA-2017-143035,20171003,20171005,133,1541,263,3,371.97,3,0.0,66.9546
6378,6375,CA-2014-107811,20140429,20140503,448,72,435,4,561.584,2,0.2,70.198
6379,6376,CA-2014-107811,20140429,20140503,448,1340,435,4,99.92,5,0.2,-1.249
6380,6377,CA-2016-163216,20161007,20161010,62,959,307,1,4.928,2,0.2,1.7248
6381,6378,US-2016-116442,20161215,20161222,103,224,498,4,14.76,2,0.0,4.2804
6382,6379,CA-2017-150623,20170410,20170414,195,1613,205,4,99.99,1,0.0,41.9958
6383,6380,CA-2017-150623,20170410,20170414,195,1422,205,4,286.15,5,0.0,71.5375
6384,6381,US-2014-163797,20140408,20140413,588,934,454,4,49.792,8,0.2,-11.8256
6385,6382,CA-2016-127236,20160329,20160402,740,41,296,4,299.975,5,0.5,-167.986
6386,6383,CA-2016-127236,20160329,20160402,740,1710,296,4,158.376,4,0.4,-36.9544
6387,6384,US-2017-104661,20170115,20170118,735,710,128,1,32.784,4,0.8,-52.4544
6388,6385,US-2017-104661,20170115,20170118,735,1592,128,1,47.984,2,0.2,14.3952
6389,6386,US-2017-104661,20170115,20170118,735,1550,128,1,62.592,8,0.2,13.3008
6390,6387,US-2017-104661,20170115,20170118,735,690,128,1,4.276,1,0.8,-6.6278
6391,6388,CA-2014-134103,20140130,20140204,546,1106,70,4,10.56,2,0.0,4.752
6392,6389,CA-2014-134103,20140130,20140204,546,1347,70,4,229.94,2,0.0,6.8982
6393,6390,CA-2015-147529,20150207,20150211,211,860,448,4,311.15,5,0.0,146.2405
6394,6391,CA-2015-147529,20150207,20150211,211,1236,448,4,12.96,2,0.0,6.3504
6395,6392,CA-2016-129126,20161214,20161219,598,1122,264,4,14.62,2,0.0,6.7252
6396,6393,CA-2016-129126,20161214,20161219,598,1000,264,4,5.76,2,0.0,2.8224
6397,6394,CA-2016-129126,20161214,20161219,598,922,264,4,21.48,6,0.0,10.5252
6398,6395,CA-2016-129126,20161214,20161219,598,245,264,4,396.92,4,0.0,198.46
6399,6396,CA-2016-129126,20161214,20161219,598,1436,264,4,17.15,1,0.0,4.6305
6400,6397,CA-2016-129126,20161214,20161219,598,658,264,4,23.12,2,0.2,7.803
6401,6398,CA-2017-131632,20171031,20171104,30,601,141,4,5.248,2,0.2,0.5904
6402,6399,CA-2017-151981,20170806,20170812,305,1847,233,4,824.95,5,0.0,247.485
6403,6400,CA-2017-151981,20170806,20170812,305,987,233,4,24.64,8,0.0,11.8272
6404,6401,CA-2017-151981,20170806,20170812,305,491,233,4,227.88,6,0.0,68.364
6405,6402,CA-2017-125472,20170530,20170531,74,2,392,1,241.96,2,0.0,33.8744
6406,6403,CA-2017-125472,20170530,20170531,74,670,392,1,3.89,1,0.0,1.8672
6407,6404,CA-2017-125472,20170530,20170531,74,197,392,1,8.01,3,0.0,3.0438
6408,6405,CA-2015-156328,20151130,20151205,649,1742,414,4,177.48,3,0.2,19.9665
6409,6406,CA-2017-154074,20170831,20170902,119,91,630,3,569.568,2,0.2,7.1196
6410,6407,CA-2017-154074,20170831,20170902,119,1391,630,3,149.73,7,0.0,43.4217
6411,6408,CA-2017-161774,20170514,20170515,312,120,154,1,899.43,5,0.3,-12.849
6412,6409,CA-2017-161774,20170514,20170515,312,529,154,1,46.2,5,0.2,5.775
6413,6410,CA-2017-161774,20170514,20170515,312,1051,154,1,47.952,3,0.2,16.1838
6414,6411,CA-2017-161774,20170514,20170515,312,1860,154,1,7.992,1,0.2,0.6993
6415,6412,CA-2017-161774,20170514,20170515,312,1227,154,1,76.864,2,0.2,26.9024
6416,6413,CA-2017-151211,20170817,20170823,30,757,386,4,102.93,3,0.0,48.3771
6417,6414,CA-2017-151211,20170817,20170823,30,1610,386,4,98.16,6,0.0,9.816
6418,6415,CA-2017-142671,20171110,20171114,235,817,343,3,11.52,5,0.7,-7.68
6419,6416,CA-2017-144750,20170821,20170821,222,1238,454,2,83.88,1,0.2,29.358
6420,6417,CA-2016-111976,20160308,20160312,72,1825,304,4,108.576,4,0.4,-25.3344
6421,6418,CA-2016-111976,20160308,20160312,72,956,304,4,5.984,2,0.2,-1.3464
6422,6419,CA-2016-140130,20161031,20161105,334,1454,120,4,21.96,2,0.0,6.1488
6423,6420,CA-2016-140130,20161031,20161105,334,86,120,4,368.97,3,0.0,81.1734
6424,6421,CA-2016-140130,20161031,20161105,334,626,120,4,12.39,3,0.0,3.4692
6425,6422,CA-2016-140130,20161031,20161105,334,1351,120,4,332.94,3,0.0,9.9882
6426,6423,CA-2014-159121,20140726,20140801,397,1539,603,4,111.93,7,0.0,34.6983
6427,6424,CA-2015-149650,20151024,20151027,633,117,511,1,454.272,8,0.2,-73.8192
6428,6425,CA-2017-115777,20170819,20170824,229,1073,225,4,19.44,3,0.0,9.3312
6429,6426,CA-2016-143714,20160523,20160527,132,1641,304,4,8399.976,4,0.4,1119.9968
6430,6427,CA-2016-143714,20160523,20160527,132,828,304,4,6.294,1,0.7,-4.196
6431,6428,CA-2016-143714,20160523,20160527,132,1029,304,4,10.368,2,0.2,3.6288
6432,6429,CA-2016-143714,20160523,20160527,132,1861,304,4,122.382,3,0.4,-24.4764
6433,6430,CA-2014-165764,20141103,20141107,693,1371,412,4,25.984,2,0.2,-1.624
6434,6431,CA-2014-165764,20141103,20141107,693,341,412,4,945.036,6,0.4,-299.2614
6435,6432,CA-2014-165764,20141103,20141107,693,772,412,4,14.301,7,0.7,-10.4874
6436,6433,CA-2014-165764,20141103,20141107,693,185,412,4,410.352,3,0.2,-51.294
6437,6434,CA-2015-121405,20150330,20150404,282,1151,8,4,23.52,5,0.2,8.526
6438,6435,CA-2015-121405,20150330,20150404,282,1825,8,4,180.96,5,0.2,13.572
6439,6436,US-2017-116897,20170527,20170529,366,325,575,1,35.0,4,0.0,14.7
6440,6437,US-2017-116897,20170527,20170529,366,1311,575,1,477.15,5,0.0,28.629
6441,6438,US-2017-116897,20170527,20170529,366,1871,575,1,302.376,3,0.2,22.6782
6442,6439,US-2017-113992,20171214,20171219,452,328,172,4,974.988,4,0.3,-97.4988
6443,6440,CA-2014-166891,20141004,20141006,131,105,265,1,589.41,5,0.1,-6.549
6444,6441,CA-2016-101161,20161013,20161020,119,541,265,4,34.7,5,0.0,12.492
6445,6442,CA-2016-101161,20161013,20161020,119,1407,265,4,99.87,3,0.0,23.9688
6446,6443,CA-2016-101161,20161013,20161020,119,1115,265,4,37.94,2,0.0,18.2112
6447,6444,CA-2016-101161,20161013,20161020,119,964,265,4,24.9,5,0.0,11.454
6448,6445,CA-2016-101161,20161013,20161020,119,264,265,4,82.26,3,0.0,33.7266
6449,6446,CA-2015-151785,20150305,20150310,374,921,9,4,7.104,6,0.2,2.4864
6450,6447,US-2017-119816,20170304,20170306,773,318,156,3,103.5,5,0.6,-77.625
6451,6448,US-2017-119816,20170304,20170306,773,991,156,3,2.464,1,0.2,0.8624
6452,6449,US-2017-119816,20170304,20170306,773,1344,156,3,8.72,1,0.2,0.654
6453,6450,CA-2015-156510,20150925,20150929,260,677,200,4,10.76,2,0.0,5.1648
6454,6451,CA-2015-156510,20150925,20150929,260,1177,200,4,45.68,2,0.0,21.0128
6455,6452,CA-2015-156510,20150925,20150929,260,643,200,4,6.7,1,0.0,2.211
6456,6453,US-2015-110261,20151219,20151223,608,1767,18,3,158.376,3,0.2,13.8579
6457,6454,CA-2015-125710,20151008,20151013,116,501,153,4,3.44,2,0.2,0.559
6458,6455,CA-2017-161102,20170731,20170803,255,1414,533,1,56.56,2,0.0,15.2712
6459,6456,CA-2017-161102,20170731,20170803,255,252,533,1,36.96,7,0.0,11.4576
6460,6457,CA-2014-110065,20140805,20140811,709,1802,263,4,135.99,1,0.0,36.7173
6461,6458,CA-2014-110065,20140805,20140811,709,624,263,4,15.96,7,0.0,7.0224
6462,6459,US-2017-133361,20170514,20170517,37,545,212,1,3.76,2,0.0,1.0904
6463,6460,US-2017-133361,20170514,20170517,37,577,212,1,14.7,5,0.0,6.615
6464,6461,US-2017-133361,20170514,20170517,37,587,212,1,37.2,5,0.0,9.3
6465,6462,US-2017-133361,20170514,20170517,37,1582,212,1,89.97,3,0.0,18.8937
6466,6463,US-2017-133361,20170514,20170517,37,105,212,1,261.96,2,0.0,23.5764
6467,6464,US-2017-133361,20170514,20170517,37,1021,212,1,74.0,5,0.0,37.0
6468,6465,US-2016-155404,20160922,20160928,58,307,386,4,13.28,2,0.0,6.3744
6469,6466,CA-2015-114503,20151113,20151117,2,1418,434,4,84.96,6,0.2,6.372
6470,6467,CA-2017-153080,20170522,20170525,259,1550,499,3,68.46,7,0.0,25.3302
6471,6468,CA-2016-163804,20161202,20161208,194,1319,311,4,2079.4,5,0.0,582.232
6472,6469,CA-2016-163804,20161202,20161208,194,1722,311,4,629.95,5,0.0,176.386
6473,6470,CA-2016-163804,20161202,20161208,194,319,311,4,72.42,6,0.0,23.8986
6474,6471,CA-2015-108532,20150829,20150902,129,1767,70,4,131.98,2,0.0,35.6346
6475,6472,CA-2015-108532,20150829,20150902,129,1610,70,4,114.52,7,0.0,11.452
6476,6473,CA-2014-151897,20140606,20140610,786,972,155,4,100.24,10,0.2,33.831
6477,6474,CA-2016-113292,20160318,20160320,191,459,428,3,871.8,3,0.2,87.18
6478,6475,CA-2014-149524,20140114,20140115,107,32,306,1,61.96,4,0.5,-53.2856
6479,6476,CA-2017-140872,20170603,20170610,575,750,359,4,4.554,3,0.7,-3.4914
6480,6477,CA-2017-140872,20170603,20170610,575,460,359,4,5.2,2,0.2,0.585
6481,6478,CA-2017-140872,20170603,20170610,575,1596,359,4,205.992,1,0.2,-2.5749
6482,6479,CA-2017-140872,20170603,20170610,575,1093,359,4,15.552,3,0.2,5.4432
6483,6480,CA-2017-140872,20170603,20170610,575,1722,359,4,503.96,5,0.2,50.396
6484,6481,CA-2017-140872,20170603,20170610,575,430,359,4,24.472,7,0.2,1.8354
6485,6482,CA-2017-140872,20170603,20170610,575,25,359,4,241.568,2,0.2,0.0
6486,6483,CA-2017-140872,20170603,20170610,575,1570,359,4,110.4,2,0.2,-4.14
6487,6484,CA-2017-113908,20170603,20170609,440,346,264,4,384.768,2,0.4,-115.4304
6488,6485,CA-2017-113908,20170603,20170609,440,1680,264,4,78.66,6,0.0,36.1836
6489,6486,CA-2017-113908,20170603,20170609,440,1275,264,4,45.36,4,0.0,22.2264
6490,6487,CA-2015-120621,20150321,20150326,413,449,412,4,962.08,4,0.2,156.338
6491,6488,CA-2015-120621,20150321,20150326,413,681,412,4,12.843,3,0.7,-9.8463
6492,6489,CA-2015-120621,20150321,20150326,413,1182,412,4,295.456,14,0.2,96.0232
6493,6490,US-2017-148866,20170919,20170924,392,1302,264,4,32.4,5,0.0,15.552
6494,6491,CA-2014-149594,20140915,20140919,502,148,304,4,103.936,4,0.2,16.8896
6495,6492,CA-2016-113845,20161120,20161125,280,48,356,4,289.568,2,0.2,10.8588
6496,6493,CA-2016-113845,20161120,20161125,280,1413,356,4,39.72,5,0.2,4.4685
6497,6494,CA-2016-113845,20161120,20161125,280,1838,356,4,244.768,4,0.2,24.4768
6498,6495,CA-2017-111262,20171028,20171101,431,1545,156,3,24.0,2,0.2,-2.7
6499,6496,CA-2017-111262,20171028,20171101,431,1157,156,3,15.552,3,0.2,5.4432
6500,6497,CA-2017-111262,20171028,20171101,431,1610,156,3,26.176,2,0.2,-3.272
6501,6498,CA-2015-103135,20150724,20150728,716,189,386,4,20.94,3,0.0,6.0726
6502,6499,CA-2015-103135,20150724,20150728,716,650,386,4,135.09,9,0.0,62.1414
6503,6500,CA-2015-103135,20150724,20150728,716,1583,386,4,279.86,14,0.0,64.3678
6504,6501,CA-2015-103135,20150724,20150728,716,650,386,4,90.06,6,0.0,41.4276
6505,6502,CA-2014-129147,20141102,20141106,455,1744,292,4,539.964,6,0.4,-107.9928
6506,6503,CA-2014-129147,20141102,20141106,455,1759,292,4,50.232,7,0.4,-10.0464
6507,6504,CA-2014-129147,20141102,20141106,455,690,292,4,19.242,3,0.7,-13.4694
6508,6505,CA-2017-128265,20171117,20171122,787,1319,264,3,1247.64,3,0.0,349.3392
6509,6506,CA-2016-152331,20160626,20160630,457,533,10,4,5.304,3,0.2,0.4641
6510,6507,US-2016-128909,20161009,20161011,707,1130,307,3,19.136,4,0.2,5.98
6511,6508,US-2016-128909,20161009,20161011,707,293,307,3,332.832,4,0.2,-24.9624
6512,6509,CA-2017-102197,20171220,20171226,215,1163,263,4,279.9,5,0.0,137.151
6513,6510,CA-2017-102197,20171220,20171226,215,705,263,4,50.352,3,0.2,17.6232
6514,6511,CA-2017-102197,20171220,20171226,215,1275,263,4,34.02,3,0.0,16.6698
6515,6512,CA-2017-167640,20170306,20170310,281,581,532,4,23.88,6,0.0,8.1192
6516,6513,CA-2017-167640,20170306,20170310,281,1023,532,4,11.52,4,0.0,5.6448
6517,6514,CA-2017-167640,20170306,20170310,281,1100,532,4,286.93,7,0.0,140.5957
6518,6515,CA-2017-167640,20170306,20170310,281,1747,532,4,206.384,2,0.2,23.2182
6519,6516,US-2017-116652,20170915,20170919,631,101,534,4,218.352,3,0.2,0.0
6520,6517,US-2017-116652,20170915,20170919,631,190,534,4,529.9,5,0.0,105.98
6521,6518,US-2017-116652,20170915,20170919,631,544,534,4,99.3,10,0.0,41.706
6522,6519,US-2017-116652,20170915,20170919,631,409,534,4,108.96,2,0.0,30.5088
6523,6520,US-2017-116652,20170915,20170919,631,839,534,4,2.688,1,0.2,0.84
6524,6521,CA-2017-138289,20170116,20170118,49,859,73,3,5443.96,4,0.0,2504.2216
6525,6522,CA-2017-138289,20170116,20170118,49,129,73,3,302.67,3,0.0,72.6408
6526,6523,CA-2017-138289,20170116,20170118,49,1110,73,3,56.07,7,0.0,25.2315
6527,6524,CA-2016-129308,20160707,20160713,129,996,304,4,10.08,2,0.2,3.276
6528,6525,CA-2016-129308,20160707,20160713,129,1794,304,4,59.994,1,0.4,-12.9987
6529,6526,CA-2016-129308,20160707,20160713,129,706,304,4,5.715,5,0.7,-4.7625
6530,6527,CA-2016-129308,20160707,20160713,129,701,304,4,9.42,5,0.7,-7.85
6531,6528,CA-2016-157791,20161223,20161228,121,1635,312,3,1999.96,4,0.0,899.982
6532,6529,CA-2014-146864,20141222,20141226,115,1440,265,4,216.4,4,0.0,56.264
6533,6530,CA-2014-103744,20140223,20140227,506,1019,145,4,6.936,3,0.2,2.3409
6534,6531,CA-2014-103744,20140223,20140227,506,663,145,4,4.428,3,0.8,-6.8634
6535,6532,US-2017-107384,20171204,20171208,757,525,95,4,8.8,5,0.0,2.552
6536,6533,US-2017-107384,20171204,20171208,757,1614,95,4,142.8,1,0.0,29.988
6537,6534,US-2017-107384,20171204,20171208,757,1522,95,4,399.95,5,0.0,143.982
6538,6535,CA-2014-128209,20141117,20141122,312,702,255,4,2152.776,3,0.2,726.5619
6539,6536,CA-2014-128209,20141117,20141122,312,19,255,4,4007.84,10,0.2,-50.098
6540,6537,CA-2014-169684,20141020,20141023,286,360,433,1,328.59,3,0.4,-147.8655
6541,6538,CA-2014-169684,20141020,20141023,286,1345,433,1,98.352,3,0.2,-24.588
6542,6539,CA-2015-109862,20151025,20151030,327,1859,207,4,158.99,1,0.0,41.3374
6543,6540,CA-2015-109862,20151025,20151030,327,94,207,4,291.1,5,0.0,75.686
6544,6541,US-2017-107888,20171116,20171119,131,1118,627,1,73.68,6,0.0,34.6296
6545,6542,US-2017-107888,20171116,20171119,131,260,627,1,139.92,2,0.0,23.7864
6546,6543,US-2017-107888,20171116,20171119,131,1832,627,1,107.88,3,0.2,10.788
6547,6544,US-2017-107888,20171116,20171119,131,1407,627,1,33.29,1,0.0,7.9896
6548,6545,US-2017-154872,20170514,20170518,230,773,278,4,58.17,5,0.7,-46.536
6549,6546,US-2017-154872,20170514,20170518,230,970,278,4,5.04,2,0.2,1.764
6550,6547,US-2017-154872,20170514,20170518,230,1067,278,4,24.784,1,0.2,7.745
6551,6548,CA-2014-113880,20140301,20140305,778,65,14,4,634.116,6,0.3,-172.1172
6552,6549,CA-2014-113880,20140301,20140305,778,1221,14,4,17.472,3,0.2,5.6784
6553,6550,US-2015-164966,20150730,20150801,299,88,91,1,155.88,6,0.0,38.97
6554,6551,CA-2015-126739,20151101,20151103,373,56,266,3,327.564,4,0.1,21.8376
6555,6552,CA-2017-161578,20171216,20171221,624,1216,501,3,13.36,2,0.0,6.4128
6556,6553,CA-2017-161578,20171216,20171221,624,1386,501,3,158.9,5,0.0,7.945
6557,6554,CA-2014-137092,20141020,20141022,473,1527,10,3,319.968,4,0.2,71.9928
6558,6555,CA-2014-137092,20141020,20141022,473,1425,10,3,505.32,3,0.2,31.5825
6559,6556,CA-2014-137092,20141020,20141022,473,1171,10,3,3.808,1,0.2,1.2376
6560,6557,CA-2014-137092,20141020,20141022,473,672,10,3,8.682,1,0.8,-14.7594
6561,6558,CA-2014-137092,20141020,20141022,473,1004,10,3,24.424,1,0.2,7.9378
6562,6559,CA-2015-166947,20150605,20150610,248,138,255,4,1522.638,9,0.1,169.182
6563,6560,CA-2016-160941,20160721,20160726,211,890,524,4,419.9,5,0.0,197.353
6564,6561,CA-2016-160941,20160721,20160726,211,1009,524,4,3.15,1,0.0,1.512
6565,6562,CA-2017-144680,20170331,20170402,672,451,127,1,33.62,5,0.8,-90.774
6566,6563,CA-2014-166086,20140507,20140512,182,688,225,4,16.14,3,0.0,7.9086
6567,6564,CA-2014-166086,20140507,20140512,182,363,225,4,194.25,2,0.3,-38.85
6568,6565,CA-2014-166086,20140507,20140512,182,566,225,4,8.64,3,0.0,2.5056
6569,6566,CA-2014-166086,20140507,20140512,182,130,225,4,872.32,4,0.0,244.2496
6570,6567,CA-2017-131282,20170205,20170208,126,844,182,3,243.992,4,0.8,-426.986
6571,6568,CA-2017-131282,20170205,20170208,126,579,182,3,7.12,5,0.2,0.712
6572,6569,CA-2014-100678,20140418,20140422,439,542,156,4,2.688,2,0.2,1.008
6573,6570,CA-2014-100678,20140418,20140422,439,95,156,4,317.058,3,0.3,-18.1176
6574,6571,CA-2014-100678,20140418,20140422,439,860,156,4,149.352,3,0.2,50.4063
6575,6572,CA-2014-100678,20140418,20140422,439,1494,156,4,227.976,3,0.2,28.497
6576,6573,CA-2016-161543,20160510,20160516,634,1264,628,4,11.96,2,0.0,5.8604
6577,6574,CA-2016-160535,20161125,20161130,99,1336,251,4,563.4,4,0.0,67.608
6578,6575,CA-2016-160535,20161125,20161130,99,1700,251,4,319.92,8,0.0,118.3704
6579,6576,CA-2017-123085,20170303,20170308,264,1506,499,4,1049.44,8,0.0,440.7648
6580,6577,CA-2017-123085,20170303,20170308,264,118,499,4,170.352,3,0.2,-17.0352
6581,6578,CA-2015-153752,20151206,20151211,652,1763,440,3,173.94,6,0.0,50.4426
6582,6579,CA-2014-103660,20140825,20140830,547,1734,627,4,1007.944,7,0.2,75.5958
6583,6580,CA-2016-169887,20161022,20161022,538,1217,628,2,6.68,1,0.0,3.2064
6584,6581,CA-2016-169887,20161022,20161022,538,570,628,2,8.34,3,0.0,2.2518
6585,6582,CA-2016-169887,20161022,20161022,538,250,628,2,101.94,3,0.0,30.582
6586,6583,CA-2016-148516,20160807,20160811,243,1590,618,4,179.97,3,0.0,86.3856
6587,6584,CA-2017-104731,20170721,20170727,42,604,447,4,101.94,6,0.0,29.5626
6588,6585,CA-2017-104731,20170721,20170727,42,1815,447,4,271.96,4,0.0,67.99
6589,6586,CA-2017-104731,20170721,20170727,42,257,447,4,8.8,5,0.0,3.872
6590,6587,CA-2017-104731,20170721,20170727,42,611,447,4,19.68,6,0.0,5.7072
6591,6588,CA-2017-104731,20170721,20170727,42,33,447,4,302.94,3,0.0,69.6762
6592,6589,CA-2017-104731,20170721,20170727,42,783,447,4,14.94,3,0.0,7.1712
6593,6590,CA-2017-104731,20170721,20170727,42,1468,447,4,231.72,2,0.0,11.586
6594,6591,CA-2014-164749,20140323,20140326,88,1020,339,1,9.912,3,0.2,3.2214
6595,6592,CA-2015-103716,20150430,20150506,418,502,533,4,34.65,3,0.0,9.702
6596,6593,CA-2015-103716,20150430,20150506,418,1718,533,4,19.8,5,0.2,1.7325
6597,6594,CA-2016-126795,20160613,20160616,312,729,265,3,33.568,2,0.2,11.7488
6598,6595,CA-2015-146290,20150504,20150511,723,543,40,4,125.93,7,0.0,35.2604
6599,6596,CA-2017-157112,20170423,20170426,298,659,279,1,11.76,5,0.7,-7.84
6600,6597,CA-2017-157112,20170423,20170426,298,1147,279,1,5.344,1,0.2,1.8704
6601,6598,CA-2014-169257,20140606,20140612,722,753,345,4,1.365,1,0.7,-0.91
6602,6599,CA-2014-169257,20140606,20140612,722,1185,345,4,62.016,2,0.2,22.4808
6603,6600,CA-2014-154095,20141202,20141207,580,280,213,4,60.72,3,0.0,23.6808
6604,6601,CA-2014-154095,20141202,20141207,580,1212,213,4,146.82,3,0.0,73.41
6605,6602,CA-2014-154095,20141202,20141207,580,132,213,4,239.84,8,0.0,64.7568
6606,6603,CA-2014-154095,20141202,20141207,580,969,213,4,15.66,6,0.0,7.2036
6607,6604,CA-2017-146346,20170617,20170620,620,1362,559,1,146.352,3,0.2,-32.9292
6608,6605,CA-2016-148852,20160526,20160531,722,947,539,4,5.94,3,0.0,0.0
6609,6606,CA-2016-148852,20160526,20160531,722,1114,539,4,45.36,7,0.0,21.7728
6610,6607,CA-2016-148852,20160526,20160531,722,1854,539,4,211.168,4,0.2,23.7564
6611,6608,CA-2016-148852,20160526,20160531,722,134,539,4,484.704,6,0.2,-84.8232
6612,6609,CA-2016-148852,20160526,20160531,722,1671,539,4,371.976,3,0.2,116.2425
6613,6610,US-2015-118906,20150310,20150310,418,1392,213,2,89.82,6,0.0,25.1496
6614,6611,CA-2016-168921,20161020,20161022,23,823,503,1,19.296,3,0.2,6.03
6615,6612,CA-2015-107678,20150421,20150428,382,80,386,4,191.96,2,0.0,51.8292
6616,6613,CA-2015-107678,20150421,20150428,382,742,386,4,21.3,3,0.0,9.798
6617,6614,CA-2015-107678,20150421,20150428,382,1784,386,4,469.95,5,0.0,131.586
6618,6615,CA-2015-107678,20150421,20150428,382,260,386,4,209.88,3,0.0,35.6796
6619,6616,CA-2016-123512,20160617,20160619,546,42,502,1,239.666,2,0.15,14.098
6620,6617,CA-2016-123512,20160617,20160619,546,957,502,1,22.5,6,0.0,10.8
6621,6618,CA-2016-123512,20160617,20160619,546,1123,502,1,219.84,4,0.0,107.7216
6622,6619,US-2017-167402,20170113,20170118,165,1309,108,3,32.4,5,0.0,15.552
6623,6620,US-2017-167402,20170113,20170118,165,618,108,3,209.94,6,0.0,54.5844
6624,6621,US-2017-167402,20170113,20170118,165,1466,108,3,4164.05,5,0.0,83.281
6625,6622,US-2017-167402,20170113,20170118,165,11,108,3,212.94,3,0.0,53.235
6626,6623,CA-2014-130449,20140906,20140909,784,189,532,1,41.88,6,0.0,12.1452
6627,6624,CA-2014-130449,20140906,20140909,784,983,532,1,58.48,8,0.0,27.4856
6628,6625,CA-2015-141250,20150119,20150123,600,357,179,4,102.438,1,0.3,-13.1706
6629,6626,CA-2015-141250,20150119,20150123,600,135,179,4,199.304,4,0.3,-8.5416
6630,6627,CA-2014-145541,20141214,20141221,738,1658,265,4,6999.96,4,0.0,2239.9872
6631,6628,CA-2014-138513,20140523,20140527,260,1229,614,4,12.96,2,0.0,6.2208
6632,6629,CA-2015-135489,20150919,20150922,314,1707,265,3,279.86,14,0.0,134.3328
6633,6630,CA-2015-125696,20151002,20151006,573,720,417,4,7.38,5,0.7,-5.412
6634,6631,CA-2016-105081,20161225,20161230,356,64,629,4,698.352,3,0.2,52.3764
6635,6632,CA-2016-105081,20161225,20161230,356,335,629,4,1747.25,5,0.0,629.01
6636,6633,US-2016-146857,20160506,20160508,78,409,108,3,54.48,1,0.0,15.2544
6637,6634,CA-2016-166275,20161024,20161024,717,1532,532,2,199.99,1,0.0,85.9957
6638,6635,CA-2017-144498,20170506,20170506,486,810,403,2,68.541,11,0.7,-52.5481
6639,6636,CA-2017-144498,20170506,20170506,486,1894,403,2,627.168,4,0.2,70.5564
6640,6637,CA-2017-144498,20170506,20170506,486,1004,403,2,122.12,5,0.2,39.689
6641,6638,CA-2017-103352,20171127,20171130,654,534,264,3,6.99,3,0.0,2.0271
6642,6639,CA-2017-103352,20171127,20171130,654,697,264,3,107.424,6,0.2,36.2556
6643,6640,CA-2014-108609,20141031,20141102,37,369,289,3,1421.664,8,0.4,-734.5264
6644,6641,CA-2017-128328,20170805,20170809,604,729,40,4,125.88,6,0.0,60.4224
6645,6642,CA-2017-128328,20170805,20170809,604,1529,40,4,79.78,2,0.0,29.5186
6646,6643,CA-2017-128328,20170805,20170809,604,1003,40,4,133.2,9,0.0,66.6
6647,6644,US-2015-156496,20150810,20150816,788,1728,599,4,438.368,4,0.2,38.3572
6648,6645,US-2015-156496,20150810,20150816,788,1867,599,4,139.944,7,0.2,-31.4874
6649,6646,US-2015-156496,20150810,20150816,788,417,599,4,133.472,4,0.2,15.0156
6650,6647,US-2016-127334,20161215,20161221,535,364,601,4,564.195,3,0.5,-304.6653
6651,6648,US-2016-127334,20161215,20161221,535,409,601,4,87.168,2,0.2,8.7168
6652,6649,US-2017-124779,20170908,20170911,81,749,127,1,42.616,7,0.8,-68.1856
6653,6650,US-2017-124779,20170908,20170911,81,1634,127,1,319.984,2,0.2,107.9946
6654,6651,US-2017-124779,20170908,20170911,81,955,127,1,45.92,5,0.2,15.498
6655,6652,US-2017-124779,20170908,20170911,81,178,127,1,21.184,2,0.6,-11.6512
6656,6653,US-2017-124779,20170908,20170911,81,1031,127,1,20.736,4,0.2,7.2576
6657,6654,US-2017-124779,20170908,20170911,81,109,127,1,213.43,5,0.3,-39.637
6658,6655,CA-2017-135937,20170220,20170227,437,1873,455,4,333.576,3,0.2,25.0182
6659,6656,CA-2017-135937,20170220,20170227,437,1512,455,4,31.992,1,0.2,4.7988
6660,6657,CA-2017-135937,20170220,20170227,437,1326,455,4,51.168,2,0.2,-6.396
6661,6658,CA-2017-135937,20170220,20170227,437,912,455,4,10.64,5,0.2,3.857
6662,6659,CA-2017-135937,20170220,20170227,437,221,455,4,68.704,2,0.2,16.3172
6663,6660,CA-2017-135937,20170220,20170227,437,332,455,4,386.91,9,0.5,-185.7168
6664,6661,CA-2015-129322,20150808,20150810,196,633,225,3,39.66,2,0.0,11.898
6665,6662,CA-2015-129322,20150808,20150810,196,473,225,3,113.92,2,0.0,33.0368
6666,6663,CA-2015-129322,20150808,20150810,196,718,225,3,447.86,7,0.0,210.4942
6667,6664,CA-2017-162173,20171026,20171101,581,336,450,4,356.85,5,0.0,60.6645
6668,6665,CA-2017-162173,20171026,20171101,581,887,450,4,251.58,7,0.0,113.211
6669,6666,CA-2016-115483,20160714,20160718,408,1123,158,3,219.84,5,0.2,79.692
6670,6667,CA-2017-122175,20170512,20170514,125,164,252,3,42.85,5,0.0,15.426
6671,6668,CA-2017-122175,20170512,20170514,125,988,252,3,6.16,2,0.0,2.9568
6672,6669,CA-2017-122175,20170512,20170514,125,1476,252,3,17.0,2,0.0,4.42
6673,6670,CA-2017-122175,20170512,20170514,125,1623,252,3,87.4,5,0.0,34.96
6674,6671,CA-2017-161088,20170525,20170529,516,762,373,4,29.84,2,0.0,13.428
6675,6672,CA-2014-154837,20140823,20140827,626,709,500,3,49.568,2,0.2,17.3488
6676,6673,CA-2015-153794,20150911,20150916,667,491,529,4,265.86,7,0.0,79.758
6677,6674,CA-2015-135510,20150905,20150912,774,172,441,4,67.96,4,0.0,12.2328
6678,6675,CA-2015-109337,20151121,20151123,221,607,43,3,10.92,6,0.0,4.914
6679,6676,CA-2015-109337,20151121,20151123,221,1676,43,3,83.9,2,0.0,22.653
6680,6677,CA-2015-109337,20151121,20151123,221,469,43,3,19.75,5,0.0,5.135
6681,6678,CA-2015-109337,20151121,20151123,221,1506,43,3,393.54,3,0.0,165.2868
6682,6679,CA-2014-150329,20141010,20141014,683,272,459,4,46.872,7,0.2,3.5154
6683,6680,CA-2017-145037,20170902,20170907,732,1344,200,3,10.9,1,0.0,2.834
6684,6681,CA-2017-145037,20170902,20170907,732,1038,200,3,79.92,4,0.0,37.5624
6685,6682,CA-2017-145037,20170902,20170907,732,1193,200,3,146.82,3,0.0,73.41
6686,6683,CA-2017-154466,20170101,20170102,233,731,185,1,3.6,2,0.0,1.728
6687,6684,CA-2014-109134,20141105,20141110,203,155,499,4,20.04,6,0.0,8.8176
6688,6685,US-2015-129637,20151217,20151222,494,1423,3,4,180.016,1,0.2,-15.7514
6689,6686,US-2015-129637,20151217,20151222,494,173,3,4,41.552,2,0.6,-19.7372
6690,6687,US-2015-129637,20151217,20151222,494,611,3,4,13.12,5,0.2,1.476
6691,6688,CA-2015-165162,20150514,20150521,324,1416,500,4,1117.92,4,0.0,55.896
6692,6689,CA-2017-140494,20170310,20170315,155,1612,532,3,111.96,4,0.0,21.2724
6693,6690,CA-2017-104108,20171202,20171209,655,505,156,4,12.16,5,0.2,2.128
6694,6691,US-2017-165869,20170731,20170805,474,786,190,4,17.52,4,0.0,8.4096
6695,6692,US-2017-165869,20170731,20170805,474,436,190,4,155.88,6,0.0,54.558
6696,6693,CA-2017-160899,20170811,20170813,235,672,393,3,477.51,11,0.0,219.6546
6697,6694,CA-2017-144225,20170930,20171002,134,1032,212,3,164.88,3,0.0,80.7912
6698,6695,US-2016-163538,20160826,20160830,716,1539,185,4,47.97,3,0.0,14.8707
6699,6696,US-2016-155103,20161202,20161207,359,829,265,4,415.176,3,0.2,134.9322
6700,6697,US-2016-155103,20161202,20161207,359,827,265,4,35.232,3,0.2,11.4504
6701,6698,US-2016-155103,20161202,20161207,359,1032,265,4,54.96,1,0.0,26.9304
6702,6699,CA-2017-145429,20170721,20170725,728,1230,529,4,16.34,2,0.0,7.6798
6703,6700,CA-2017-145429,20170721,20170725,728,66,529,4,225.296,2,0.2,22.5296
6704,6701,CA-2017-145429,20170721,20170725,728,705,529,4,50.352,3,0.2,17.6232
6705,6702,CA-2015-153535,20150520,20150524,689,211,417,4,163.136,4,0.2,20.392
6706,6703,CA-2015-153535,20150520,20150524,689,684,417,4,6.408,4,0.7,-4.9128
6707,6704,CA-2015-139164,20150623,20150628,177,1802,497,4,217.584,2,0.2,19.0386
6708,6705,CA-2015-139164,20150623,20150628,177,945,497,4,5.43,3,0.0,1.7919
6709,6706,CA-2015-139164,20150623,20150628,177,1855,497,4,143.976,3,0.2,8.9985
6710,6707,CA-2016-112277,20160910,20160915,678,1842,341,4,519.68,7,0.2,58.464
6711,6708,CA-2014-167724,20140413,20140418,83,990,212,4,7.83,3,0.0,3.6018
6712,6709,CA-2015-123141,20151114,20151119,315,124,592,4,883.84,4,0.2,99.432
6713,6710,CA-2015-123141,20151114,20151119,315,80,592,4,230.352,3,0.2,20.1558
6714,6711,CA-2016-149503,20161209,20161212,709,739,543,1,273.92,8,0.2,99.296
6715,6712,CA-2017-163069,20170818,20170821,596,527,279,3,9.912,3,0.2,1.239
6716,6713,CA-2017-107629,20171214,20171214,191,223,32,2,266.352,6,0.6,-292.9872
6717,6714,CA-2017-107629,20171214,20171214,191,296,32,2,56.328,3,0.6,-26.7558
6718,6715,CA-2017-107629,20171214,20171214,191,1610,32,2,39.264,3,0.2,-4.908
6719,6716,CA-2017-107629,20171214,20171214,191,576,32,2,95.232,6,0.2,24.9984
6720,6717,CA-2016-134789,20160408,20160415,149,935,326,4,30.0,6,0.0,14.4
6721,6718,CA-2016-134789,20160408,20160415,149,1156,326,4,25.92,4,0.0,12.7008
6722,6719,CA-2016-134789,20160408,20160415,149,256,326,4,159.92,4,0.0,31.984
6723,6720,CA-2016-130442,20161216,20161219,685,480,408,1,34.944,3,0.2,3.0576
6724,6721,CA-2017-102974,20170919,20170924,231,1483,500,4,149.95,5,0.0,31.4895
6725,6722,CA-2017-102974,20170919,20170924,231,508,500,4,23.32,2,0.0,6.0632
6726,6723,CA-2017-102974,20170919,20170924,231,644,500,4,16.74,3,0.0,4.8546
6727,6724,US-2017-166394,20170904,20170906,782,933,235,3,14.82,6,0.0,6.9654
6728,6725,CA-2016-128811,20160912,20160916,686,920,627,4,10.47,3,0.0,4.8162
6729,6726,CA-2016-128811,20160912,20160916,686,1008,627,4,11.07,3,0.0,5.2029
6730,6727,CA-2016-128811,20160912,20160916,686,660,627,4,20.704,4,0.2,7.764
6731,6728,CA-2017-145443,20170810,20170815,678,1234,49,3,177.2,5,0.0,83.284
6732,6729,CA-2016-165827,20161104,20161109,501,204,353,4,50.496,6,0.2,8.2056
6733,6730,CA-2015-156734,20150618,20150620,117,772,438,1,6.129,3,0.7,-4.4946
6734,6731,CA-2015-156734,20150618,20150620,117,102,438,1,643.136,4,0.2,56.2744
6735,6732,CA-2015-156734,20150618,20150620,117,1157,438,1,20.736,4,0.2,7.2576
6736,6733,CA-2014-120096,20140704,20140707,427,1165,556,1,177.536,4,0.2,62.1376
6737,6734,CA-2014-120096,20140704,20140707,427,399,556,1,32.432,2,0.2,3.2432
6738,6735,CA-2015-141754,20151220,20151225,274,1014,351,4,11.696,2,0.2,3.9474
6739,6736,CA-2016-123358,20160410,20160417,116,482,534,4,113.76,3,0.0,44.3664
6740,6737,CA-2016-123358,20160410,20160417,116,1379,534,4,579.51,3,0.0,81.1314
6741,6738,CA-2016-123358,20160410,20160417,116,1331,534,4,150.66,9,0.0,6.0264
6742,6739,CA-2016-123358,20160410,20160417,116,650,534,4,48.032,4,0.2,15.6104
6743,6740,CA-2014-144029,20140526,20140531,527,1378,9,4,102.624,3,0.2,7.6968
6744,6741,CA-2014-144029,20140526,20140531,527,120,9,4,359.772,2,0.3,-5.1396
6745,6742,CA-2014-144029,20140526,20140531,527,503,9,4,13.392,3,0.2,3.1806
6746,6743,US-2017-101784,20170706,20170711,603,67,499,4,122.136,3,0.2,-13.7403
6747,6744,CA-2015-156923,20150216,20150220,710,1207,234,4,35.88,6,0.0,16.146
6748,6745,CA-2017-111269,20170616,20170618,177,1527,281,3,479.952,6,0.2,107.9892
6749,6746,CA-2017-111269,20170616,20170618,177,528,281,3,23.92,5,0.2,1.794
6750,6747,CA-2017-159156,20171113,20171116,419,1871,263,1,629.95,5,0.0,163.787
6751,6748,CA-2017-100230,20171211,20171215,2,752,266,4,14.952,1,0.2,5.0463
6752,6749,CA-2017-100230,20171211,20171215,2,1179,266,4,17.94,3,0.0,8.073
6753,6750,CA-2017-100230,20171211,20171215,2,1874,266,4,116.98,2,0.0,29.245
6754,6751,CA-2016-154767,20160628,20160630,101,109,249,3,121.96,2,0.0,20.7332
6755,6752,CA-2016-154767,20160628,20160630,101,398,249,3,8.74,2,0.0,2.2724
6756,6754,CA-2016-154767,20160628,20160630,101,730,249,3,7.96,2,0.0,3.7412
6757,6755,CA-2016-154767,20160628,20160630,101,431,249,3,275.24,4,0.0,121.1056
6758,6756,CA-2017-124205,20170915,20170919,743,227,243,4,47.4,5,0.0,18.96
6759,6757,CA-2017-124205,20170915,20170919,743,110,243,4,512.96,4,0.0,143.6288
6760,6758,CA-2017-124205,20170915,20170919,743,1786,243,4,395.94,6,0.0,102.9444
6761,6759,CA-2017-124205,20170915,20170919,743,1345,243,4,81.96,2,0.0,0.0
6762,6760,CA-2017-165715,20171202,20171208,86,615,409,4,32.776,1,0.2,2.4582
6763,6761,CA-2017-100636,20170626,20170630,228,1429,266,4,272.94,3,0.0,0.0
6764,6762,CA-2016-162943,20160724,20160726,190,75,266,3,253.764,2,0.1,31.0156
6765,6763,CA-2016-144764,20160902,20160908,648,960,9,4,29.24,5,0.2,9.8685
6766,6764,CA-2016-144764,20160902,20160908,648,1394,9,4,35.168,2,0.2,-8.3524
6767,6765,CA-2016-144764,20160902,20160908,648,1683,9,4,1362.9,3,0.3,-19.47
6768,6766,CA-2017-100615,20170420,20170424,696,95,10,4,317.058,3,0.3,-18.1176
6769,6767,CA-2017-100615,20170420,20170424,696,537,10,4,15.76,2,0.2,3.546
6770,6768,CA-2017-100615,20170420,20170424,696,228,10,4,14.56,5,0.6,-6.188
6771,6769,CA-2014-109302,20140812,20140816,175,765,243,4,196.21,7,0.0,98.105
6772,7215,CA-2015-103072,20150927,20150930,334,485,68,3,16.4,5,0.0,4.756
6773,6770,CA-2017-139787,20170919,20170923,402,564,373,4,35.4,5,0.0,13.452
6774,6771,CA-2017-139402,20171209,20171213,557,1284,459,4,419.4,5,0.2,146.79
6775,6772,CA-2017-139402,20171209,20171213,557,658,459,4,13.005,3,0.7,-9.9705
6776,6773,CA-2016-119018,20161104,20161108,185,781,498,4,7.712,2,0.2,2.7956
6777,6774,CA-2016-119018,20161104,20161108,185,667,498,4,4.176,1,0.2,1.305
6778,6775,CA-2016-119018,20161104,20161108,185,1050,498,4,38.88,6,0.0,18.6624
6779,6776,CA-2015-105361,20150329,20150404,157,1199,265,4,17.64,4,0.0,8.1144
6780,6777,US-2016-152373,20160905,20160911,612,1417,177,4,93.456,3,0.2,-17.523
6781,6778,US-2017-166037,20170128,20170201,154,1566,263,4,449.91,9,0.0,157.4685
6782,6779,US-2016-147711,20160903,20160908,321,29,212,3,344.94,3,0.0,31.0446
6783,6780,US-2016-147711,20160903,20160908,321,224,212,3,14.76,2,0.0,4.2804
6784,6781,US-2016-147711,20160903,20160908,321,782,212,3,12.76,2,0.0,5.8696
6785,6782,US-2016-147711,20160903,20160908,321,1014,212,3,58.48,8,0.0,27.4856
6786,6783,CA-2017-121293,20170725,20170728,347,166,307,3,20.096,4,0.2,3.0144
6787,6784,CA-2017-121293,20170725,20170728,347,1481,307,3,37.752,3,0.2,4.2471
6788,6785,CA-2017-121293,20170725,20170728,347,342,307,3,138.588,1,0.4,-34.647
6789,6786,CA-2017-121293,20170725,20170728,347,1314,307,3,259.92,5,0.2,-25.992
6790,6787,CA-2017-121293,20170725,20170728,347,1273,307,3,20.736,4,0.2,7.2576
6791,6788,CA-2015-118843,20150913,20150920,371,284,372,4,129.93,3,0.0,12.993
6792,6789,CA-2015-118843,20150913,20150920,371,1137,372,4,69.93,7,0.0,31.4685
6793,6790,CA-2015-161445,20150907,20150909,136,547,405,3,140.736,4,0.2,12.3144
6794,6791,CA-2016-124527,20161116,20161117,338,857,524,1,8.32,5,0.2,2.808
6795,6792,CA-2016-162348,20161110,20161115,83,273,525,4,9.98,1,0.0,2.7944
6796,6793,CA-2014-141005,20140815,20140818,177,729,198,1,62.94,3,0.0,30.2112
6797,6794,CA-2015-145394,20151116,20151120,491,1321,8,4,21.488,2,0.2,1.6116
6798,6795,CA-2015-145394,20151116,20151120,491,1738,8,4,239.976,3,0.2,26.9973
6799,6796,CA-2015-145394,20151116,20151120,491,181,8,4,34.504,2,0.6,-15.5268
6800,6797,CA-2015-168809,20150825,20150825,494,187,154,2,20.104,2,0.6,-16.5858
6801,6798,CA-2015-168809,20150825,20150825,494,662,154,2,3.798,1,0.8,-6.0768
6802,6799,CA-2015-168809,20150825,20150825,494,220,154,2,7.88,5,0.6,-3.94
6803,6800,CA-2016-109827,20161225,20170101,479,353,459,4,35.445,1,0.5,-24.1026
6804,6801,CA-2016-109827,20161225,20170101,479,1688,459,4,269.97,2,0.7,-386.957
6805,6802,CA-2016-109827,20161225,20170101,479,1546,459,4,45.12,3,0.2,-7.896
6806,6803,CA-2016-109827,20161225,20170101,479,1606,459,4,100.8,2,0.2,21.42
6807,6804,CA-2016-109827,20161225,20170101,479,132,459,4,47.968,2,0.2,4.1972
6808,6805,CA-2014-152233,20141005,20141006,431,1566,517,1,99.98,2,0.0,34.993
6809,6806,CA-2014-125682,20141122,20141125,626,1141,372,1,9.96,2,0.0,4.8804
6810,6807,CA-2017-162880,20171225,20171229,297,781,619,4,3.856,1,0.2,1.3978
6811,6808,CA-2015-128125,20150331,20150405,247,1058,156,4,98.376,3,0.2,35.6613
6812,6809,CA-2015-128125,20150331,20150405,247,177,156,4,22.38,3,0.6,-7.833
6813,6810,CA-2017-156237,20170914,20170915,609,660,306,1,3.882,2,0.7,-2.588
6814,6811,CA-2017-156237,20170914,20170915,609,1676,306,1,12.585,1,0.7,-18.0385
6815,6812,CA-2017-156237,20170914,20170915,609,93,306,1,113.372,2,0.3,-29.1528
6816,6813,CA-2017-156237,20170914,20170915,609,798,306,1,18.312,4,0.7,-12.208
6817,6814,CA-2017-156237,20170914,20170915,609,176,306,1,127.936,8,0.2,4.7976
6818,6815,CA-2017-156237,20170914,20170915,609,1662,306,1,241.17,2,0.7,-168.819
6819,6816,CA-2014-144414,20140617,20140621,300,286,628,4,6.24,3,0.0,2.6208
6820,6817,CA-2014-144414,20140617,20140621,300,923,628,4,17.9,5,0.0,8.95
6821,6818,CA-2014-144414,20140617,20140621,300,859,628,4,3266.376,3,0.2,1061.5722
6822,6819,CA-2017-163860,20171228,20180101,467,804,27,4,1.68,5,0.8,-2.688
6823,6820,CA-2017-163860,20171228,20180101,467,307,27,4,7.968,3,0.6,-2.3904
6824,6821,CA-2017-163860,20171228,20180101,467,131,27,4,113.372,2,0.3,-3.2392
6825,6822,CA-2017-163860,20171228,20180101,467,207,27,4,2.96,2,0.6,-1.406
6826,6823,US-2017-115609,20171102,20171107,181,451,501,4,168.1,5,0.0,43.706
6827,6824,CA-2015-154291,20150725,20150729,791,870,322,4,98.46,9,0.0,49.23
6828,6825,CA-2015-154291,20150725,20150729,791,348,322,4,358.58,2,0.0,39.4438
6829,6826,CA-2016-118689,20161002,20161009,742,1371,42,4,32.48,2,0.0,4.872
6830,6827,CA-2016-118689,20161002,20161009,742,1641,42,4,17499.95,5,0.0,8399.976
6831,6828,CA-2016-118689,20161002,20161009,742,842,42,4,735.98,2,0.0,331.191
6832,6829,CA-2016-118689,20161002,20161009,742,800,42,4,34.37,7,0.0,16.8413
6833,6830,CA-2016-118689,20161002,20161009,742,550,42,4,33.96,2,0.0,9.5088
6834,6831,CA-2016-140438,20161224,20161227,614,1767,263,3,197.97,3,0.0,53.4519
6835,6832,US-2017-123204,20170721,20170727,172,430,265,4,17.48,4,0.0,4.5448
6836,6833,CA-2015-112522,20151010,20151017,232,583,8,4,8.016,3,0.2,1.002
6837,6834,CA-2016-153101,20160908,20160908,596,360,539,2,146.04,1,0.2,-12.7785
6838,6835,CA-2016-142615,20161120,20161124,92,1620,507,4,27.88,2,0.0,3.9032
6839,6836,CA-2017-142643,20171015,20171020,222,1004,546,4,152.65,5,0.0,70.219
6840,6837,CA-2017-142643,20171015,20171020,222,143,546,4,22.72,1,0.0,9.3152
6841,6838,CA-2015-116260,20150706,20150712,79,605,252,4,11.12,4,0.0,2.8912
6842,6839,CA-2017-107517,20170205,20170209,282,392,547,4,1640.7,5,0.0,459.396
6843,6840,CA-2017-107517,20170205,20170209,282,1842,547,4,371.2,5,0.2,41.76
6844,6841,CA-2015-166338,20151206,20151207,535,764,298,1,14.832,3,0.7,-10.3824
6845,6842,CA-2016-123946,20160912,20160917,38,1625,448,4,20.7,3,0.0,1.656
6846,6843,CA-2016-123946,20160912,20160917,38,941,448,4,11.34,3,0.0,5.2164
6847,6844,CA-2016-123946,20160912,20160917,38,1323,448,4,67.9,5,0.0,0.679
6848,6845,CA-2016-123946,20160912,20160917,38,85,448,4,1059.12,4,0.0,307.1448
6849,6846,CA-2014-147543,20140706,20140712,67,52,481,4,478.48,2,0.2,47.848
6850,6847,US-2016-159093,20160509,20160514,658,1110,501,4,32.04,4,0.0,14.418
6851,6848,CA-2016-162110,20160718,20160722,572,1777,459,4,55.992,1,0.2,3.4995
6852,6849,US-2016-163461,20160618,20160621,113,1227,16,1,76.864,2,0.2,26.9024
6853,6850,CA-2014-101462,20140420,20140425,103,157,502,4,59.92,4,0.0,27.5632
6854,6851,US-2016-100461,20160108,20160112,397,22,185,4,1565.88,6,0.0,407.1288
6855,6852,US-2016-100461,20160108,20160112,397,703,185,4,106.05,7,0.0,49.8435
6856,6853,US-2017-162670,20171223,20171228,502,1359,328,3,62.04,4,0.0,17.3712
6857,6854,US-2017-162670,20171223,20171228,502,1847,328,3,494.97,3,0.0,148.491
6858,6855,US-2017-162670,20171223,20171228,502,1369,328,3,367.96,4,0.0,14.7184
6859,6856,US-2017-162670,20171223,20171228,502,1166,328,3,44.96,2,0.0,20.6816
6860,6857,US-2017-162670,20171223,20171228,502,873,328,3,182.94,3,0.0,85.9818
6861,6858,CA-2017-128965,20170417,20170422,609,1304,499,4,28.14,3,0.0,13.5072
6862,6859,CA-2017-128965,20170417,20170422,609,977,499,4,7.38,2,0.0,3.4686
6863,6860,CA-2017-128965,20170417,20170422,609,931,499,4,10.9,5,0.0,3.597
6864,6861,CA-2017-128965,20170417,20170422,609,1518,499,4,274.89,11,0.0,46.7313
6865,6862,CA-2017-128965,20170417,20170422,609,1000,499,4,23.04,8,0.0,11.2896
6866,6863,CA-2017-128965,20170417,20170422,609,113,499,4,218.352,3,0.2,-19.1058
6867,6864,CA-2017-138618,20171201,20171208,549,1069,177,4,10.368,2,0.2,3.6288
6868,6865,US-2016-126452,20160821,20160828,671,835,498,4,12.672,2,0.2,4.752
6869,6866,US-2016-126452,20160821,20160828,671,1844,498,4,91.96,5,0.2,-20.691
6870,6867,US-2016-126452,20160821,20160828,671,1501,498,4,254.97,3,0.0,91.7892
6871,6868,US-2016-126452,20160821,20160828,671,1834,498,4,31.984,2,0.2,-7.996
6872,6869,US-2016-126452,20160821,20160828,671,365,498,4,2887.056,9,0.2,180.441
6873,6870,US-2016-126452,20160821,20160828,671,1257,498,4,12.96,2,0.0,6.2208
6874,6871,US-2016-126452,20160821,20160828,671,1198,498,4,47.52,9,0.0,21.384
6875,6872,CA-2016-145009,20161205,20161208,640,1026,8,3,11.952,3,0.2,3.8844
6876,6873,CA-2015-162544,20151216,20151219,688,1306,628,1,4.98,1,0.0,2.3406
6877,6874,CA-2014-124394,20141017,20141022,739,795,130,3,10.78,5,0.8,-17.248
6878,6875,CA-2014-124394,20141017,20141022,739,1517,130,3,119.976,3,0.2,-17.9964
6879,6876,US-2016-121013,20160905,20160910,526,1022,442,4,25.06,2,0.0,11.7782
6880,6877,US-2016-121013,20160905,20160910,526,361,442,4,1652.94,3,0.0,314.0586
6881,6878,US-2015-123918,20151015,20151015,144,323,141,2,131.376,6,0.6,-95.2476
6882,6879,US-2015-123918,20151015,20151015,144,1217,141,2,5.344,1,0.2,1.8704
6883,6880,CA-2015-137113,20151201,20151205,774,70,628,3,2003.92,5,0.2,125.245
6884,6881,CA-2015-137113,20151201,20151205,774,1279,628,3,32.4,5,0.0,15.552
6885,6882,CA-2015-137113,20151201,20151205,774,340,628,3,1913.4,9,0.0,401.814
6886,6883,CA-2015-137113,20151201,20151205,774,1396,628,3,146.73,3,0.0,2.9346
6887,6884,CA-2015-137113,20151201,20151205,774,1177,628,3,114.2,5,0.0,52.532
6888,6885,CA-2015-120677,20150531,20150604,68,90,93,4,2567.84,8,0.0,770.352
6889,6886,CA-2017-123036,20170910,20170917,317,1588,296,4,37.056,4,0.2,8.8008
6890,6887,CA-2017-123036,20170910,20170917,317,1845,296,4,259.896,2,0.4,-56.3108
6891,6888,CA-2017-120222,20170425,20170502,465,1298,500,4,19.05,3,0.0,8.763
6892,6889,CA-2017-120222,20170425,20170502,465,673,500,4,73.344,3,0.2,27.504
6893,6890,CA-2017-164756,20170918,20170922,714,1759,373,4,95.68,8,0.0,26.7904
6894,6891,CA-2017-164756,20170918,20170922,714,1082,373,4,50.96,7,0.0,24.4608
6895,6892,CA-2017-164756,20170918,20170922,714,491,373,4,113.94,3,0.0,34.182
6896,6893,CA-2017-164756,20170918,20170922,714,1257,373,4,25.92,4,0.0,12.4416
6897,6894,CA-2017-164756,20170918,20170922,714,247,373,4,20.32,4,0.0,6.9088
6898,6895,CA-2017-164756,20170918,20170922,714,1801,373,4,411.98,2,0.0,119.4742
6899,6896,CA-2017-164756,20170918,20170922,714,1473,373,4,34.48,2,0.0,9.9992
6900,6897,CA-2017-164756,20170918,20170922,714,1231,373,4,244.55,5,0.0,114.9385
6901,6898,CA-2017-122028,20170818,20170825,148,852,287,4,10.782,3,0.7,-7.9068
6902,6899,US-2015-165512,20150524,20150526,785,100,20,3,602.651,7,0.3,-163.5767
6903,6900,US-2015-165512,20150524,20150526,785,698,20,3,7.656,6,0.8,-13.0152
6904,6901,CA-2015-140557,20150907,20150911,756,1556,263,4,559.93,7,0.0,167.979
6905,6902,US-2017-135013,20170724,20170724,333,1631,487,2,2399.96,5,0.2,839.986
6906,6903,CA-2017-111220,20170902,20170908,406,935,10,4,16.0,4,0.2,5.6
6907,6904,CA-2017-111220,20170902,20170908,406,456,10,4,5.588,2,0.8,-15.0876
6908,6905,CA-2017-111220,20170902,20170908,406,1427,10,4,235.92,5,0.2,-44.235
6909,6906,US-2017-149006,20171206,20171208,95,1409,469,3,10.68,1,0.0,2.8836
6910,6907,CA-2017-149468,20170520,20170520,47,743,85,2,41.28,2,0.0,19.8144
6911,6908,CA-2016-140249,20160927,20161003,728,1811,627,4,1001.584,2,0.2,125.198
6912,6909,US-2017-135503,20171210,20171215,358,224,421,4,14.76,2,0.0,4.2804
6913,6910,CA-2014-126277,20140913,20140918,462,814,279,3,2.502,3,0.7,-2.0016
6914,6911,US-2017-115301,20170729,20170802,779,49,627,4,115.96,2,0.0,25.5112
6915,6912,CA-2017-168942,20170801,20170805,270,1434,532,3,186.54,3,0.0,50.3658
6916,6913,US-2017-128398,20170502,20170505,269,1529,503,3,159.56,4,0.0,59.0372
6917,6914,CA-2015-104115,20150612,20150616,371,1823,370,4,55.984,2,0.2,4.1988
6918,6915,CA-2014-142510,20141222,20141229,574,1327,9,4,132.16,1,0.2,9.912
6919,6916,CA-2014-142510,20141222,20141229,574,762,9,4,17.904,6,0.8,-31.332
6920,6917,CA-2014-142510,20141222,20141229,574,1113,9,4,124.032,4,0.2,44.9616
6921,6918,CA-2014-124247,20141216,20141221,694,79,525,4,1403.92,5,0.2,70.196
6922,6919,CA-2016-105473,20160416,20160418,94,1469,629,3,28.8,3,0.0,0.864
6923,6920,CA-2015-102806,20150521,20150528,323,710,307,4,24.588,2,0.7,-18.0312
6924,6921,CA-2017-121706,20170226,20170302,91,458,540,4,356.79,7,0.0,99.9012
6925,6922,CA-2017-109211,20170404,20170410,611,875,264,4,16.98,1,0.0,8.49
6926,6923,CA-2015-134257,20150316,20150319,539,1011,316,3,491.55,5,0.0,240.8595
6927,6924,CA-2015-134257,20150316,20150319,539,902,316,3,7.38,2,0.0,3.3948
6928,6925,CA-2015-137925,20151130,20151204,386,1200,266,4,23.66,7,0.0,10.8836
6929,6926,CA-2015-137925,20151130,20151204,386,11,266,4,681.408,12,0.2,42.588
6930,6927,CA-2016-140046,20160728,20160803,438,963,500,4,18.9,3,0.0,8.694
6931,6928,CA-2016-140382,20160623,20160625,636,1419,532,3,93.68,4,0.0,25.2936
6932,6929,CA-2016-140382,20160623,20160625,636,983,532,3,21.93,3,0.0,10.3071
6933,6930,CA-2016-140382,20160623,20160625,636,1828,532,3,862.344,7,0.2,97.0137
6934,6931,CA-2016-140382,20160623,20160625,636,1099,532,3,19.98,1,0.0,9.3906
6935,6932,CA-2014-164182,20140714,20140718,719,1781,306,4,13.494,1,0.4,-2.249
6936,6933,CA-2014-164182,20140714,20140718,719,1810,306,4,23.988,2,0.4,-13.993
6937,6934,CA-2014-164182,20140714,20140718,719,176,306,4,31.984,2,0.2,1.1994
6938,6935,CA-2014-164182,20140714,20140718,719,513,306,4,41.584,2,0.2,4.6782
6939,6936,CA-2017-137365,20171130,20171203,100,1530,145,3,95.976,3,0.2,-10.7973
6940,6937,CA-2016-129847,20160902,20160904,731,151,10,1,84.272,2,0.6,-75.8448
6941,6938,CA-2014-126963,20140615,20140615,609,1160,145,2,36.544,2,0.2,11.8768
6942,6939,CA-2016-125094,20161105,20161109,574,1608,628,4,479.72,4,0.0,52.7692
6943,6940,CA-2017-107132,20170626,20170630,672,686,263,4,102.368,2,0.2,37.1084
6944,6941,CA-2017-107132,20170626,20170630,672,1461,263,4,28.4,5,0.0,8.236
6945,6942,CA-2017-107132,20170626,20170630,672,1365,263,4,713.88,4,0.0,214.164
6946,6943,CA-2017-107132,20170626,20170630,672,1253,263,4,68.52,3,0.0,31.5192
6947,6944,CA-2015-139248,20150725,20150730,637,1863,500,4,623.96,5,0.2,38.9975
6948,6945,CA-2014-148369,20140923,20140927,751,855,207,4,11.12,4,0.0,5.4488
6949,6946,CA-2016-106243,20160930,20161004,307,28,264,4,523.92,5,0.2,-26.196
6950,6947,CA-2015-126466,20151109,20151113,399,919,524,4,2.48,2,0.0,1.1656
6951,6948,CA-2015-130365,20150425,20150429,792,1398,2,4,221.024,2,0.2,-55.256
6952,6949,CA-2015-130365,20150425,20150429,792,109,2,4,128.058,3,0.3,-23.7822
6953,6950,CA-2017-143021,20171119,20171119,44,712,264,2,58.408,7,0.2,18.2525
6954,6951,CA-2017-143021,20171119,20171119,44,338,264,2,79.974,3,0.4,-29.3238
6955,6952,CA-2015-161767,20151120,20151124,303,1673,141,4,479.988,2,0.4,55.9986
6956,6953,CA-2015-129917,20151002,20151003,330,720,499,1,11.808,3,0.2,4.1328
6957,6954,CA-2015-129917,20151002,20151003,330,854,499,1,53.568,4,0.2,19.4184
6958,6955,CA-2015-129917,20151002,20151003,330,1719,499,1,503.96,5,0.2,50.396
6959,6956,CA-2015-115420,20150425,20150502,472,903,498,4,21.34,2,0.0,9.8164
6960,6957,CA-2016-157588,20160714,20160719,50,808,373,4,36.4,5,0.0,17.108
6961,6958,CA-2016-157588,20160714,20160719,50,318,373,4,51.75,1,0.0,15.525
6962,6959,CA-2015-167255,20150927,20150929,644,1359,533,3,15.51,1,0.0,4.3428
6963,6960,CA-2015-167255,20150927,20150929,644,1189,533,3,146.82,3,0.0,73.41
6964,6961,CA-2015-167255,20150927,20150929,644,1240,533,3,12.96,2,0.0,6.2208
6965,6962,CA-2017-162096,20171110,20171110,734,556,523,2,7.8,3,0.0,2.106
6966,6963,CA-2016-157161,20160716,20160720,350,874,418,3,10.2,5,0.0,4.794
6967,6964,CA-2016-157161,20160716,20160720,350,587,418,3,22.32,3,0.0,5.58
6968,6965,CA-2016-157161,20160716,20160720,350,849,418,3,24.1,5,0.0,11.086
6969,6966,CA-2016-157161,20160716,20160720,350,1490,418,3,75.98,2,0.0,18.2352
6970,6967,CA-2016-157161,20160716,20160720,350,758,418,3,6.46,2,0.0,3.1654
6971,6968,CA-2016-157161,20160716,20160720,350,1121,418,3,60.12,9,0.0,28.8576
6972,6969,CA-2015-110765,20151016,20151020,534,1866,264,3,824.97,3,0.0,214.4922
6973,6970,CA-2016-163937,20160110,20160113,343,139,621,3,24.85,5,0.0,7.7035
6974,6971,CA-2017-153822,20170919,20170925,7,1320,459,4,12.624,2,0.2,-2.5248
6975,6972,CA-2017-153822,20170919,20170925,7,1484,459,4,89.584,2,0.2,4.4792
6976,6973,CA-2017-153822,20170919,20170925,7,1800,459,4,471.92,2,0.2,29.495
6977,6974,CA-2017-153822,20170919,20170925,7,703,459,4,18.18,4,0.7,-13.938
6978,6975,CA-2017-146185,20170915,20170919,130,576,156,4,31.744,2,0.2,8.3328
6979,6976,CA-2015-112144,20150628,20150702,186,966,455,4,5.904,2,0.2,1.9926
6980,6977,CA-2015-112144,20150628,20150702,186,303,455,4,621.76,4,0.2,46.632
6981,6978,US-2016-119298,20161125,20161128,276,1809,327,1,59.98,2,0.0,17.994
6982,6979,CA-2017-155159,20171125,20171129,220,1250,372,3,48.87,9,0.0,23.9463
6983,6980,CA-2017-149076,20170114,20170119,706,1067,501,4,154.9,5,0.0,69.705
6984,6981,CA-2014-146990,20141107,20141108,100,921,265,1,5.92,4,0.0,2.8416
6985,6982,CA-2014-146990,20141107,20141108,100,1047,265,1,30.18,3,0.0,13.8828
6986,6983,CA-2016-116526,20160901,20160905,340,849,69,4,24.1,5,0.0,11.086
6987,6984,CA-2016-116526,20160901,20160905,340,1798,69,4,8.78,1,0.0,2.2828
6988,6985,CA-2016-116526,20160901,20160905,340,435,69,4,376.74,4,0.1,71.162
6989,6986,CA-2016-116526,20160901,20160905,340,663,69,4,29.52,4,0.0,14.4648
6990,6987,CA-2016-116526,20160901,20160905,340,646,69,4,11.96,2,0.0,2.99
6991,6988,CA-2016-116526,20160901,20160905,340,692,69,4,26.4,5,0.0,12.672
6992,6989,CA-2017-158561,20171111,20171116,66,441,341,3,1158.12,5,0.2,130.2885
6993,6990,CA-2017-165099,20171211,20171213,217,422,124,1,1.392,2,0.8,-3.7584
6994,6991,CA-2015-109386,20151108,20151113,646,455,443,3,44.43,3,0.0,18.6606
6995,6992,CA-2015-109386,20151108,20151113,646,1825,443,3,226.2,5,0.0,58.812
6996,6993,CA-2015-109386,20151108,20151113,646,154,443,3,186.54,3,0.0,41.0388
6997,6994,CA-2015-109386,20151108,20151113,646,491,443,3,265.86,7,0.0,79.758
6998,6995,CA-2015-109386,20151108,20151113,646,484,443,3,27.9,5,0.0,6.975
6999,6996,CA-2015-166800,20151119,20151126,20,481,583,4,31.08,4,0.0,8.3916
7000,6997,CA-2017-117443,20171223,20171225,341,813,29,3,13.84,4,0.8,-22.144
7001,6998,CA-2017-117443,20171223,20171225,341,1290,29,3,175.872,4,0.2,63.7536
7002,6999,US-2016-134369,20160916,20160922,67,1176,491,4,12.96,2,0.0,6.3504
7003,7000,CA-2017-123687,20170526,20170529,422,442,386,1,208.44,3,0.0,62.532
7004,7001,CA-2017-123687,20170526,20170529,422,1475,386,1,25.76,2,0.0,0.7728
7005,7002,CA-2015-104871,20150330,20150403,235,105,21,4,366.744,4,0.3,-110.0232
7006,7003,CA-2014-133158,20140819,20140821,240,165,502,3,289.24,7,0.0,26.0316
7007,7004,CA-2014-133158,20140819,20140821,240,672,502,3,69.456,2,0.2,22.5732
7008,7005,CA-2014-126333,20141223,20141228,500,1044,173,4,5.184,1,0.2,1.8144
7009,7006,CA-2015-141740,20151101,20151105,363,74,263,4,205.164,2,0.1,13.6776
7010,7007,CA-2014-119466,20141215,20141221,710,191,9,4,8.544,2,0.6,-7.476
7011,7008,CA-2015-154823,20150821,20150825,440,690,296,4,12.828,2,0.7,-8.9796
7012,7009,CA-2015-154823,20150821,20150825,440,107,296,4,598.458,3,0.3,-42.747
7013,7010,CA-2015-154823,20150821,20150825,440,145,296,4,25.984,1,0.2,-3.8976
7014,7011,US-2014-135881,20140523,20140527,312,678,266,4,17.96,5,0.2,5.837
7015,7012,US-2014-135881,20140523,20140527,312,1467,266,4,5.04,2,0.0,0.1512
7016,7013,US-2014-135881,20140523,20140527,312,426,266,4,208.16,1,0.0,56.2032
7017,7014,CA-2017-141201,20171209,20171211,189,8,526,3,148.257,3,0.15,15.6978
7018,7015,CA-2014-114790,20140311,20140313,287,440,389,3,146.76,3,0.0,38.1576
7019,7016,CA-2014-114790,20140311,20140313,287,1499,389,3,32.96,2,0.0,14.1728
7020,7017,CA-2014-114790,20140311,20140313,287,1737,389,3,587.97,3,0.0,164.6316
7021,7018,CA-2014-114790,20140311,20140313,287,1043,389,3,14.94,3,0.0,7.0218
7022,7019,US-2016-154256,20160623,20160627,700,1008,266,3,25.83,7,0.0,12.1401
7023,7020,CA-2014-124737,20140823,20140827,45,1150,560,4,15.552,3,0.2,5.4432
7024,7021,CA-2014-124737,20140823,20140827,45,1476,560,4,6.8,1,0.2,0.51
7025,7022,CA-2014-124737,20140823,20140827,45,257,560,4,4.224,3,0.2,1.2672
7026,7023,CA-2014-124737,20140823,20140827,45,1712,560,4,143.64,9,0.2,10.773
7027,7024,CA-2014-124737,20140823,20140827,45,1028,560,4,31.104,6,0.2,10.8864
7028,7025,CA-2014-124737,20140823,20140827,45,1101,560,4,223.056,9,0.2,69.705
7029,7026,US-2017-101840,20170206,20170212,707,1805,265,4,227.46,6,0.0,65.9634
7030,7027,US-2017-101840,20170206,20170212,707,658,265,4,46.24,4,0.2,15.606
7031,7028,CA-2017-131653,20170129,20170205,632,971,264,4,5.22,2,0.0,2.4012
7032,7029,US-2016-157840,20161220,20161223,489,1249,109,3,33.9,5,0.0,15.594
7033,7030,CA-2016-145548,20161111,20161116,248,1397,264,4,28.14,3,0.0,7.8792
7034,7031,CA-2016-145548,20161111,20161116,248,1548,264,4,36.0,2,0.0,6.48
7035,7032,CA-2016-145548,20161111,20161116,248,588,264,4,92.94,3,0.0,25.0938
7036,7033,CA-2016-145548,20161111,20161116,248,113,264,4,245.646,3,0.1,8.1882
7037,7034,CA-2016-145548,20161111,20161116,248,704,264,4,55.008,3,0.2,17.19
7038,7035,CA-2016-145548,20161111,20161116,248,827,264,4,35.232,3,0.2,11.4504
7039,7036,CA-2017-119494,20171109,20171113,355,130,531,4,523.392,3,0.2,52.3392
7040,7037,CA-2014-124618,20140502,20140504,172,1640,348,3,479.984,2,0.2,89.997
7041,7038,CA-2017-161970,20170922,20170927,584,1279,379,4,12.96,2,0.0,6.2208
7042,7039,CA-2017-161970,20170922,20170927,584,614,379,4,17.94,3,0.0,6.4584
7043,7040,CA-2017-103443,20171217,20171223,60,1385,263,4,166.72,2,0.0,41.68
7044,7041,CA-2017-103443,20171217,20171223,60,711,263,4,24.816,3,0.2,8.3754
7045,7042,CA-2017-103443,20171217,20171223,60,154,263,4,124.36,2,0.0,27.3592
7046,7043,US-2017-165358,20170718,20170723,721,1634,305,4,599.97,5,0.4,69.9965
7047,7044,US-2017-165358,20170718,20170723,721,96,305,4,198.744,4,0.3,-14.196
7048,7045,US-2017-165358,20170718,20170723,721,1479,305,4,9.184,2,0.2,1.148
7049,7046,CA-2016-160136,20161103,20161109,595,1174,141,4,9.248,2,0.2,3.3524
7050,7047,CA-2014-150581,20140408,20140412,569,367,476,4,99.592,1,0.2,2.4898
7051,7048,CA-2014-150581,20140408,20140412,569,1534,476,4,399.96,4,0.0,139.986
7052,7049,CA-2016-119515,20160814,20160816,760,1073,437,1,15.552,3,0.2,5.4432
7053,7050,CA-2014-141355,20140925,20140930,80,582,556,4,14.576,2,0.2,2.3686
7054,7051,CA-2016-165330,20161211,20161211,788,841,465,2,209.6,5,0.2,68.12
7055,7052,CA-2016-165330,20161211,20161211,788,508,465,2,23.32,2,0.0,6.0632
7056,7053,CA-2016-165330,20161211,20161211,788,1046,465,2,30.98,1,0.0,13.941
7057,7054,CA-2016-165330,20161211,20161211,788,1483,465,2,119.96,4,0.0,25.1916
7058,7055,CA-2016-165330,20161211,20161211,788,113,465,2,363.92,5,0.2,-31.843
7059,7056,CA-2016-165330,20161211,20161211,788,762,465,2,35.808,3,0.2,11.19
7060,7057,CA-2016-165330,20161211,20161211,788,812,465,2,122.688,9,0.2,39.8736
7061,7058,CA-2016-165330,20161211,20161211,788,381,465,2,892.136,7,0.2,111.517
7062,7059,CA-2016-165330,20161211,20161211,788,1331,465,2,50.22,3,0.0,2.0088
7063,7060,CA-2016-165330,20161211,20161211,788,417,465,2,83.42,2,0.0,24.1918
7064,7061,CA-2016-165330,20161211,20161211,788,767,465,2,5.872,2,0.2,2.1286
7065,7062,CA-2015-132633,20150203,20150205,432,750,609,3,12.144,3,0.2,4.0986
7066,7063,CA-2016-157742,20161229,20161231,435,884,601,3,27.792,3,0.2,10.422
7067,7064,CA-2017-127712,20170831,20170905,507,1462,600,4,6.208,2,0.2,0.6984
7068,7065,CA-2017-169474,20170204,20170209,361,467,269,4,32.67,3,0.0,8.4942
7069,7066,CA-2014-106726,20141206,20141208,659,1366,499,1,1261.33,7,0.0,327.9458
7070,7067,CA-2016-147473,20160530,20160603,568,1302,503,4,38.88,6,0.0,18.6624
7071,7068,CA-2016-114209,20160521,20160526,57,664,140,4,1.964,2,0.8,-3.2406
7072,7069,CA-2016-114209,20160521,20160526,57,1243,140,4,82.656,9,0.2,30.996
7073,7070,CA-2014-141901,20140809,20140814,306,1135,485,4,5.98,1,0.0,2.691
7074,7071,CA-2016-164490,20160905,20160910,720,1308,10,3,9.248,2,0.2,3.3524
7075,7072,CA-2016-112256,20160723,20160728,148,520,165,4,4.448,2,0.2,0.3336
7076,7073,CA-2016-112256,20160723,20160728,148,1283,165,4,5.184,1,0.2,1.8144
7077,7074,CA-2016-112256,20160723,20160728,148,547,165,4,175.92,5,0.2,15.393
7078,7075,CA-2016-112256,20160723,20160728,148,832,165,4,4.752,4,0.8,-8.316
7079,7076,CA-2016-112256,20160723,20160728,148,1452,165,4,13.344,2,0.2,1.0008
7080,7077,CA-2016-167416,20160512,20160517,393,868,628,4,54.9,5,0.0,26.901
7081,7078,CA-2016-106950,20160902,20160906,356,647,403,4,22.911,7,0.7,-17.5651
7082,7079,CA-2016-106950,20160902,20160906,356,388,403,4,309.456,9,0.2,34.8138
7083,7080,CA-2016-106950,20160902,20160906,356,597,403,4,19.456,4,0.2,3.4048
7084,7081,CA-2016-106950,20160902,20160906,356,341,403,4,472.518,3,0.4,-149.6307
7085,7082,CA-2016-106950,20160902,20160906,356,1542,403,4,1012.68,3,0.2,303.804
7086,7083,CA-2016-106950,20160902,20160906,356,776,403,4,17.22,5,0.7,-12.628
7087,7084,CA-2017-118724,20170721,20170725,51,591,476,3,3.52,2,0.0,1.6896
7088,7085,CA-2017-118724,20170721,20170725,51,1806,476,3,1626.192,9,0.2,121.9644
7089,7086,CA-2017-112004,20170925,20170928,29,787,302,1,8.595,5,0.7,-6.303
7090,7087,CA-2017-112004,20170925,20170928,29,1445,302,1,190.896,2,0.2,-42.9516
7091,7088,US-2017-143175,20170803,20170806,293,1407,498,3,99.87,3,0.0,23.9688
7092,7089,CA-2015-105844,20151025,20151027,362,549,586,3,79.36,4,0.0,23.808
7093,7090,CA-2017-118864,20170615,20170619,433,1771,500,3,119.96,1,0.2,7.4975
7094,7091,CA-2015-119480,20150109,20150113,138,1063,385,4,106.32,3,0.0,49.9704
7095,7092,CA-2015-119480,20150109,20150113,138,409,385,4,163.44,3,0.0,45.7632
7096,7093,CA-2015-119480,20150109,20150113,138,637,385,4,42.76,2,0.0,11.1176
7097,7094,CA-2015-119480,20150109,20150113,138,1310,385,4,51.55,5,0.0,24.2285
7098,7095,US-2015-153374,20150209,20150213,364,1534,12,3,479.952,6,0.2,89.991
7099,7096,CA-2016-101980,20160819,20160820,654,673,263,1,146.688,6,0.2,55.008
7100,7097,CA-2016-101980,20160819,20160820,654,829,263,1,276.784,2,0.2,89.9548
7101,7098,CA-2016-101980,20160819,20160820,654,785,263,1,25.32,5,0.2,9.1785
7102,7099,CA-2017-144596,20171106,20171110,140,1234,264,4,318.96,9,0.0,149.9112
7103,7100,CA-2015-124933,20151226,20151230,204,1234,263,3,212.64,6,0.0,99.9408
7104,7101,CA-2014-159625,20141123,20141128,700,886,460,4,23.472,3,0.2,8.802
7105,7102,CA-2016-144337,20160801,20160805,691,1048,126,3,19.648,2,0.2,6.6312
7106,7103,CA-2014-117478,20140921,20140924,461,649,306,1,6.57,3,0.7,-5.037
7107,7104,CA-2017-147410,20170904,20170908,265,1425,539,4,421.1,2,0.0,105.275
7108,7105,CA-2017-128944,20170619,20170621,429,63,294,3,760.116,6,0.3,-43.4352
7109,7106,CA-2017-128944,20170619,20170621,429,322,294,3,38.784,3,0.2,7.272
7110,7107,CA-2017-128944,20170619,20170621,429,1525,294,3,122.328,9,0.2,1.5291
7111,7108,CA-2016-109666,20160419,20160426,439,1883,266,4,25.98,2,0.0,0.7794
7112,7109,CA-2016-109666,20160419,20160426,439,632,266,4,3.28,2,0.0,1.476
7113,7110,CA-2016-109666,20160419,20160426,439,1347,266,4,459.88,4,0.0,13.7964
7114,7111,CA-2016-109666,20160419,20160426,439,1462,266,4,7.76,2,0.0,2.2504
7115,7112,CA-2016-109666,20160419,20160426,439,619,266,4,71.96,2,0.0,17.99
7116,7113,CA-2016-109666,20160419,20160426,439,1454,266,4,54.9,5,0.0,15.372
7117,7114,CA-2016-109666,20160419,20160426,439,655,266,4,9.28,2,0.2,3.248
7118,7115,US-2016-102239,20160505,20160506,480,362,582,1,1685.88,6,0.0,320.3172
7119,7116,US-2016-102239,20160505,20160506,480,725,582,1,5.728,2,0.2,2.0048
7120,7117,CA-2014-143168,20141018,20141023,336,1039,627,3,61.96,2,0.0,27.882
7121,7118,CA-2014-143168,20141018,20141023,336,804,627,3,1.344,1,0.2,0.4704
7122,7119,CA-2017-104906,20170213,20170217,400,1105,263,4,17.94,3,0.0,8.7906
7123,7120,CA-2017-118122,20171117,20171124,298,738,627,4,13.904,2,0.2,4.5188
7124,7121,US-2014-147774,20140120,20140126,528,774,438,4,67.194,1,0.7,-51.5154
7125,7122,CA-2017-166926,20171201,20171208,706,1130,628,4,41.86,7,0.0,18.837
7126,7123,CA-2017-166926,20171201,20171208,706,23,628,4,141.96,2,0.0,41.1684
7127,7124,CA-2015-128013,20150809,20150816,502,155,266,4,10.02,3,0.0,4.4088
7128,7125,CA-2015-128013,20150809,20150816,502,1148,266,4,144.12,3,0.0,69.1776
7129,7126,CA-2016-123176,20160927,20160929,366,1264,372,3,17.94,3,0.0,8.7906
7130,7127,CA-2016-123176,20160927,20160929,366,636,372,3,13.89,3,0.0,4.5837
7131,7128,US-2016-117541,20161114,20161120,396,1131,207,4,16.45,5,0.0,7.567
7132,7129,US-2016-117541,20161114,20161120,396,160,207,4,19.92,4,0.0,6.5736
7133,7130,CA-2016-166282,20160416,20160422,598,1604,437,4,35.168,4,0.2,8.3524
7134,7131,CA-2016-166282,20160416,20160422,598,1219,437,4,123.088,7,0.2,40.0036
7135,7132,CA-2017-141439,20171126,20171201,773,332,49,4,257.94,3,0.0,67.0644
7136,7133,CA-2017-141439,20171126,20171201,773,1813,49,4,1879.96,4,0.0,545.1884
7137,7134,CA-2017-141439,20171126,20171201,773,186,49,4,27.46,2,0.0,9.8856
7138,7135,CA-2017-141439,20171126,20171201,773,1773,49,4,89.98,2,0.0,43.1904
7139,7136,CA-2017-141439,20171126,20171201,773,124,49,4,828.6,3,0.0,240.294
7140,7137,CA-2015-163965,20151120,20151127,718,849,353,4,7.23,5,0.7,-5.784
7141,7138,CA-2015-163965,20151120,20151127,718,1344,353,4,17.44,2,0.2,1.308
7142,7139,CA-2015-163965,20151120,20151127,718,841,353,4,62.88,4,0.7,-50.304
7143,7140,CA-2015-163965,20151120,20151127,718,7,353,4,290.352,3,0.2,-36.294
7144,7141,CA-2017-128783,20170907,20170907,749,1557,105,2,113.52,4,0.0,46.5432
7145,7142,CA-2017-128783,20170907,20170907,749,268,105,2,135.3,5,0.0,37.884
7146,7143,CA-2014-122217,20141124,20141129,331,213,450,4,111.15,5,0.0,48.906
7147,7144,US-2017-141558,20170311,20170316,510,1807,306,4,776.85,5,0.4,-181.265
7148,7145,US-2017-141558,20170311,20170316,510,759,306,4,12.294,1,0.7,-8.6058
7149,7146,US-2017-141558,20170311,20170316,510,370,306,4,154.764,3,0.4,-46.4292
7150,7147,US-2017-141558,20170311,20170316,510,1440,306,4,43.28,1,0.2,3.246
7151,7148,CA-2016-139941,20160612,20160617,127,1046,260,4,92.94,3,0.0,41.823
7152,7149,CA-2016-139941,20160612,20160617,127,468,260,4,52.56,3,0.0,18.396
7153,7150,CA-2015-166583,20150626,20150630,777,1761,155,4,971.88,3,0.2,109.3365
7154,7151,CA-2017-100412,20171222,20171226,712,96,323,4,141.96,2,0.0,35.49
7155,7152,CA-2017-142909,20171222,20171225,21,360,457,3,182.55,2,0.5,-135.087
7156,7153,CA-2014-137911,20141009,20141015,100,1270,412,4,88.768,2,0.2,31.0688
7157,7154,CA-2015-106208,20151210,20151215,413,482,8,4,53.088,7,0.8,-108.8304
7158,7155,US-2015-136749,20151225,20151227,462,167,373,3,275.88,6,0.0,46.8996
7159,7156,US-2015-136749,20151225,20151227,462,836,373,3,157.9,5,0.0,74.213
7160,7157,CA-2017-126718,20170429,20170504,445,1013,247,4,4.91,1,0.0,2.4059
7161,7158,CA-2016-131380,20160328,20160331,131,1394,500,3,87.92,4,0.0,0.8792
7162,7159,CA-2016-131380,20160328,20160331,131,1108,500,3,5.98,1,0.0,2.9302
7163,7160,CA-2015-145835,20150513,20150518,83,1873,9,3,222.384,2,0.2,16.6788
7164,7161,CA-2015-145835,20150513,20150518,83,935,9,3,16.0,4,0.2,5.6
7165,7162,CA-2014-138709,20140704,20140709,540,1300,446,4,21.84,3,0.0,10.92
7166,7163,CA-2014-138709,20140704,20140709,540,654,446,4,15.6,5,0.0,7.644
7167,7164,CA-2014-122070,20140422,20140424,28,911,271,3,247.84,8,0.0,121.4416
7168,7165,CA-2014-122070,20140422,20140424,28,858,271,3,9.912,3,0.2,3.3453
7169,7166,CA-2016-158610,20160919,20160922,150,1328,311,1,69.52,2,0.0,17.38
7170,7167,CA-2014-117464,20140722,20140724,571,584,534,3,11.52,4,0.0,3.2256
7171,7168,CA-2014-117464,20140722,20140724,571,52,534,3,717.72,3,0.2,71.772
7172,7169,CA-2014-117464,20140722,20140724,571,1406,534,3,236.5,10,0.0,68.585
7173,7170,CA-2014-117464,20140722,20140724,571,382,534,3,170.352,3,0.2,19.1646
7174,7171,US-2017-168613,20171008,20171014,304,93,263,4,145.764,2,0.1,3.2392
7175,7172,CA-2017-125381,20170425,20170427,690,1485,532,3,107.97,3,0.0,22.6737
7176,7173,US-2017-141677,20170326,20170330,327,1485,155,4,143.96,5,0.2,1.7995
7177,7174,US-2017-141677,20170326,20170330,327,1636,155,4,2399.96,5,0.2,569.9905
7178,7175,US-2017-141677,20170326,20170330,327,1196,155,4,74.352,3,0.2,23.235
7179,7176,US-2017-141677,20170326,20170330,327,409,155,4,87.168,8,0.8,-226.6368
7180,7177,US-2017-141677,20170326,20170330,327,1321,155,4,32.232,3,0.2,2.4174
7181,7178,CA-2017-133067,20170504,20170510,550,767,306,4,2.202,2,0.7,-1.5414
7182,7179,CA-2017-133067,20170504,20170510,550,797,306,4,9.396,3,0.7,-7.5168
7183,7180,US-2016-144351,20161114,20161118,630,1765,212,4,89.97,3,0.0,25.1916
7184,7181,CA-2014-106054,20140106,20140107,397,563,371,1,12.78,3,0.0,5.2398
7185,7182,CA-2016-138667,20161227,20161230,547,1575,288,3,40.0,2,0.2,0.5
7186,7183,CA-2017-150609,20170430,20170504,579,735,500,4,23.24,5,0.2,7.553
7187,7184,CA-2017-128853,20170421,20170423,390,123,212,1,908.82,9,0.0,227.205
7188,7185,CA-2017-133102,20170817,20170824,256,1447,156,4,5.552,2,0.2,-1.041
7189,7186,CA-2017-133102,20170817,20170824,256,583,156,4,8.016,3,0.2,1.002
7190,7187,CA-2017-133102,20170817,20170824,256,82,156,4,74.592,4,0.3,-2.1312
7191,7188,CA-2017-133102,20170817,20170824,256,255,156,4,16.784,2,0.6,-22.2388
7192,7189,CA-2017-133102,20170817,20170824,256,419,156,4,38.864,4,0.8,-99.1032
7193,7190,CA-2016-164399,20161112,20161115,241,1889,529,1,203.976,3,0.2,25.497
7194,7191,CA-2016-164399,20161112,20161115,241,362,529,1,674.352,3,0.2,-8.4294
7195,7192,CA-2016-116918,20161001,20161006,376,819,342,3,5.388,4,0.7,-4.49
7196,7193,CA-2016-116918,20161001,20161006,376,600,342,3,30.976,8,0.2,5.0336
7197,7194,CA-2016-110492,20160212,20160214,408,1423,372,1,1350.12,6,0.0,175.5156
7198,7195,CA-2016-110492,20160212,20160214,408,778,372,1,15.92,4,0.0,7.4824
7199,7196,CA-2016-147683,20161113,20161117,605,317,627,4,19.54,2,0.0,7.2298
7200,7197,CA-2014-116785,20140426,20140430,510,595,501,4,21.4,5,0.0,6.206
7201,7198,CA-2014-116785,20140426,20140430,510,963,501,4,12.6,2,0.0,5.796
7202,7199,US-2015-156797,20150811,20150815,605,528,266,4,11.96,2,0.0,3.1096
7203,7200,US-2015-156797,20150811,20150815,605,1880,266,4,138.0,2,0.0,34.5
7204,7201,CA-2016-104276,20161127,20161203,321,1778,341,4,116.76,1,0.2,14.595
7205,7202,CA-2016-104276,20161127,20161203,321,332,341,4,331.023,7,0.45,-114.3534
7206,7203,CA-2016-120369,20161028,20161028,776,277,269,2,756.8,5,0.0,75.68
7207,7204,CA-2014-118276,20141229,20150102,507,216,31,4,8.736,3,0.6,-4.8048
7208,7205,CA-2015-136658,20150910,20150917,98,505,265,4,6.08,2,0.0,2.0672
7209,7206,CA-2017-137414,20171002,20171006,157,184,532,4,17.46,2,0.0,5.9364
7210,7207,CA-2017-137414,20171002,20171006,157,1676,532,4,369.16,11,0.2,32.3015
7211,7208,CA-2016-143476,20160911,20160913,453,607,459,1,2.912,2,0.2,0.91
7212,7209,CA-2016-143476,20160911,20160913,453,1150,459,1,20.736,4,0.2,7.2576
7213,7210,CA-2016-143476,20160911,20160913,453,1135,459,1,9.568,2,0.2,2.99
7214,7211,US-2016-119046,20160602,20160606,258,1047,629,4,30.18,3,0.0,13.8828
7215,7212,US-2016-119046,20160602,20160606,258,688,629,4,51.648,12,0.2,18.7224
7216,7213,US-2016-119046,20160602,20160606,258,653,629,4,11.232,3,0.2,3.9312
7217,7214,CA-2017-154949,20171015,20171019,487,985,471,4,14.73,3,0.0,7.2177
7218,7216,CA-2015-103072,20150927,20150930,334,1228,68,3,25.92,4,0.0,12.4416
7219,7217,CA-2015-150770,20150503,20150506,451,524,532,1,8.82,3,0.0,2.5578
7220,7218,CA-2015-150770,20150503,20150506,451,733,532,1,62.496,2,0.2,21.8736
7221,7219,CA-2015-150770,20150503,20150506,451,1501,532,1,339.96,4,0.0,122.3856
7222,7220,CA-2015-150770,20150503,20150506,451,709,532,1,49.568,2,0.2,17.3488
7223,7221,CA-2017-154760,20170109,20170113,104,844,306,4,274.491,3,0.7,-228.7425
7224,7222,US-2017-104437,20170127,20170131,748,1714,266,4,137.94,3,0.0,35.8644
7225,7223,CA-2017-113075,20170902,20170906,494,1586,9,4,40.68,3,0.2,-7.119
7226,7224,CA-2016-109953,20160714,20160718,622,1862,534,4,110.376,3,0.2,12.4173
7227,7225,CA-2016-109953,20160714,20160718,622,450,534,4,151.62,7,0.0,50.0346
7228,7226,CA-2016-109953,20160714,20160718,622,141,534,4,30.8,4,0.0,10.164
7229,7227,CA-2017-127397,20170224,20170228,279,1101,305,4,123.92,5,0.2,38.725
7230,7228,CA-2017-127397,20170224,20170228,279,1573,305,4,1319.8,5,0.2,214.4675
7231,7229,CA-2014-157546,20140720,20140722,634,752,534,1,89.712,6,0.2,30.2778
7232,7230,CA-2014-157546,20140720,20140722,634,1293,534,1,22.83,3,0.0,10.7301
7233,7231,CA-2017-153843,20170313,20170315,674,745,198,1,30.88,2,0.0,15.44
7234,7232,CA-2017-153843,20170313,20170315,674,420,198,1,465.16,2,0.0,120.9416
7235,7233,CA-2017-153843,20170313,20170315,674,1249,198,1,27.12,4,0.0,12.4752
7236,7234,CA-2016-137337,20160308,20160312,296,258,264,4,113.6,8,0.0,44.304
7237,7235,CA-2016-137337,20160308,20160312,296,1156,264,4,12.96,2,0.0,6.3504
7238,7236,CA-2016-137337,20160308,20160312,296,672,264,4,69.456,2,0.2,22.5732
7239,7237,CA-2014-138737,20141207,20141210,291,584,503,1,8.64,3,0.0,2.4192
7240,7238,CA-2016-164924,20160710,20160710,246,1653,307,2,341.991,3,0.7,-319.1916
7241,7239,CA-2016-101651,20161224,20161230,673,170,536,4,43.96,7,0.0,18.4632
7242,7240,CA-2016-101651,20161224,20161230,673,879,536,4,39.76,7,0.0,18.6872
7243,7241,CA-2017-136651,20170423,20170425,361,227,515,3,66.36,7,0.0,26.544
7244,7242,CA-2017-136651,20170423,20170425,361,790,515,3,92.88,6,0.2,30.186
7245,7243,CA-2017-136651,20170423,20170425,361,319,515,3,24.14,2,0.0,7.9662
7246,7244,CA-2017-118892,20170817,20170822,758,83,305,3,4416.174,9,0.3,-630.882
7247,7245,US-2017-151127,20170522,20170525,648,564,503,1,49.56,7,0.0,18.8328
7248,7246,CA-2017-145807,20170209,20170213,665,1360,500,4,354.9,5,0.0,17.745
7249,7247,US-2014-127978,20140303,20140308,406,963,279,4,15.12,3,0.2,4.914
7250,7248,US-2014-127978,20140303,20140308,406,16,279,4,302.45,5,0.5,-199.617
7251,7249,US-2014-127978,20140303,20140308,406,1395,279,4,44.672,8,0.2,-10.0512
7252,7250,CA-2015-158491,20150604,20150609,101,1533,499,3,119.98,2,0.0,35.994
7253,7251,CA-2015-158491,20150604,20150609,101,1597,499,3,989.97,3,0.0,395.988
7254,7252,CA-2016-116764,20160827,20160902,269,992,343,4,9.216,4,0.2,3.3408
7255,7253,CA-2016-152457,20160912,20160918,678,1253,80,4,68.52,3,0.0,31.5192
7256,7254,CA-2016-152730,20160530,20160604,273,443,192,4,364.74,3,0.0,109.422
7257,7255,CA-2016-152730,20160530,20160604,273,175,192,4,47.4,5,0.0,21.33
7258,7256,CA-2016-152730,20160530,20160604,273,1341,192,4,49.76,4,0.0,13.9328
7259,7257,CA-2016-152730,20160530,20160604,273,605,192,4,5.56,2,0.0,1.4456
7260,7258,CA-2016-152730,20160530,20160604,273,1097,192,4,629.1,6,0.0,301.968
7261,7259,CA-2016-152730,20160530,20160604,273,510,192,4,14.7,5,0.0,3.969
7262,7260,CA-2016-152730,20160530,20160604,273,1303,192,4,45.36,7,0.0,21.7728
7263,7261,CA-2016-152730,20160530,20160604,273,1722,192,4,125.99,1,0.0,35.2772
7264,7262,CA-2017-137001,20170610,20170613,316,523,546,3,14.7,7,0.0,4.116
7265,7263,CA-2017-156363,20171022,20171028,520,1857,305,4,32.7,5,0.4,-6.54
7266,7264,CA-2017-156363,20171022,20171028,520,893,305,4,31.68,4,0.2,11.088
7267,7265,CA-2017-122056,20170613,20170617,593,625,448,4,181.86,7,0.0,50.9208
7268,7266,US-2014-143721,20141123,20141126,211,81,156,3,155.372,2,0.3,-35.5136
7269,7267,CA-2017-122987,20170816,20170816,696,762,428,2,13.428,3,0.7,-11.19
7270,7268,CA-2017-122987,20170816,20170816,696,1441,428,2,67.136,4,0.2,-0.8392
7271,7269,CA-2016-133368,20160114,20160120,25,1267,404,4,89.568,2,0.2,32.4684
7272,7270,CA-2016-133368,20160114,20160120,25,259,404,4,315.776,8,0.2,31.5776
7273,7271,CA-2016-123337,20160916,20160922,425,15,536,4,273.666,2,0.15,-12.8784
7274,7272,CA-2016-123337,20160916,20160922,425,430,536,4,17.48,4,0.0,4.5448
7275,7273,US-2016-150357,20161010,20161014,252,1475,409,4,20.608,2,0.2,-4.3792
7276,7274,US-2016-150357,20161010,20161014,252,753,409,4,4.095,3,0.7,-2.73
7277,7275,CA-2015-144519,20151113,20151117,62,1889,580,4,339.96,5,0.2,42.495
7278,7276,CA-2015-144519,20151113,20151117,62,171,580,4,63.98,7,0.0,21.7532
7279,7277,CA-2014-120670,20141102,20141106,383,1603,341,4,799.92,10,0.2,239.976
7280,7278,CA-2016-157217,20160719,20160721,746,1781,533,1,35.984,2,0.2,4.498
7281,7279,CA-2016-157217,20160719,20160721,746,1576,533,1,389.97,3,0.0,132.5898
7282,7280,CA-2016-108224,20160514,20160514,752,1595,464,2,185.528,7,0.2,48.7011
7283,7281,CA-2015-162782,20150221,20150227,615,788,214,4,2541.98,2,0.0,1270.99
7284,7282,CA-2017-159282,20171016,20171021,299,1660,464,4,599.985,5,0.7,-479.988
7285,7283,CA-2017-155936,20170622,20170629,381,750,10,4,3.036,3,0.8,-5.0094
7286,7284,CA-2017-169439,20170909,20170913,456,526,278,4,25.92,5,0.2,3.888
7287,7285,CA-2017-169439,20170909,20170913,456,165,278,4,66.112,2,0.2,-9.0904
7288,7286,CA-2017-151183,20171014,20171019,90,1591,533,4,46.36,4,0.0,15.2988
7289,7287,CA-2016-149965,20160620,20160625,105,1625,119,4,6.9,1,0.0,0.552
7290,7288,CA-2016-149965,20160620,20160625,105,302,119,4,57.69,3,0.0,23.6529
7291,7289,CA-2014-158281,20140902,20140907,24,1669,156,4,559.71,3,0.4,-121.2705
7292,7290,CA-2016-153661,20160130,20160131,679,1334,534,1,305.01,9,0.0,76.2525
7293,7291,CA-2016-153661,20160130,20160131,679,851,534,1,50.784,2,0.2,17.7744
7294,7292,CA-2016-153661,20160130,20160131,679,1025,534,1,26.01,9,0.0,12.2247
7295,7293,CA-2017-109183,20171204,20171209,470,1664,437,4,649.0,2,0.5,-272.58
7296,7294,CA-2016-113656,20160123,20160129,127,164,501,4,59.99,7,0.0,21.5964
7297,7295,CA-2015-148964,20150526,20150531,636,280,614,4,20.24,1,0.0,7.8936
7298,7296,CA-2014-111899,20140504,20140505,555,538,153,1,37.84,2,0.2,2.838
7299,7297,CA-2014-111899,20140504,20140505,555,925,153,1,5.472,6,0.2,1.8468
7300,7509,US-2017-161935,20170714,20170718,388,1079,279,4,9.248,2,0.2,3.3524
7301,7298,CA-2015-101126,20150210,20150214,554,1346,307,3,77.24,5,0.2,7.724
7302,7299,CA-2014-163468,20141118,20141121,381,352,13,1,292.1,4,0.5,-175.26
7303,7300,CA-2014-163468,20141118,20141121,381,191,13,1,8.544,2,0.6,-7.476
7304,7301,CA-2014-163468,20141118,20141121,381,35,13,1,424.116,6,0.3,-30.294
7305,7302,CA-2014-163468,20141118,20141121,381,849,13,1,2.892,3,0.8,-4.9164
7306,7303,CA-2014-163468,20141118,20141121,381,1311,13,1,381.72,5,0.2,-66.801
7307,7304,US-2017-117450,20170904,20170908,229,114,335,4,97.184,2,0.2,6.074
7308,7305,US-2017-117450,20170904,20170908,229,1049,335,4,10.368,2,0.2,3.6288
7309,7306,CA-2014-137274,20140329,20140402,508,345,172,4,890.841,3,0.3,-152.7156
7310,7307,CA-2016-144092,20161105,20161107,464,1548,536,3,72.0,4,0.0,12.96
7311,7308,CA-2016-144092,20161105,20161107,464,135,536,3,113.888,2,0.2,9.9652
7312,7309,CA-2016-144092,20161105,20161107,464,872,536,3,158.13,3,0.0,77.4837
7313,7310,CA-2017-112172,20170610,20170614,528,953,265,3,14.13,3,0.0,0.7065
7314,7311,CA-2015-121699,20150810,20150814,68,843,69,4,64.75,5,0.0,29.1375
7315,7312,CA-2015-162761,20151009,20151013,676,654,352,4,1.872,2,0.7,-1.3104
7316,7313,CA-2015-162761,20151009,20151013,676,752,352,4,11.214,2,0.7,-8.5974
7317,7314,CA-2015-162761,20151009,20151013,676,539,352,4,37.376,8,0.2,7.4752
7318,7315,CA-2016-121377,20160528,20160602,756,1772,26,4,286.4,1,0.2,25.06
7319,7316,CA-2017-115322,20170511,20170516,792,630,265,3,43.92,3,0.0,12.7368
7320,7317,CA-2016-132066,20161016,20161020,554,337,264,4,142.182,1,0.4,-37.9152
7321,7318,CA-2017-158120,20171117,20171121,429,1230,596,4,19.608,3,0.2,6.6177
7322,7319,CA-2017-158120,20171117,20171121,429,761,596,4,4.158,7,0.7,-3.465
7323,7320,CA-2017-100097,20171126,20171129,529,1795,263,3,979.95,5,0.0,264.5865
7324,7321,CA-2017-100097,20171126,20171129,529,268,263,3,135.3,5,0.0,37.884
7325,7322,CA-2017-167626,20170903,20170907,550,1239,9,4,8.904,3,0.2,3.339
7326,7323,CA-2017-167626,20170903,20170907,550,1606,9,4,100.8,2,0.2,21.42
7327,7324,US-2017-126053,20171205,20171208,173,206,265,1,41.96,2,0.0,10.9096
7328,7325,US-2017-126053,20171205,20171208,173,1009,265,1,9.45,3,0.0,4.536
7329,7326,US-2017-128447,20171110,20171117,493,476,624,4,400.8,5,0.0,112.224
7330,7327,US-2017-128447,20171110,20171117,493,707,624,4,28.792,1,0.2,10.0772
7331,7328,US-2014-131275,20140318,20140324,669,309,470,4,111.0,2,0.0,14.43
7332,7329,US-2014-131275,20140318,20140324,669,1660,470,4,1279.968,4,0.2,415.9896
7333,7330,US-2014-131275,20140318,20140324,669,1315,470,4,1856.19,7,0.0,334.1142
7334,7331,CA-2016-149349,20161112,20161113,709,175,9,1,22.752,6,0.6,-8.532
7335,7332,CA-2017-115119,20171026,20171030,675,1750,303,4,61.542,1,0.4,-13.3341
7336,7333,CA-2017-115119,20171026,20171030,675,773,303,4,81.438,7,0.7,-65.1504
7337,7334,CA-2015-125563,20150411,20150417,608,182,369,4,67.36,2,0.2,10.104
7338,7335,CA-2015-125563,20150411,20150417,608,143,369,4,54.528,3,0.2,14.3136
7339,7336,CA-2015-113152,20151225,20151230,379,1542,265,4,843.9,2,0.0,371.316
7340,7337,CA-2015-113152,20151225,20151230,379,24,265,4,449.568,2,0.2,56.196
7341,7338,CA-2017-165155,20170921,20170923,92,1442,502,1,15.51,1,0.0,3.8775
7342,7339,CA-2014-163412,20141220,20141223,703,135,266,3,192.186,3,0.1,36.3018
7343,7340,CA-2015-159590,20150718,20150721,420,584,263,1,5.76,2,0.0,1.6128
7344,7341,CA-2014-116190,20140726,20140801,689,59,372,4,67.88,2,0.0,18.3276
7345,7342,CA-2014-116190,20140726,20140801,689,994,372,4,162.89,13,0.0,76.5583
7346,7343,CA-2014-116190,20140726,20140801,689,164,372,4,25.71,3,0.0,9.2556
7347,7344,CA-2014-168473,20141226,20150101,739,1326,263,4,191.88,6,0.0,19.188
7348,7345,CA-2017-168389,20171211,20171217,238,376,345,4,721.875,6,0.45,-420.0
7349,7346,CA-2017-168389,20171211,20171217,238,1844,345,4,73.568,4,0.2,-16.5528
7350,7347,CA-2017-168389,20171211,20171217,238,550,345,4,13.584,1,0.2,1.3584
7351,7348,CA-2017-168389,20171211,20171217,238,53,345,4,64.784,1,0.2,-12.147
7352,7349,CA-2014-130421,20140303,20140307,668,439,156,4,176.772,3,0.8,-459.6072
7353,7350,CA-2017-142125,20171021,20171027,341,660,190,4,38.82,6,0.0,19.41
7354,7351,CA-2017-142125,20171021,20171027,341,786,190,4,21.9,5,0.0,10.512
7355,7352,CA-2017-141138,20171110,20171116,300,1531,506,4,111.79,7,0.0,43.5981
7356,7353,CA-2017-152135,20170316,20170318,503,1842,287,3,445.44,8,0.4,-81.664
7357,7354,CA-2016-151974,20160922,20160929,633,1020,305,4,16.52,5,0.2,5.369
7358,7355,CA-2017-154102,20170206,20170213,704,1130,532,4,29.9,5,0.0,13.455
7359,7356,CA-2015-139780,20151231,20160102,35,818,68,3,116.4,8,0.0,52.38
7360,7357,CA-2016-114748,20161009,20161014,551,525,459,4,1.408,1,0.2,0.1584
7361,7358,CA-2016-114748,20161009,20161014,551,190,459,4,169.568,2,0.2,0.0
7362,7359,US-2014-115189,20141230,20150103,46,1787,307,3,251.964,6,0.4,-50.3928
7363,7360,US-2014-115189,20141230,20150103,46,379,307,3,523.764,3,0.4,-192.0468
7364,7361,CA-2016-163594,20160412,20160414,360,1093,501,1,19.44,3,0.0,9.3312
7365,7362,CA-2016-163594,20160412,20160414,360,53,501,1,194.352,3,0.2,-36.441
7366,7363,CA-2016-163594,20160412,20160414,360,798,501,1,36.624,3,0.2,13.734
7367,7364,CA-2016-127243,20161128,20161204,237,1878,306,4,340.182,3,0.4,-73.7061
7368,7365,CA-2016-127243,20161128,20161204,237,951,306,4,12.672,8,0.2,2.6928
7369,7366,CA-2016-127243,20161128,20161204,237,776,306,4,6.888,2,0.7,-5.0512
7370,7367,CA-2016-127243,20161128,20161204,237,1388,306,4,32.544,2,0.2,-7.7292
7371,7368,CA-2016-127243,20161128,20161204,237,96,306,4,347.802,7,0.3,-24.843
7372,7369,CA-2017-161851,20170415,20170417,100,846,353,1,15.57,3,0.7,-11.937
7373,7370,CA-2015-110345,20150309,20150311,748,974,414,3,4.608,2,0.2,1.6704
7374,7371,CA-2014-107769,20141028,20141101,112,1747,59,4,257.98,2,0.0,74.8142
7375,7372,US-2017-123862,20170107,20170109,359,1338,497,3,153.78,11,0.0,44.5962
7376,7373,US-2017-123862,20170107,20170109,359,1388,497,3,61.02,3,0.0,0.6102
7377,7374,US-2017-123862,20170107,20170109,359,1481,497,3,110.11,7,0.0,31.9319
7378,7375,US-2017-123862,20170107,20170109,359,946,497,3,7.89,1,0.0,3.5505
7379,7376,CA-2017-100580,20170813,20170820,518,650,530,4,36.024,3,0.2,11.7078
7380,7377,US-2017-145597,20171102,20171105,298,550,3,1,54.336,4,0.2,5.4336
7381,7378,CA-2014-132787,20140919,20140923,495,1357,629,4,92.52,6,0.0,24.9804
7382,7379,CA-2015-136224,20150531,20150531,524,595,406,2,10.272,3,0.2,1.1556
7383,7380,CA-2016-105732,20160913,20160918,19,1323,112,4,40.74,3,0.0,0.4074
7384,7381,CA-2016-105732,20160913,20160918,19,1023,112,4,14.4,5,0.0,7.056
7385,7382,CA-2016-105732,20160913,20160918,19,1765,112,4,149.95,5,0.0,41.986
7386,7383,CA-2016-105732,20160913,20160918,19,1480,112,4,16.9,2,0.0,5.07
7387,7384,CA-2016-105732,20160913,20160918,19,1181,112,4,17.61,3,0.0,8.4528
7388,7385,CA-2016-105732,20160913,20160918,19,416,112,4,378.0,2,0.0,136.08
7389,7386,CA-2016-105732,20160913,20160918,19,1151,112,4,17.64,3,0.0,8.6436
7390,7387,CA-2016-105732,20160913,20160918,19,1434,112,4,373.08,6,0.0,100.7316
7391,7388,CA-2016-105732,20160913,20160918,19,269,112,4,1336.44,14,0.0,387.5676
7392,7389,CA-2016-105732,20160913,20160918,19,1888,112,4,29.97,3,0.0,0.2997
7393,7390,CA-2017-108035,20171129,20171203,770,57,426,4,390.368,2,0.2,48.796
7394,7391,CA-2017-108035,20171129,20171203,770,288,426,4,101.52,5,0.2,19.035
7395,7392,CA-2017-160031,20171204,20171207,477,1046,283,3,74.352,3,0.2,23.235
7396,7393,CA-2017-147844,20170502,20170506,202,1218,503,4,15.7,5,0.0,7.065
7397,7394,CA-2017-147844,20170502,20170506,202,535,503,4,59.52,3,0.0,15.4752
7398,7395,CA-2017-147844,20170502,20170506,202,1204,503,4,34.4,5,0.0,15.824
7399,7396,CA-2016-110975,20161225,20161230,190,359,265,4,313.176,2,0.4,-120.0508
7400,7397,CA-2016-110975,20161225,20161230,190,111,265,4,866.646,3,0.1,173.3292
7401,7398,CA-2014-141649,20140930,20140930,223,454,283,2,795.408,6,0.2,59.6556
7402,7399,CA-2014-124807,20140712,20140715,499,1125,8,3,35.856,9,0.2,12.9978
7403,7400,CA-2014-124807,20140712,20140715,499,1568,8,3,23.84,4,0.2,3.278
7404,7401,CA-2016-110009,20160908,20160913,760,249,627,4,43.13,1,0.0,14.6642
7405,7402,CA-2016-110009,20160908,20160913,760,1199,627,4,30.87,7,0.0,14.2002
7406,7403,CA-2017-168172,20170806,20170810,693,1465,264,4,70.12,4,0.0,21.036
7407,7404,CA-2015-100146,20150514,20150519,128,41,471,4,509.9575,5,0.15,41.9965
7408,7405,CA-2015-100146,20150514,20150519,128,210,471,4,122.91,3,0.0,34.4148
7409,7406,CA-2015-100146,20150514,20150519,128,115,471,4,97.568,2,0.2,-6.098
7410,7407,CA-2015-100146,20150514,20150519,128,127,471,4,722.352,3,0.2,81.2646
7411,7408,CA-2017-152079,20170120,20170121,521,980,10,1,11.52,5,0.2,4.176
7412,7409,CA-2016-129728,20160530,20160606,367,255,500,4,167.84,8,0.0,11.7488
7413,7410,CA-2014-121769,20140408,20140412,408,377,297,4,172.11,1,0.4,-94.6605
7414,7411,CA-2014-103058,20140723,20140724,19,1517,264,1,99.98,2,0.0,7.9984
7415,7412,CA-2017-121125,20170530,20170603,507,1764,602,4,156.792,1,0.2,17.6391
7416,7413,CA-2017-121125,20170530,20170603,507,1549,602,4,35.36,2,0.2,-3.094
7417,7414,CA-2017-121125,20170530,20170603,507,172,602,4,13.592,1,0.2,-0.3398
7418,7415,US-2016-114013,20160313,20160315,680,124,305,3,386.68,2,0.3,-5.524
7419,7416,US-2016-114013,20160313,20160315,680,1494,305,3,379.96,5,0.2,47.495
7420,7417,US-2016-114013,20160313,20160315,680,1754,305,3,539.91,3,0.4,-116.9805
7421,7418,US-2016-114013,20160313,20160315,680,1310,305,3,41.24,5,0.2,13.9185
7422,7419,US-2016-114013,20160313,20160315,680,829,305,3,51.897,1,0.7,-41.5176
7423,7420,US-2016-114013,20160313,20160315,680,1398,305,3,552.56,5,0.2,-138.14
7424,7421,US-2016-114013,20160313,20160315,680,745,305,3,23.16,5,0.7,-15.44
7425,7422,US-2016-114013,20160313,20160315,680,1420,305,3,126.08,2,0.2,-28.368
7426,7423,US-2016-114013,20160313,20160315,680,1659,305,3,449.1,3,0.7,-643.71
7427,7424,CA-2017-135069,20170410,20170414,109,384,307,4,195.104,4,0.2,21.9492
7428,7425,CA-2017-135069,20170410,20170414,109,281,307,4,36.672,3,0.2,6.4176
7429,7426,CA-2016-101693,20160625,20160627,456,68,155,3,85.246,2,0.3,-6.089
7430,7427,CA-2016-101693,20160625,20160627,456,282,155,3,32.712,2,0.6,-26.1696
7431,7428,US-2014-164763,20140317,20140321,511,671,397,4,11.43,3,0.0,5.3721
7432,7429,US-2014-164763,20140317,20140321,511,661,397,4,30.44,2,0.0,14.9156
7433,7430,US-2014-164763,20140317,20140321,511,1236,397,4,12.96,2,0.0,6.3504
7434,7431,US-2014-164763,20140317,20140321,511,1223,397,4,16.0,4,0.0,7.68
7435,7432,US-2014-164763,20140317,20140321,511,467,397,4,32.67,3,0.0,8.4942
7436,7433,CA-2014-161249,20140809,20140813,634,954,459,4,4.464,3,0.2,-0.9486
7437,7434,CA-2014-161249,20140809,20140813,634,689,459,4,9.345,5,0.7,-6.5415
7438,7435,CA-2015-148180,20150726,20150731,100,671,514,4,9.144,3,0.2,3.0861
7439,7436,CA-2015-148180,20150726,20150731,100,781,514,4,23.136,6,0.2,8.3868
7440,7437,CA-2015-148180,20150726,20150731,100,554,514,4,99.2,5,0.0,25.792
7441,7438,CA-2014-165568,20140215,20140219,81,684,628,4,21.36,5,0.2,7.209
7442,7439,CA-2015-145457,20150324,20150327,165,279,616,3,46.9,5,0.0,13.132
7443,7440,US-2017-163657,20170902,20170906,386,653,503,4,18.72,5,0.2,6.552
7444,7441,US-2017-163657,20170902,20170906,386,380,503,4,236.528,2,0.2,-2.9566
7445,7442,CA-2015-120446,20151116,20151118,368,999,531,1,18.9,3,0.0,8.694
7446,7443,CA-2014-109932,20141209,20141211,784,1147,132,1,10.688,2,0.2,3.7408
7447,7444,CA-2014-109932,20141209,20141211,784,1312,132,1,237.096,3,0.2,20.7459
7448,7445,CA-2017-127474,20170203,20170207,635,1104,8,3,5.184,1,0.2,1.8144
7449,7446,CA-2017-127474,20170203,20170207,635,1100,8,3,65.584,2,0.2,23.7742
7450,7447,CA-2017-127474,20170203,20170207,635,309,8,3,22.2,1,0.6,-26.085
7451,7448,CA-2017-127474,20170203,20170207,635,1061,8,3,419.4,5,0.2,146.79
7452,7449,CA-2017-115448,20171111,20171114,515,294,433,1,88.92,5,0.2,14.4495
7453,7450,CA-2017-105669,20170917,20170922,695,492,153,3,9.912,3,0.2,3.2214
7454,7451,CA-2017-105669,20170917,20170922,695,113,153,3,318.43,5,0.3,-77.333
7455,7452,CA-2017-105669,20170917,20170922,695,747,153,3,5.8,5,0.8,-10.15
7456,7453,CA-2017-105669,20170917,20170922,695,1800,153,3,1415.76,6,0.2,88.485
7457,7454,CA-2017-134796,20170625,20170701,289,1842,4,4,148.48,2,0.2,16.704
7458,7455,CA-2016-137743,20160730,20160804,430,1006,9,4,9.248,4,0.2,3.1212
7459,7456,CA-2016-137743,20160730,20160804,430,1376,9,4,1036.624,2,0.2,51.8312
7460,7457,CA-2015-137974,20150416,20150418,465,1780,451,1,569.64,2,0.0,148.1064
7461,7458,CA-2015-137974,20150416,20150418,465,685,451,1,9.14,1,0.0,4.57
7462,7459,CA-2015-137974,20150416,20150418,465,185,451,1,1196.86,7,0.0,119.686
7463,7460,CA-2015-137974,20150416,20150418,465,8,451,1,523.26,9,0.0,125.5824
7464,7461,US-2015-136987,20150411,20150414,49,1634,498,3,639.968,4,0.2,215.9892
7465,7462,US-2015-136987,20150411,20150414,49,1225,498,3,52.76,2,0.0,24.2696
7466,7463,CA-2015-138485,20150227,20150301,572,1543,628,3,538.92,9,0.0,80.838
7467,7464,CA-2016-103709,20160908,20160915,469,587,550,4,14.88,2,0.0,3.72
7468,7465,CA-2016-103709,20160908,20160915,469,1295,550,4,34.24,8,0.0,15.408
7469,7466,CA-2016-103709,20160908,20160915,469,1355,550,4,261.74,2,0.0,65.435
7470,7467,CA-2016-138282,20160519,20160523,35,414,499,4,87.84,8,0.0,23.7168
7471,7468,CA-2017-148985,20171111,20171115,734,184,502,3,34.92,4,0.0,11.8728
7472,7469,CA-2014-138100,20140915,20140920,1,1056,264,4,14.94,3,0.0,7.0218
7473,7470,CA-2014-138100,20140915,20140920,1,228,264,4,14.56,2,0.0,6.2608
7474,7471,CA-2015-100734,20150915,20150920,14,755,307,4,3.576,4,0.7,-2.8608
7475,7472,CA-2015-100734,20150915,20150920,14,1369,307,4,147.184,2,0.2,-29.4368
7476,7473,CA-2016-139997,20160701,20160703,273,1629,605,1,1499.95,5,0.0,449.985
7477,7474,CA-2016-109652,20160410,20160415,616,483,10,4,13.568,4,0.2,3.2224
7478,7475,CA-2014-167199,20140106,20140110,498,121,385,4,2573.82,9,0.0,746.4078
7479,7476,CA-2014-167199,20140106,20140110,498,844,385,4,609.98,2,0.0,274.491
7480,7477,CA-2014-167199,20140106,20140110,498,536,385,4,5.48,2,0.0,1.4796
7481,7478,CA-2014-167199,20140106,20140110,498,1894,385,4,391.98,2,0.0,113.6742
7482,7479,CA-2014-167199,20140106,20140110,498,1878,385,4,755.96,4,0.0,204.1092
7483,7480,CA-2014-167199,20140106,20140110,498,934,385,4,31.12,4,0.0,0.3112
7484,7481,CA-2014-167199,20140106,20140110,498,1096,385,4,6.54,1,0.0,3.0084
7485,7482,CA-2016-124583,20160901,20160903,450,882,487,3,12.78,1,0.0,5.751
7486,7483,CA-2014-113964,20140923,20140930,402,845,264,4,18.464,4,0.2,6.924
7487,7484,CA-2014-129938,20141215,20141217,247,113,306,3,445.802,7,0.3,-108.2662
7488,7485,CA-2017-135111,20171228,20180102,178,638,113,4,2.48,1,0.0,0.868
7489,7486,CA-2017-135111,20171228,20180102,178,815,113,4,25.9,5,0.0,12.691
7490,7487,US-2015-134558,20151219,20151224,601,1105,234,3,29.9,5,0.0,14.651
7491,7488,US-2015-134558,20151219,20151224,601,1602,234,3,2249.91,9,0.0,517.4793
7492,7489,US-2015-134558,20151219,20151224,601,364,234,3,1053.164,4,0.3,-105.3164
7493,7490,CA-2017-157196,20171105,20171109,4,1228,531,4,12.96,2,0.0,6.2208
7494,7491,CA-2015-108672,20150910,20150916,280,276,500,4,106.68,6,0.0,33.0708
7495,7492,US-2017-118598,20171116,20171116,159,1810,272,2,119.94,6,0.0,5.997
7496,7493,US-2017-160836,20170911,20170916,134,1276,155,4,10.272,3,0.2,3.21
7497,7494,US-2017-160836,20170911,20170916,134,357,155,4,512.19,5,0.3,-65.853
7498,7495,US-2017-160836,20170911,20170916,134,421,155,4,1.556,2,0.8,-4.2012
7499,7496,CA-2017-121048,20170714,20170718,744,814,551,4,4.448,2,0.2,1.4456
7500,7497,CA-2017-121048,20170714,20170718,744,267,551,4,276.69,3,0.0,49.8042
7501,7498,CA-2017-121048,20170714,20170718,744,919,551,4,4.96,4,0.0,2.3312
7502,7499,CA-2017-121048,20170714,20170718,744,621,551,4,71.92,4,0.0,20.8568
7503,7500,CA-2017-121048,20170714,20170718,744,246,551,4,18.84,3,0.0,7.9128
7504,7501,CA-2017-121048,20170714,20170718,744,1507,551,4,140.97,3,0.0,19.7358
7505,7502,CA-2017-121048,20170714,20170718,744,1894,551,4,470.376,3,0.2,52.9173
7506,7503,US-2017-120147,20170330,20170330,738,505,501,2,6.08,2,0.0,2.0672
7507,7504,US-2017-120147,20170330,20170330,738,1801,501,2,164.792,1,0.2,18.5391
7508,7505,CA-2016-158043,20160131,20160204,377,895,236,3,23.36,2,0.0,11.68
7509,7506,US-2017-106579,20170608,20170613,120,661,32,4,12.176,4,0.8,-18.8728
7510,7507,CA-2014-115889,20141102,20141106,693,1763,534,4,46.384,2,0.2,5.2182
7511,7508,CA-2014-115889,20141102,20141106,693,1408,534,4,362.92,2,0.0,105.2468
7512,7510,US-2017-161935,20170714,20170718,388,1726,279,4,1889.946,9,0.4,-377.9892
7513,7511,US-2017-161935,20170714,20170718,388,1415,279,4,62.04,5,0.2,4.653
7514,7512,US-2017-161935,20170714,20170718,388,245,279,4,396.92,5,0.2,148.845
7515,7513,US-2017-161935,20170714,20170718,388,1378,279,4,239.456,7,0.2,17.9592
7516,7514,US-2017-161935,20170714,20170718,388,640,279,4,13.12,5,0.2,2.132
7517,7515,US-2017-167920,20171209,20171212,388,827,389,3,29.36,2,0.0,13.5056
7518,7516,US-2017-167920,20171209,20171212,388,388,389,3,214.9,5,0.0,62.321
7519,7517,US-2017-167920,20171209,20171212,388,778,389,3,15.92,4,0.0,7.4824
7520,7518,US-2017-167920,20171209,20171212,388,1508,389,3,146.45,5,0.0,48.3285
7521,7519,US-2017-167920,20171209,20171212,388,1443,389,3,15.14,1,0.0,0.6056
7522,7520,US-2017-167920,20171209,20171212,388,1018,389,3,5.76,2,0.0,2.6496
7523,7521,US-2017-167920,20171209,20171212,388,1630,389,3,1399.98,2,0.0,629.991
7524,7522,CA-2016-162383,20160905,20160911,496,762,288,4,8.952,2,0.7,-7.46
7525,7523,CA-2016-162383,20160905,20160911,496,720,288,4,8.856,6,0.7,-6.4944
7526,7524,CA-2016-162383,20160905,20160911,496,126,288,4,85.246,2,0.3,-1.2178
7527,7525,CA-2014-125731,20140910,20140916,153,894,595,4,21.728,7,0.2,7.6048
7528,7526,CA-2014-125731,20140910,20140916,153,119,595,4,1487.04,5,0.2,148.704
7529,7527,US-2017-106145,20170926,20170926,618,865,532,2,71.88,6,0.0,33.0648
7530,7528,US-2017-106145,20170926,20170926,618,278,532,2,9.24,3,0.0,2.9568
7531,7529,US-2017-106145,20170926,20170926,618,1179,532,2,35.88,6,0.0,16.146
7532,7530,US-2017-106145,20170926,20170926,618,742,532,2,17.04,3,0.2,5.538
7533,7531,US-2017-106145,20170926,20170926,618,807,532,2,931.176,3,0.2,314.2719
7534,7532,CA-2016-107146,20160617,20160619,452,223,565,1,266.352,3,0.2,-13.3176
7535,7533,CA-2016-107146,20160617,20160619,452,133,565,1,483.136,4,0.2,54.3528
7536,7534,US-2017-134642,20170225,20170301,725,100,410,4,196.784,2,0.2,-22.1382
7537,7535,US-2017-134642,20170225,20170301,725,49,410,4,231.92,5,0.2,5.798
7538,7536,US-2017-160143,20170331,20170407,323,1472,498,4,29.7,3,0.0,8.019
7539,7537,CA-2017-103415,20171203,20171208,545,172,154,4,13.592,2,0.6,-14.2716
7540,7538,CA-2016-106460,20160219,20160222,312,1139,532,3,70.88,2,0.0,33.3136
7541,7539,US-2017-112347,20171202,20171206,106,1411,560,4,114.288,1,0.2,12.8574
7542,7540,US-2017-112347,20171202,20171206,106,798,560,4,36.624,8,0.7,-24.416
7543,7541,US-2017-112347,20171202,20171206,106,35,560,4,242.352,8,0.7,-363.528
7544,8136,CA-2015-121776,20150216,20150221,632,994,499,4,87.71,7,0.0,41.2237
7545,7542,US-2017-112347,20171202,20171206,106,1715,560,4,49.616,2,0.2,4.9616
7546,7543,US-2017-112347,20171202,20171206,106,190,560,4,508.704,6,0.2,0.0
7547,7544,US-2017-112347,20171202,20171206,106,1885,560,4,57.36,6,0.2,-14.34
7548,7545,US-2017-112347,20171202,20171206,106,92,560,4,906.68,5,0.2,68.001
7549,7546,CA-2014-103492,20141010,20141015,164,1741,157,4,719.952,6,0.2,71.9952
7550,7547,CA-2014-103492,20141010,20141015,164,1881,157,4,755.944,7,0.2,66.1451
7551,7548,CA-2014-103492,20141010,20141015,164,852,157,4,11.98,5,0.8,-19.168
7552,7549,CA-2014-103492,20141010,20141015,164,819,157,4,0.898,1,0.8,-1.5715
7553,7550,CA-2016-136595,20160905,20160907,269,313,153,1,21.204,3,0.6,-11.6622
7554,7551,CA-2014-140396,20141120,20141125,429,884,265,4,34.74,3,0.0,17.37
7555,7552,CA-2014-140396,20141120,20141125,429,1873,265,4,833.94,6,0.0,216.8244
7556,7553,CA-2014-140396,20141120,20141125,429,794,265,4,12.96,3,0.2,4.536
7557,7554,CA-2014-140396,20141120,20141125,429,1044,265,4,25.92,4,0.0,12.4416
7558,7555,CA-2014-114181,20140510,20140514,18,46,305,3,349.965,7,0.5,-216.9783
7559,7556,CA-2014-114181,20140510,20140514,18,503,305,3,22.32,5,0.2,5.301
7560,7557,CA-2017-159506,20171127,20171202,405,1245,37,4,158.28,6,0.0,72.8088
7561,7558,CA-2017-159506,20171127,20171202,405,838,37,4,497.94,3,0.0,224.073
7562,7559,US-2014-137155,20141101,20141105,219,438,260,4,533.94,3,0.0,154.8426
7563,7560,US-2014-137155,20141101,20141105,219,1091,260,4,167.94,3,0.0,82.2906
7564,7561,US-2014-137155,20141101,20141105,219,252,260,4,31.68,6,0.0,9.8208
7565,7562,CA-2016-105746,20161230,20170101,71,57,303,1,170.786,1,0.3,0.0
7566,7563,US-2016-104815,20160903,20160907,625,38,8,4,198.744,4,0.3,0.0
7567,7564,CA-2017-157672,20171005,20171007,628,1529,560,1,63.824,2,0.2,13.5626
7568,7565,US-2016-166660,20160130,20160201,735,69,627,3,435.168,4,0.2,-59.8356
7569,7566,US-2016-166660,20160130,20160201,735,4,627,3,48.58,1,0.0,7.7728
7570,7567,CA-2017-140802,20170421,20170423,440,1537,155,1,47.976,3,0.2,8.3958
7571,7568,CA-2017-140802,20170421,20170423,440,1126,155,1,20.736,4,0.2,7.2576
7572,7569,CA-2014-133830,20141205,20141210,648,577,502,4,26.46,9,0.0,11.907
7573,7570,CA-2014-133830,20141205,20141210,648,1118,502,4,49.12,4,0.0,23.0864
7574,7571,CA-2014-133830,20141205,20141210,648,935,502,4,15.0,3,0.0,7.2
7575,7572,CA-2014-100916,20141021,20141026,284,1417,445,4,194.7,5,0.0,9.735
7576,7573,CA-2014-100916,20141021,20141026,284,380,445,4,591.32,4,0.0,112.3508
7577,7574,CA-2014-100916,20141021,20141026,284,511,445,4,2.84,1,0.0,0.8804
7578,7575,CA-2015-129532,20151208,20151212,791,1431,501,4,221.96,2,0.0,4.4392
7579,7576,CA-2015-129532,20151208,20151212,791,1502,501,4,236.0,4,0.0,40.12
7580,7577,CA-2014-134726,20141102,20141107,729,1482,629,3,41.94,2,0.0,15.0984
7581,7578,CA-2014-134726,20141102,20141107,729,1767,629,3,52.792,1,0.2,4.6193
7582,7579,CA-2016-138597,20161218,20161221,602,138,112,1,563.94,3,0.0,112.788
7583,7580,CA-2015-123113,20151123,20151127,60,392,245,3,2625.12,8,0.0,735.0336
7584,7581,CA-2015-123113,20151123,20151127,60,646,245,3,17.94,3,0.0,4.485
7585,7582,CA-2015-169656,20150813,20150816,264,1426,307,1,422.856,3,0.2,15.8571
7586,7583,CA-2015-142734,20150416,20150421,225,118,265,4,127.764,2,0.1,2.8392
7587,7584,CA-2014-163223,20140321,20140325,433,1733,448,4,3499.93,7,0.0,909.9818
7588,7585,CA-2014-163223,20140321,20140325,433,1018,448,4,14.4,5,0.0,6.624
7589,7586,CA-2014-163223,20140321,20140325,433,1083,448,4,122.97,3,0.0,60.2553
7590,7587,CA-2014-163223,20140321,20140325,433,534,448,4,9.32,4,0.0,2.7028
7591,7588,CA-2014-163223,20140321,20140325,433,710,448,4,122.94,3,0.0,59.0112
7592,7589,CA-2017-122945,20171116,20171122,486,180,524,4,17.31,3,0.0,5.193
7593,7590,CA-2015-139738,20150925,20150929,212,634,29,4,128.744,7,0.2,12.8744
7594,7591,CA-2016-158778,20160905,20160909,193,150,305,4,58.248,9,0.2,11.6496
7595,7592,CA-2016-158778,20160905,20160909,193,67,305,4,71.246,2,0.3,-19.3382
7596,7593,CA-2016-158778,20160905,20160909,193,507,305,4,7.872,3,0.2,0.5904
7597,7594,CA-2016-158778,20160905,20160909,193,55,305,4,887.271,3,0.3,-63.3765
7598,7595,CA-2017-119655,20170420,20170424,183,729,70,4,146.86,7,0.0,70.4928
7599,7596,CA-2017-119655,20170420,20170424,183,685,70,4,36.56,4,0.0,18.28
7600,7597,CA-2015-164567,20150615,20150619,303,1784,498,4,225.576,3,0.2,22.5576
7601,7598,CA-2014-131947,20140917,20140922,340,531,601,4,5.248,2,0.2,0.4592
7602,7599,CA-2014-131947,20140917,20140922,340,493,601,4,38.256,3,0.2,4.782
7603,7600,CA-2014-131947,20140917,20140922,340,1047,601,4,40.24,5,0.2,13.078
7604,7601,CA-2014-131947,20140917,20140922,340,1696,601,4,29.925,5,0.7,-21.945
7605,7602,CA-2014-131947,20140917,20140922,340,1222,601,4,148.704,6,0.2,46.47
7606,7603,CA-2014-131947,20140917,20140922,340,1615,601,4,55.92,10,0.2,16.776
7607,7604,CA-2016-152520,20160708,20160712,751,1049,311,4,12.96,2,0.0,6.2208
7608,7605,CA-2016-101791,20160527,20160531,108,255,9,4,25.176,3,0.6,-33.3582
7609,7606,CA-2016-101791,20160527,20160531,108,219,9,4,5.584,2,0.6,-1.6752
7610,7607,CA-2016-101791,20160527,20160531,108,1366,9,4,1297.368,9,0.2,97.3026
7611,7608,CA-2017-121195,20171224,20171227,576,1327,142,1,264.32,2,0.2,19.824
7612,7609,CA-2017-163209,20170503,20170507,519,1104,534,4,25.92,4,0.0,12.4416
7613,7610,CA-2017-163209,20170503,20170507,519,601,534,4,22.96,7,0.0,6.6584
7614,7611,CA-2014-133354,20140222,20140224,664,1145,508,1,19.44,3,0.0,9.3312
7615,7612,US-2015-130491,20150208,20150211,89,1090,59,1,9.54,2,0.0,4.293
7616,7613,US-2015-130491,20150208,20150211,89,916,59,1,5.81,1,0.0,1.8011
7617,7614,US-2015-130491,20150208,20150211,89,517,59,1,5.76,2,0.0,1.728
7618,7615,CA-2015-113740,20150824,20150828,674,139,266,3,14.91,3,0.0,4.6221
7619,7616,CA-2014-148425,20141130,20141204,640,656,356,4,6.642,9,0.7,-4.428
7620,7617,CA-2016-144309,20161210,20161216,160,1143,273,4,18.54,2,0.0,8.7138
7621,7618,CA-2016-144309,20161210,20161216,160,793,273,4,679.96,5,0.2,220.987
7622,7619,CA-2017-151225,20171027,20171029,394,337,500,1,189.576,1,0.2,9.4788
7623,7620,CA-2017-151225,20171027,20171029,394,1864,500,1,71.96,5,0.2,7.196
7624,7621,US-2014-144078,20141125,20141129,623,1762,498,4,539.92,5,0.2,47.243
7625,7622,US-2014-144078,20141125,20141129,623,92,498,4,725.344,4,0.2,54.4008
7626,7623,US-2014-144078,20141125,20141129,623,638,498,4,7.44,3,0.0,2.604
7627,7624,CA-2014-124464,20140714,20140720,716,397,207,4,39.48,1,0.0,11.0544
7628,7625,CA-2015-136805,20150523,20150527,569,416,70,3,850.5,5,0.1,245.7
7629,7626,CA-2015-136805,20150523,20150527,569,272,70,3,75.33,9,0.0,19.5858
7630,7627,US-2015-159499,20151121,20151123,272,446,459,3,325.632,6,0.2,28.4928
7631,7628,US-2015-159499,20151121,20151123,272,1565,459,3,23.344,2,0.2,-1.459
7632,7629,US-2015-159499,20151121,20151123,272,998,459,3,16.52,5,0.2,5.369
7633,7630,CA-2014-162089,20140330,20140401,533,880,132,1,335.72,5,0.2,113.3055
7634,7631,CA-2014-162089,20140330,20140401,533,1773,132,1,251.944,7,0.2,88.1804
7635,7632,CA-2014-162089,20140330,20140401,533,88,132,1,127.302,7,0.3,-9.093
7636,7633,US-2017-158526,20171229,20180101,430,95,386,3,1207.84,8,0.0,314.0384
7637,7634,US-2017-158526,20171229,20180101,430,748,386,3,12.53,1,0.0,5.8891
7638,7635,US-2017-158526,20171229,20180101,430,602,386,3,34.58,1,0.0,10.0282
7639,7636,US-2017-158526,20171229,20180101,430,127,386,3,300.98,1,0.0,87.2842
7640,7637,US-2017-158526,20171229,20180101,430,71,386,3,258.75,3,0.0,77.625
7641,7638,CA-2017-104885,20170302,20170308,197,535,207,4,59.52,3,0.0,15.4752
7642,7639,CA-2017-104885,20170302,20170308,197,897,207,4,57.96,7,0.0,27.2412
7643,7640,CA-2017-104885,20170302,20170308,197,36,207,4,441.96,2,0.0,101.6508
7644,7641,CA-2017-104885,20170302,20170308,197,1208,207,4,68.04,6,0.0,33.3396
7645,7642,US-2016-157490,20161006,20161007,450,1663,569,1,703.71,6,0.7,-938.28
7646,7643,US-2016-157490,20161006,20161007,450,762,569,1,17.904,4,0.7,-14.92
7647,7644,US-2016-157490,20161006,20161007,450,754,569,1,11.976,4,0.7,-9.1816
7648,7645,US-2016-157490,20161006,20161007,450,1525,569,1,67.96,5,0.2,0.8495
7649,7646,CA-2015-161452,20150405,20150411,121,119,501,4,892.224,3,0.2,89.2224
7650,7647,US-2014-115196,20140909,20140913,219,1666,410,4,1299.99,2,0.5,-571.9956
7651,7648,CA-2016-138968,20160315,20160316,282,789,533,1,4.544,2,0.2,1.6472
7652,7649,CA-2016-138968,20160315,20160316,282,55,533,1,1352.032,4,0.2,84.502
7653,7650,CA-2015-101889,20151227,20151231,192,373,290,4,1548.99,9,0.4,-464.697
7654,7651,CA-2015-101889,20151227,20151231,192,897,290,4,19.872,3,0.2,6.7068
7655,7652,CA-2017-110821,20170807,20170808,148,1524,140,1,119.448,3,0.2,-13.4379
7656,7653,CA-2017-110821,20170807,20170808,148,1403,140,1,118.16,2,0.2,-25.109
7657,7654,CA-2015-121552,20150322,20150327,292,585,320,4,19.56,4,0.0,5.4768
7658,7655,CA-2015-107685,20151130,20151202,395,240,583,3,80.96,4,0.0,29.1456
7659,7656,CA-2015-107685,20151130,20151202,395,1257,583,3,25.92,4,0.0,12.4416
7660,7657,US-2014-120740,20140415,20140415,610,390,503,2,106.96,2,0.0,31.0184
7661,7658,US-2014-120740,20140415,20140415,610,296,503,2,187.76,4,0.0,76.9816
7662,7659,CA-2017-155740,20170730,20170802,745,686,287,1,76.776,4,0.7,-53.7432
7663,7660,CA-2017-146493,20170601,20170605,184,795,109,4,53.9,5,0.0,25.872
7664,7661,CA-2014-105417,20140107,20140112,785,320,157,4,76.728,3,0.6,-53.7096
7665,7662,CA-2014-105417,20140107,20140112,785,799,157,4,10.43,7,0.8,-18.2525
7666,7663,US-2017-141509,20170929,20171001,676,554,501,1,99.2,5,0.0,25.792
7667,7664,CA-2017-139493,20170913,20170919,690,581,399,4,15.92,5,0.2,2.786
7668,7665,CA-2014-151967,20141022,20141026,553,145,390,4,129.92,4,0.0,10.3936
7669,7666,US-2016-140158,20161004,20161008,235,683,311,4,30.4,1,0.0,13.984
7670,7667,US-2016-140158,20161004,20161008,235,1631,311,4,5399.91,9,0.0,2591.9568
7671,7668,US-2016-140158,20161004,20161008,235,1318,311,4,119.1,3,0.0,34.539
7672,7669,CA-2015-130974,20151127,20151129,483,1088,222,3,40.08,6,0.0,19.2384
7673,7670,CA-2015-130974,20151127,20151129,483,1099,222,3,59.94,3,0.0,28.1718
7674,7671,CA-2015-130974,20151127,20151129,483,1576,222,3,259.98,2,0.0,88.3932
7675,7672,CA-2015-130974,20151127,20151129,483,27,222,3,170.98,1,0.0,32.4862
7676,7673,CA-2015-130974,20151127,20151129,483,231,222,3,38.97,3,0.0,4.6764
7677,7674,CA-2015-130974,20151127,20151129,483,1255,222,3,154.9,5,0.0,69.705
7678,7675,CA-2015-130974,20151127,20151129,483,381,222,3,446.068,4,0.3,0.0
7679,7676,CA-2017-133487,20170506,20170509,769,411,518,3,152.94,3,0.0,41.2938
7680,7677,CA-2014-142951,20141008,20141008,365,1550,403,2,23.472,3,0.2,4.9878
7681,7678,CA-2014-133592,20141231,20150107,437,1231,311,4,195.64,4,0.0,91.9508
7682,7679,CA-2014-133592,20141231,20150107,437,1197,311,4,14.94,3,0.0,7.0218
7683,7680,CA-2014-133592,20141231,20150107,437,1542,311,4,1687.8,4,0.0,742.632
7684,7681,CA-2014-133592,20141231,20150107,437,3,311,4,341.96,2,0.0,78.6508
7685,7682,CA-2014-133592,20141231,20150107,437,123,311,4,605.88,6,0.0,151.47
7686,7683,CA-2015-120782,20150428,20150501,683,461,76,1,186.732,1,0.1,41.496
7687,7684,CA-2015-120782,20150428,20150501,683,788,76,1,3812.97,3,0.0,1906.485
7688,7685,CA-2015-116876,20150214,20150221,770,767,269,4,26.424,9,0.2,9.5787
7689,7686,CA-2015-116876,20150214,20150221,770,1811,269,4,625.99,1,0.0,187.797
7690,7687,CA-2016-169838,20161125,20161129,66,334,73,4,1568.61,9,0.0,329.4081
7691,7688,CA-2016-169838,20161125,20161129,66,813,73,4,17.3,1,0.0,8.304
7692,7689,CA-2016-169838,20161125,20161129,66,1611,73,4,160.0,8,0.0,62.4
7693,7690,US-2017-128951,20170715,20170717,658,427,449,1,179.94,3,0.0,50.3832
7694,7691,US-2017-128951,20170715,20170717,658,379,449,1,872.94,3,0.0,157.1292
7695,7692,US-2017-128951,20170715,20170717,658,1229,449,1,12.96,2,0.0,6.2208
7696,7693,CA-2014-102330,20141229,20150103,36,1010,469,4,88.8,6,0.0,44.4
7697,7694,CA-2014-102330,20141229,20150103,36,1738,469,4,319.968,4,0.2,35.9964
7698,7695,CA-2016-118899,20160322,20160322,487,132,627,2,167.888,7,0.2,14.6902
7699,7696,CA-2017-107958,20170702,20170705,30,1058,153,1,163.96,5,0.2,59.4355
7700,7697,CA-2017-107958,20170702,20170705,30,724,153,1,5.232,4,0.8,-8.1096
7701,7698,CA-2017-151799,20171214,20171218,83,1636,225,4,1199.98,2,0.0,467.9922
7702,7699,CA-2017-151799,20171214,20171218,83,1403,225,4,73.85,1,0.0,2.2155
7703,7700,CA-2017-151799,20171214,20171218,83,1457,225,4,25.71,3,0.0,6.6846
7704,7701,CA-2017-151799,20171214,20171218,83,930,225,4,17.28,6,0.0,8.1216
7705,7702,CA-2017-151799,20171214,20171218,83,364,225,4,526.582,2,0.3,-52.6582
7706,7703,CA-2016-114601,20160826,20160902,3,1079,70,4,11.56,2,0.0,5.6644
7707,7704,CA-2016-114601,20160826,20160902,3,1787,70,4,209.97,3,0.0,58.7916
7708,7705,CA-2016-114601,20160826,20160902,3,371,70,4,447.84,4,0.0,98.5248
7709,7706,CA-2016-114601,20160826,20160902,3,1598,70,4,479.97,3,0.0,163.1898
7710,7707,CA-2016-114601,20160826,20160902,3,566,70,4,8.64,3,0.0,2.5056
7711,7708,CA-2017-100237,20171015,20171019,723,539,608,4,11.68,2,0.0,4.2048
7712,7709,CA-2014-139542,20141025,20141029,263,1525,304,4,40.776,3,0.2,0.5097
7713,7710,CA-2014-139542,20141025,20141029,263,661,304,4,13.698,3,0.7,-9.5886
7714,7711,US-2015-142811,20150402,20150407,389,1831,457,4,87.8,5,0.2,32.925
7715,7712,CA-2017-139353,20171028,20171030,390,203,406,3,77.952,3,0.2,15.5904
7716,7713,CA-2017-139353,20171028,20171030,390,1369,406,3,147.184,2,0.2,-29.4368
7717,7714,CA-2017-139353,20171028,20171030,390,1051,406,3,47.952,3,0.2,16.1838
7718,7715,CA-2014-150203,20141205,20141207,342,417,500,1,250.26,6,0.0,72.5754
7719,7716,US-2017-101518,20171103,20171108,584,1525,306,4,40.776,3,0.2,0.5097
7720,7717,CA-2015-149636,20150106,20150112,708,1269,558,4,29.6,5,0.2,9.25
7721,7718,CA-2015-149636,20150106,20150112,708,758,558,4,1.938,2,0.7,-1.3566
7722,7719,US-2017-146213,20170909,20170914,491,1512,500,4,159.96,4,0.0,51.1872
7723,7720,CA-2015-108588,20150105,20150110,87,535,263,4,59.52,3,0.0,15.4752
7724,7721,CA-2015-108588,20150105,20150110,87,861,263,4,17.48,2,0.0,8.2156
7725,7722,CA-2015-108588,20150105,20150110,87,837,263,4,13.168,2,0.2,4.6088
7726,7723,US-2017-138086,20170416,20170420,399,385,532,4,40.74,3,0.0,12.222
7727,7724,CA-2015-139374,20150910,20150914,46,120,128,4,179.886,1,0.3,-2.5698
7728,7725,CA-2016-113978,20160925,20160929,767,463,278,4,286.256,1,0.2,17.891
7729,7726,CA-2016-113978,20160925,20160929,767,1443,278,4,24.224,2,0.2,-4.8448
7730,7727,CA-2016-113978,20160925,20160929,767,1398,278,4,331.536,3,0.2,-82.884
7731,7728,US-2015-150231,20150316,20150320,380,539,263,3,17.52,3,0.0,6.3072
7732,7729,CA-2016-106915,20161126,20161202,293,503,145,4,17.856,4,0.2,4.2408
7733,7730,US-2016-109260,20160926,20161001,756,1563,367,4,431.976,3,0.2,-75.5958
7734,7731,CA-2017-104850,20170613,20170619,774,113,627,4,291.136,4,0.2,-25.4744
7735,7732,CA-2017-140508,20170918,20170921,582,864,142,1,114.848,4,0.2,35.89
7736,7733,CA-2017-143294,20170602,20170608,349,1088,155,4,10.688,2,0.2,3.7408
7737,7734,CA-2016-165673,20160515,20160519,529,1085,296,3,15.232,4,0.2,5.5216
7738,7735,CA-2017-134418,20170915,20170920,306,629,627,4,12.42,3,0.0,5.2164
7739,7736,US-2016-106313,20160822,20160826,205,1153,628,4,19.44,3,0.0,9.3312
7740,7737,CA-2014-105872,20140530,20140606,366,796,265,4,70.368,4,0.2,26.388
7741,7738,CA-2017-108287,20171218,20171220,21,525,403,1,12.672,9,0.2,1.4256
7742,7739,CA-2017-141103,20170730,20170806,361,1846,212,4,89.95,5,0.0,43.176
7743,7740,CA-2014-154781,20141121,20141126,677,1131,533,4,6.58,2,0.0,3.0268
7744,7741,CA-2014-154781,20141121,20141126,677,1494,533,4,94.99,1,0.0,28.497
7745,7742,CA-2015-147816,20150924,20150926,156,1831,463,3,35.12,2,0.2,13.17
7746,7743,CA-2017-105326,20170820,20170827,445,1133,501,4,25.92,4,0.0,12.4416
7747,7744,CA-2016-133613,20160617,20160622,166,730,205,4,7.96,2,0.0,3.7412
7748,7745,CA-2016-133613,20160617,20160622,166,1878,205,4,566.97,3,0.0,153.0819
7749,7746,CA-2016-133613,20160617,20160622,166,611,205,4,9.84,3,0.0,2.8536
7750,7747,CA-2015-109113,20151219,20151223,266,1619,8,4,25.488,2,0.2,4.779
7751,7748,CA-2015-156153,20150531,20150602,185,948,260,3,7.56,6,0.0,0.3024
7752,7749,CA-2015-133242,20150618,20150624,431,262,440,4,60.84,3,0.0,19.4688
7753,7750,CA-2015-133242,20150618,20150624,431,1423,440,4,450.04,2,0.0,58.5052
7754,7751,CA-2015-133242,20150618,20150624,431,813,440,4,34.6,2,0.0,16.608
7755,7752,CA-2015-133242,20150618,20150624,431,1804,440,4,467.97,3,0.0,140.391
7756,7753,CA-2015-133242,20150618,20150624,431,853,440,4,33.02,2,0.0,15.8496
7757,7754,CA-2015-158323,20151130,20151203,11,191,412,1,17.088,2,0.2,1.068
7758,7755,CA-2015-161795,20151221,20151223,29,545,279,3,3.008,2,0.2,0.3384
7759,7756,CA-2017-100902,20171117,20171121,150,1195,403,4,268.24,7,0.2,93.884
7760,7757,CA-2017-100902,20171117,20171121,150,1579,403,4,431.16,5,0.2,107.79
7761,7758,CA-2017-112844,20171113,20171116,708,1857,255,3,43.6,4,0.0,12.208
7762,7759,CA-2017-112844,20171113,20171116,708,316,255,3,154.95,3,0.0,30.99
7763,7760,CA-2016-158925,20161024,20161028,400,1224,154,4,15.552,3,0.2,5.4432
7764,7761,CA-2014-155390,20141206,20141211,86,1245,435,4,42.208,2,0.2,13.7176
7765,7762,CA-2017-123071,20171203,20171206,135,1251,172,1,10.368,2,0.2,3.6288
7766,7763,CA-2017-156391,20170926,20170928,699,586,600,1,2.224,1,0.2,0.556
7767,7764,CA-2015-103093,20150203,20150207,290,897,373,4,74.52,9,0.0,35.0244
7768,7765,US-2017-118941,20170812,20170812,66,623,214,2,17.52,3,0.0,5.256
7769,7766,US-2017-118941,20170812,20170812,66,91,214,2,1779.9,5,0.0,373.779
7770,7767,US-2017-118941,20170812,20170812,66,547,214,2,219.9,5,0.0,59.373
7771,7768,CA-2015-169299,20150824,20150826,228,553,598,1,7.152,3,0.2,0.7152
7772,7769,CA-2017-154088,20171112,20171117,449,1246,367,4,26.72,5,0.2,9.352
7773,7770,CA-2016-155978,20160801,20160801,763,1824,523,2,1039.728,2,0.2,90.9762
7774,7771,CA-2016-155978,20160801,20160801,763,447,523,2,45.96,2,0.0,13.788
7775,7772,CA-2016-108196,20161125,20161202,181,668,288,4,456.588,2,0.7,-304.392
7776,7773,CA-2016-108196,20161125,20161202,181,1646,288,4,4499.985,5,0.7,-6599.978
7777,7774,CA-2016-108196,20161125,20161202,181,1504,288,4,59.976,3,0.2,11.9952
7778,7775,CA-2016-152800,20160413,20160415,711,874,532,1,6.12,3,0.0,2.8764
7779,7776,CA-2014-166961,20141227,20141231,142,414,508,4,10.98,1,0.0,2.9646
7780,7777,CA-2014-166961,20141227,20141231,142,949,508,4,7.86,3,0.0,3.6156
7781,7778,CA-2014-166961,20141227,20141231,142,1436,508,4,51.45,3,0.0,13.8915
7782,7779,CA-2014-166961,20141227,20141231,142,745,508,4,37.056,3,0.2,13.896
7783,7780,CA-2016-139381,20160418,20160422,642,411,442,4,203.92,4,0.0,55.0584
7784,7781,CA-2016-139381,20160418,20160422,642,1892,442,4,29.56,4,0.0,7.9812
7785,7782,CA-2015-132136,20150308,20150312,290,756,9,4,8.568,3,0.8,-14.5656
7786,7783,CA-2016-162236,20161104,20161106,277,1414,403,3,45.248,2,0.2,3.9592
7787,7784,CA-2016-162236,20161104,20161106,277,352,403,3,876.3,10,0.4,-292.1
7788,7785,CA-2016-162236,20161104,20161106,277,1468,403,3,185.376,2,0.2,-34.758
7789,7786,US-2014-111353,20141129,20141206,585,994,263,4,25.06,2,0.0,11.7782
7790,7787,US-2016-117037,20160517,20160520,482,658,10,1,2.89,1,0.8,-4.7685
7791,7788,US-2016-117037,20160517,20160520,482,926,10,1,7.896,3,0.2,2.4675
7792,7789,US-2016-117037,20160517,20160520,482,326,10,1,22.608,3,0.6,-10.1736
7793,7790,US-2016-117037,20160517,20160520,482,1090,10,1,30.528,8,0.2,9.54
7794,7791,CA-2017-160801,20170919,20170919,283,694,304,2,4.842,3,0.7,-3.3894
7795,7792,CA-2016-108364,20161219,20161224,99,731,9,4,1.8,5,0.8,-2.88
7796,7793,CA-2017-169362,20171012,20171015,710,1518,141,1,39.984,2,0.2,-1.4994
7797,7794,CA-2015-127481,20151212,20151215,350,1169,583,3,32.4,5,0.0,15.876
7798,7795,CA-2015-127481,20151212,20151215,350,1189,583,3,97.88,2,0.0,48.94
7799,7796,CA-2015-112711,20150712,20150718,289,1725,126,4,307.168,4,0.2,30.7168
7800,7797,US-2015-145121,20151002,20151006,534,688,201,4,26.9,5,0.0,13.181
7801,7798,CA-2017-166184,20170324,20170327,333,910,266,1,47.01,3,0.0,22.0947
7802,7799,CA-2017-166184,20170324,20170327,333,1813,266,1,469.99,1,0.0,136.2971
7803,7800,CA-2017-166184,20170324,20170327,333,108,266,1,207.846,3,0.1,2.3094
7804,7801,CA-2017-157413,20170601,20170606,118,1402,304,4,324.744,3,0.2,-77.1267
7805,7802,CA-2014-143637,20140324,20140329,539,240,485,3,40.48,2,0.0,14.5728
7806,7803,CA-2015-102260,20150922,20150926,695,1007,429,4,12.0,4,0.2,4.2
7807,7804,CA-2015-102260,20150922,20150926,695,1423,429,4,720.064,4,0.2,-63.0056
7808,7805,CA-2015-102260,20150922,20150926,695,1386,429,4,25.424,1,0.2,-4.767
7809,7806,CA-2015-102260,20150922,20150926,695,525,429,4,2.816,2,0.2,0.3168
7810,7807,CA-2015-102260,20150922,20150926,695,648,429,4,3.204,2,0.7,-2.5632
7811,7808,US-2016-137295,20160108,20160113,785,827,414,4,30.828,7,0.7,-24.6624
7812,7809,US-2016-137295,20160108,20160113,785,549,414,4,47.616,3,0.2,5.952
7813,7810,US-2016-137295,20160108,20160113,785,1861,414,4,108.784,2,0.2,10.8784
7814,7811,CA-2016-134334,20160214,20160215,214,1090,213,1,4.77,1,0.0,2.1465
7815,7812,CA-2016-134334,20160214,20160215,214,540,213,1,7.98,3,0.0,2.0748
7816,7813,CA-2016-134334,20160214,20160215,214,350,213,1,550.431,3,0.3,-47.1798
7817,7814,CA-2016-134334,20160214,20160215,214,257,213,1,10.56,6,0.0,4.6464
7818,7815,US-2017-109316,20170608,20170610,504,50,503,1,1497.666,2,0.15,140.9568
7819,7816,US-2017-109316,20170608,20170610,504,1717,503,1,17.52,2,0.2,-3.504
7820,7817,CA-2016-138478,20161021,20161026,233,557,584,3,113.22,3,0.0,29.4372
7821,7818,CA-2016-138478,20161021,20161026,233,1146,584,3,35.88,6,0.0,17.5812
7822,7819,CA-2016-138478,20161021,20161026,233,693,584,3,4535.976,3,0.2,1644.2913
7823,7820,CA-2017-150469,20170126,20170130,147,921,532,4,11.84,8,0.0,5.6832
7824,7821,CA-2017-152436,20171208,20171210,185,1312,310,3,592.74,6,0.0,160.0398
7825,7822,CA-2016-169334,20161021,20161024,314,1442,431,3,111.672,9,0.2,6.9795
7826,7823,US-2014-115413,20140826,20140901,607,608,207,4,8.64,3,0.0,2.5056
7827,7824,US-2014-115413,20140826,20140901,607,1566,207,4,149.97,3,0.0,52.4895
7828,7825,CA-2014-125150,20140516,20140523,614,94,501,4,232.88,5,0.2,17.466
7829,7826,CA-2015-127327,20150203,20150207,614,123,270,4,90.882,1,0.1,15.147
7830,7827,CA-2017-117114,20171031,20171105,186,1859,8,4,508.768,4,0.2,38.1576
7831,7828,CA-2017-117114,20171031,20171105,186,867,8,4,9.912,3,0.2,3.2214
7832,7829,CA-2015-137302,20150426,20150501,119,82,531,4,63.936,3,0.2,6.3936
7833,7830,CA-2015-137302,20150426,20150501,119,498,531,4,59.52,3,0.0,15.4752
7834,7831,CA-2015-137302,20150426,20150501,119,1833,531,4,311.976,3,0.2,38.997
7835,7832,CA-2015-137302,20150426,20150501,119,705,531,4,50.352,3,0.2,17.6232
7836,7833,CA-2016-112382,20160509,20160513,486,1759,153,4,19.136,2,0.2,1.9136
7837,7834,CA-2015-128958,20150124,20150128,170,640,370,4,13.12,5,0.2,2.132
7838,7835,CA-2015-106257,20150413,20150417,253,351,502,3,241.568,2,0.2,-15.098
7839,7836,CA-2015-106257,20150413,20150417,253,1754,502,3,479.92,2,0.2,41.993
7840,7837,CA-2015-149083,20150925,20150930,692,125,627,4,307.136,4,0.2,-11.5176
7841,7838,CA-2015-149083,20150925,20150930,692,996,627,4,12.6,2,0.0,5.796
7842,7839,CA-2015-149083,20150925,20150930,692,1561,627,4,159.98,2,0.0,57.5928
7843,7840,US-2014-137869,20140328,20140402,183,874,53,4,6.12,3,0.0,2.8764
7844,7841,US-2014-137869,20140328,20140402,183,369,53,4,1184.72,4,0.0,106.6248
7845,7842,CA-2016-116603,20160717,20160722,60,447,265,4,45.96,2,0.0,13.788
7846,7843,CA-2014-158470,20140419,20140423,22,790,440,3,58.05,3,0.0,26.703
7847,7844,CA-2014-158470,20140419,20140423,22,1128,440,3,71.28,11,0.0,34.2144
7848,7845,US-2017-123834,20170721,20170725,306,338,171,4,124.404,4,0.3,-21.3264
7849,7846,CA-2015-125976,20150927,20151002,376,1101,440,4,154.9,5,0.0,69.705
7850,7847,CA-2015-125976,20150927,20151002,376,1804,440,4,1871.88,12,0.0,561.564
7851,7848,CA-2016-128706,20160227,20160302,242,292,155,4,16.192,2,0.6,-6.8816
7852,7849,CA-2016-104311,20160502,20160506,53,1320,158,4,18.936,3,0.2,-3.7872
7853,7850,CA-2016-104311,20160502,20160506,53,1404,158,4,12.672,3,0.2,-3.168
7854,7851,CA-2016-104311,20160502,20160506,53,970,158,4,5.04,2,0.2,1.764
7855,7852,CA-2014-169649,20141209,20141215,763,1037,10,4,8.448,2,0.2,2.9568
7856,7853,CA-2014-169649,20141209,20141215,763,458,10,4,20.388,2,0.8,-53.0088
7857,7854,CA-2015-144890,20151225,20151229,701,1125,503,4,9.96,2,0.0,4.8804
7858,7855,CA-2017-135587,20171207,20171212,89,476,396,4,320.64,4,0.0,89.7792
7859,7856,CA-2017-135587,20171207,20171212,89,1514,396,4,52.0,4,0.0,23.4
7860,7857,CA-2014-103429,20140530,20140601,479,826,265,1,25.584,2,0.2,8.9544
7861,7858,CA-2014-103429,20140530,20140601,479,1842,265,1,464.0,5,0.0,134.56
7862,7859,CA-2014-103429,20140530,20140601,479,405,265,1,235.95,3,0.0,77.8635
7863,7860,CA-2014-103429,20140530,20140601,479,1137,265,1,39.96,4,0.0,17.982
7864,7861,CA-2017-152261,20170302,20170306,340,745,280,4,18.528,4,0.7,-12.352
7865,7862,CA-2015-142993,20151012,20151017,414,1574,627,4,17.9,2,0.0,3.401
7866,7863,CA-2015-142993,20151012,20151017,414,1345,627,4,81.96,2,0.0,0.0
7867,7864,CA-2015-143364,20150714,20150719,748,1401,457,3,272.736,3,0.2,-64.7748
7868,7865,CA-2015-143364,20150714,20150719,748,1152,457,3,18.496,4,0.2,6.7048
7869,7866,CA-2015-143364,20150714,20150719,748,124,457,3,441.92,2,0.2,49.716
7870,7867,CA-2015-143364,20150714,20150719,748,11,457,3,127.764,6,0.7,-191.646
7871,7868,CA-2014-100972,20141119,20141124,195,1059,611,3,166.44,3,0.0,79.8912
7872,7869,CA-2016-136994,20160527,20160602,476,1076,502,4,13.38,2,0.0,6.1548
7873,7870,US-2017-166233,20170703,20170709,532,1545,412,4,24.0,2,0.2,-2.7
7874,7871,CA-2017-122112,20170925,20170929,121,909,287,4,24.448,4,0.2,8.8624
7875,7872,CA-2016-101672,20161003,20161007,189,988,493,4,6.16,2,0.0,2.9568
7876,7873,CA-2016-101672,20161003,20161007,189,121,493,4,915.136,4,0.2,102.9528
7877,7874,CA-2016-101672,20161003,20161007,189,1295,493,4,8.56,2,0.0,3.852
7878,7875,CA-2016-101672,20161003,20161007,189,1154,493,4,97.82,2,0.0,45.9754
7879,7876,CA-2017-168403,20170909,20170915,211,1169,598,4,31.104,6,0.2,11.2752
7880,7877,CA-2017-168403,20170909,20170915,211,456,598,4,11.176,1,0.2,0.8382
7881,7878,CA-2015-148705,20150312,20150318,254,981,403,4,5.04,2,0.2,1.764
7882,7879,CA-2016-160241,20161129,20161204,235,277,2,3,242.176,4,0.6,-302.72
7883,7880,CA-2016-155747,20160614,20160621,407,362,306,4,337.176,2,0.4,-118.0116
7884,7881,CA-2017-118017,20171203,20171206,451,612,570,3,13.344,6,0.2,1.0008
7885,7882,CA-2017-118017,20171203,20171206,451,1539,570,3,76.752,6,0.2,10.5534
7886,7883,CA-2017-118017,20171203,20171206,451,1539,570,3,102.336,8,0.2,14.0712
7887,7884,CA-2017-118017,20171203,20171206,451,1180,570,3,10.32,2,0.2,3.741
7888,7885,CA-2017-118017,20171203,20171206,451,1480,570,3,47.32,7,0.2,5.915
7889,7886,CA-2017-118017,20171203,20171206,451,304,570,3,23.376,3,0.2,7.0128
7890,7887,CA-2017-118017,20171203,20171206,451,301,570,3,16.72,5,0.2,3.344
7891,7888,CA-2017-118017,20171203,20171206,451,292,570,3,16.192,1,0.2,4.6552
7892,7889,CA-2016-113117,20160816,20160822,401,1028,479,4,32.4,5,0.0,15.552
7893,7890,CA-2016-148684,20161225,20161229,769,610,325,4,19.89,9,0.0,5.3703
7894,7891,CA-2016-148684,20161225,20161229,769,1532,325,4,399.98,2,0.0,171.9914
7895,7892,CA-2016-148684,20161225,20161229,769,265,325,4,343.85,5,0.0,137.54
7896,7893,CA-2016-148684,20161225,20161229,769,1234,325,4,106.32,3,0.0,49.9704
7897,7894,CA-2017-125367,20170723,20170730,569,747,264,4,13.92,3,0.2,4.35
7898,7895,CA-2017-124744,20170621,20170625,262,764,315,4,82.4,5,0.0,40.376
7899,7896,CA-2017-124744,20170621,20170625,262,654,315,4,6.24,2,0.0,3.0576
7900,7897,CA-2017-124744,20170621,20170625,262,1163,315,4,447.84,8,0.0,219.4416
7901,7898,CA-2017-128363,20170813,20170818,200,419,435,4,272.048,7,0.2,30.6054
7902,7899,CA-2017-128363,20170813,20170818,200,702,435,4,1614.582,6,0.7,-1237.8462
7903,7900,CA-2017-128363,20170813,20170818,200,950,435,4,24.32,5,0.2,9.12
7904,7901,CA-2017-128363,20170813,20170818,200,1594,435,4,1.584,2,0.2,0.4752
7905,7902,CA-2017-128363,20170813,20170818,200,256,435,4,31.984,1,0.2,0.0
7906,7903,CA-2017-128363,20170813,20170818,200,902,435,4,14.76,5,0.2,4.797
7907,7904,CA-2017-128363,20170813,20170818,200,85,435,4,423.648,2,0.2,47.6604
7908,7905,CA-2015-126669,20151107,20151113,229,1117,153,4,76.64,2,0.2,26.824
7909,7906,US-2015-118766,20151015,20151022,473,871,141,4,4.464,1,0.2,1.674
7910,7907,US-2015-118766,20151015,20151022,473,761,141,4,3.96,10,0.8,-6.93
7911,7908,CA-2016-112585,20160730,20160802,662,463,534,1,715.64,2,0.0,178.91
7912,7909,CA-2016-149762,20161203,20161207,634,371,509,4,268.704,3,0.2,6.7176
7913,7910,CA-2016-149762,20161203,20161207,634,536,509,4,21.92,8,0.0,5.9184
7914,7911,CA-2016-149762,20161203,20161207,634,1371,509,4,48.72,3,0.0,7.308
7915,7912,CA-2016-149762,20161203,20161207,634,7,509,4,205.666,2,0.15,-12.098
7916,7913,CA-2016-167605,20160428,20160430,625,194,31,3,30.344,2,0.6,-31.8612
7917,7914,US-2017-105697,20170825,20170827,356,1428,278,1,25.696,2,0.2,1.9272
7918,7915,CA-2017-165323,20170617,20170621,713,1692,265,4,3404.5,5,0.0,1668.205
7919,7916,CA-2017-165323,20170617,20170621,713,1628,265,4,101.34,3,0.0,8.1072
7920,7917,CA-2015-110891,20151120,20151124,606,100,306,4,344.372,4,0.3,-93.4724
7921,7918,CA-2017-100783,20170904,20170908,383,491,148,3,30.384,1,0.2,3.798
7922,7919,CA-2015-152513,20150704,20150708,402,756,529,3,22.848,2,0.2,7.4256
7923,7920,CA-2017-139822,20170915,20170921,245,1346,205,4,38.62,2,0.0,10.8136
7924,7921,CA-2017-139822,20170915,20170921,245,1509,205,4,59.98,2,0.0,10.7964
7925,7922,CA-2017-107713,20170313,20170317,343,732,214,4,174.3,3,0.0,81.921
7926,7923,CA-2017-134096,20170924,20170929,607,1725,343,4,383.96,5,0.2,38.396
7927,7924,CA-2017-134096,20170924,20170929,607,813,343,4,15.57,3,0.7,-11.418
7928,7925,CA-2016-125843,20160813,20160816,642,744,448,1,22.32,4,0.0,10.7136
7929,7926,CA-2016-125843,20160813,20160816,642,1010,448,1,103.6,7,0.0,51.8
7930,7927,CA-2017-120404,20171120,20171124,429,1585,266,3,2.97,3,0.0,1.3365
7931,7928,CA-2017-120404,20171120,20171124,429,1748,266,3,569.99,1,0.0,170.997
7932,7929,CA-2017-120404,20171120,20171124,429,172,266,3,50.97,3,0.0,9.1746
7933,7930,CA-2017-167549,20170725,20170727,274,382,141,1,298.116,6,0.3,-4.2588
7934,7931,CA-2016-120082,20160325,20160327,211,549,265,3,59.52,3,0.0,17.856
7935,7932,US-2016-168095,20160715,20160720,488,136,598,4,230.28,3,0.2,23.028
7936,7933,US-2016-168095,20160715,20160720,488,1245,598,4,105.52,5,0.2,34.294
7937,7934,CA-2017-166093,20170817,20170824,661,895,469,4,23.36,2,0.0,11.68
7938,7935,CA-2017-166093,20170817,20170824,661,1809,469,4,71.976,3,0.2,8.997
7939,7936,CA-2017-166093,20170817,20170824,661,1260,469,4,8.56,2,0.0,3.852
7940,7937,CA-2017-166093,20170817,20170824,661,655,469,4,13.92,3,0.2,4.872
7941,7938,CA-2017-166093,20170817,20170824,661,406,469,4,2518.29,9,0.0,654.7554
7942,7939,CA-2017-166093,20170817,20170824,661,1366,469,4,540.57,3,0.0,140.5482
7943,7940,CA-2017-166093,20170817,20170824,661,825,469,4,221.056,8,0.2,77.3696
7944,7941,CA-2016-146325,20161214,20161217,237,67,530,1,81.424,2,0.2,-9.1602
7945,7942,CA-2016-146325,20161214,20161217,237,1373,530,1,134.8,10,0.0,35.048
7946,7943,CA-2017-134194,20171225,20180101,294,796,140,4,39.582,9,0.8,-59.373
7947,7944,CA-2017-134194,20171225,20180101,294,1450,140,4,44.688,7,0.2,5.0274
7948,7945,CA-2017-134194,20171225,20180101,294,535,140,4,31.744,2,0.2,2.3808
7949,7946,CA-2017-134194,20171225,20180101,294,710,140,4,40.98,5,0.8,-65.568
7950,7947,CA-2017-134194,20171225,20180101,294,692,140,4,3.168,3,0.8,-5.0688
7951,7948,CA-2014-131009,20140301,20140305,674,953,145,4,18.84,5,0.2,-3.5325
7952,7949,CA-2014-131009,20140301,20140305,674,71,145,4,362.25,6,0.3,0.0
7953,7950,CA-2014-131009,20140301,20140305,674,178,145,4,63.552,6,0.6,-34.9536
7954,7951,CA-2014-131009,20140301,20140305,674,1363,145,4,129.552,3,0.2,-22.6716
7955,7952,CA-2015-145814,20151119,20151124,424,777,266,4,5.984,2,0.2,2.244
7956,7953,CA-2015-145814,20151119,20151124,424,1789,266,4,861.76,4,0.0,249.9104
7957,7954,CA-2014-138359,20140401,20140406,429,1331,232,4,66.96,4,0.0,2.6784
7958,7955,CA-2014-138359,20140401,20140406,429,654,232,4,6.24,2,0.0,3.0576
7959,7956,CA-2017-131807,20171005,20171010,298,69,472,4,435.168,4,0.2,-59.8356
7960,7957,CA-2017-131807,20171005,20171010,298,939,472,4,14.9,5,0.0,6.854
7961,7958,CA-2017-131807,20171005,20171010,298,469,472,4,15.8,4,0.0,4.108
7962,7959,CA-2017-131807,20171005,20171010,298,312,472,4,72.9,5,0.0,26.973
7963,7960,CA-2017-131807,20171005,20171010,298,370,472,4,206.352,3,0.2,5.1588
7964,7961,CA-2017-131807,20171005,20171010,298,1732,472,4,7.992,1,0.2,2.6973
7965,7962,CA-2017-104864,20171118,20171123,407,1388,354,3,81.36,5,0.2,-19.323
7966,7963,CA-2017-104864,20171118,20171123,407,714,354,3,20.232,8,0.7,-16.1856
7967,7964,CA-2017-104864,20171118,20171123,407,443,354,3,389.056,4,0.2,48.632
7968,7965,CA-2017-104864,20171118,20171123,407,1294,354,3,20.736,4,0.2,7.2576
7969,7966,CA-2017-104864,20171118,20171123,407,1235,354,3,41.472,8,0.2,14.5152
7970,7967,CA-2015-138219,20150323,20150330,100,1060,503,4,33.36,4,0.0,16.68
7971,7968,CA-2016-157707,20161010,20161012,136,9,560,1,90.882,3,0.7,-190.8522
7972,7969,CA-2016-157707,20161010,20161012,136,1810,560,1,15.992,1,0.2,-2.9985
7973,7970,CA-2016-157707,20161010,20161012,136,133,560,1,120.784,1,0.2,13.5882
7974,7971,US-2015-126753,20150816,20150820,710,1845,305,4,519.792,4,0.4,-112.6216
7975,7972,US-2015-126753,20150816,20150820,710,1605,305,4,31.176,3,0.2,-5.4558
7976,7973,US-2015-126753,20150816,20150820,710,1209,305,4,10.368,2,0.2,3.6288
7977,7974,US-2015-126753,20150816,20150820,710,809,305,4,2.724,2,0.7,-1.9068
7978,7975,US-2015-126753,20150816,20150820,710,190,305,4,254.352,3,0.2,0.0
7979,7976,US-2015-126753,20150816,20150820,710,803,305,4,3.762,3,0.7,-2.7588
7980,7977,US-2015-126753,20150816,20150820,710,1035,305,4,10.272,3,0.2,3.21
7981,7978,CA-2014-166051,20140531,20140605,379,1816,397,4,659.97,3,0.0,197.991
7982,7979,CA-2014-166051,20140531,20140605,379,1805,397,4,113.73,3,0.0,32.9817
7983,7980,CA-2015-113040,20150827,20150831,129,698,502,4,5.104,1,0.2,1.6588
7984,7981,CA-2014-103800,20140103,20140107,230,1040,156,4,16.448,2,0.2,5.5512
7985,7982,CA-2014-113383,20140910,20140913,685,475,240,1,81.92,4,0.0,22.1184
7986,7983,CA-2014-113383,20140910,20140913,685,211,240,1,254.9,5,0.0,76.47
7987,7984,CA-2017-152499,20170122,20170125,258,941,9,3,15.12,5,0.2,4.914
7988,7985,CA-2017-152499,20170122,20170125,258,594,9,3,7.872,3,0.2,0.8856
7989,7986,CA-2016-151498,20160421,20160424,227,857,629,1,8.32,5,0.2,2.808
7990,7987,CA-2016-137939,20160720,20160723,596,1846,260,3,89.95,5,0.0,43.176
7991,7988,US-2016-117793,20160823,20160829,483,996,191,4,25.2,4,0.0,11.592
7992,7989,US-2016-117793,20160823,20160829,483,1005,191,4,37.59,3,0.0,17.6673
7993,7990,US-2016-117793,20160823,20160829,483,1392,191,4,14.97,1,0.0,4.1916
7994,7991,US-2016-117793,20160823,20160829,483,1585,191,4,1.98,2,0.0,0.891
7995,7992,CA-2016-133872,20160614,20160617,782,737,334,1,39.936,4,0.7,-26.624
7996,7993,CA-2016-133872,20160614,20160617,782,1496,334,1,18.464,2,0.2,2.308
7997,7994,US-2015-165743,20151120,20151123,527,728,556,3,4.896,3,0.7,-3.4272
7998,7995,US-2015-165743,20151120,20151123,527,21,556,3,145.764,6,0.7,-247.7988
7999,7996,US-2015-165743,20151120,20151123,527,721,556,3,9.612,6,0.7,-7.3692
8000,7997,US-2017-105998,20171103,20171105,167,1609,530,1,199.75,5,0.0,87.89
8001,7998,US-2017-105998,20171103,20171105,167,334,530,1,1673.184,12,0.2,20.9148
8002,7999,US-2014-148194,20140504,20140507,105,200,628,1,12.18,7,0.0,3.8976
8003,8000,US-2014-148194,20140504,20140507,105,400,628,1,57.68,4,0.0,19.0344
8004,8001,US-2015-151407,20151108,20151112,632,1854,54,4,263.96,4,0.0,76.5484
8005,8002,CA-2015-110870,20151212,20151215,423,1569,500,1,299.94,6,0.0,128.9742
8006,8003,CA-2015-110870,20151212,20151215,423,1455,500,1,25.76,7,0.0,0.5152
8007,8004,CA-2014-143210,20141201,20141203,4,1872,227,1,271.9,2,0.0,78.851
8008,8005,CA-2014-143210,20141201,20141203,4,281,227,1,45.84,3,0.0,15.5856
8009,8006,CA-2014-143210,20141201,20141203,4,222,227,1,9.82,2,0.0,3.2406
8010,8007,CA-2016-139808,20161007,20161011,494,934,622,4,93.36,12,0.0,0.9336
8011,8008,CA-2015-110863,20151117,20151124,4,1402,119,4,541.24,4,0.0,5.4124
8012,8009,CA-2015-110863,20151117,20151124,4,1063,119,4,106.32,3,0.0,49.9704
8013,8010,CA-2015-110863,20151117,20151124,4,85,119,4,1323.9,5,0.0,383.931
8014,8011,CA-2014-127859,20140317,20140320,616,1245,305,3,126.624,6,0.2,41.1528
8015,8012,US-2015-136427,20150620,20150623,396,1781,556,1,125.944,7,0.2,15.743
8016,8013,CA-2017-120168,20170525,20170525,741,838,263,2,663.92,5,0.2,207.475
8017,8014,CA-2017-120168,20170525,20170525,741,1545,263,2,120.0,8,0.0,13.2
8018,8015,CA-2017-120168,20170525,20170525,741,926,263,2,3.29,1,0.0,1.4805
8019,8016,CA-2017-120168,20170525,20170525,741,166,263,2,18.84,3,0.0,6.0288
8020,8017,US-2014-131870,20140909,20140911,563,229,288,1,60.672,6,0.2,12.8928
8021,8018,US-2014-131870,20140909,20140911,563,500,288,1,30.816,9,0.2,2.6964
8022,8019,CA-2017-114804,20171017,20171019,81,1766,506,3,52.792,1,0.2,4.6193
8023,8020,CA-2017-167227,20171102,20171105,572,424,106,1,83.9,10,0.0,20.975
8024,8021,CA-2017-167227,20171102,20171105,572,1151,106,1,11.76,2,0.0,5.7624
8025,8022,CA-2014-129189,20140721,20140725,329,387,141,4,4.992,3,0.8,-12.9792
8026,8023,CA-2014-129189,20140721,20140725,329,900,141,4,87.92,5,0.2,29.673
8027,8024,CA-2014-129189,20140721,20140725,329,138,141,4,657.93,5,0.3,-93.99
8028,8025,CA-2014-129189,20140721,20140725,329,667,141,4,1.044,1,0.8,-1.827
8029,8026,CA-2015-132465,20150911,20150915,226,151,266,3,210.68,2,0.0,50.5632
8030,8027,CA-2015-132465,20150911,20150915,226,1420,266,3,78.8,1,0.0,1.576
8031,8028,CA-2015-132465,20150911,20150915,226,1537,266,3,19.99,1,0.0,6.7966
8032,8029,CA-2015-132465,20150911,20150915,226,1379,266,3,772.68,4,0.0,108.1752
8033,8030,CA-2016-166373,20161021,20161025,364,1549,177,4,106.08,6,0.2,-9.282
8034,8031,CA-2016-158806,20160107,20160111,570,302,126,4,23.076,3,0.6,-10.9611
8035,8032,CA-2016-158806,20160107,20160111,570,1296,126,4,25.92,5,0.2,9.072
8036,8033,CA-2015-119690,20150625,20150628,545,1099,154,1,47.952,3,0.2,16.1838
8037,8034,CA-2015-119690,20150625,20150628,545,656,154,1,0.984,2,0.8,-1.476
8038,8035,CA-2015-119690,20150625,20150628,545,308,154,1,75.384,9,0.6,-20.7306
8039,8036,CA-2015-119690,20150625,20150628,545,980,154,1,4.608,2,0.2,1.6704
8040,8037,CA-2015-153738,20150920,20150922,19,701,225,1,37.68,6,0.0,16.956
8041,8038,CA-2017-169012,20170710,20170714,85,456,373,4,41.91,3,0.0,10.8966
8042,8039,CA-2017-109393,20170630,20170702,347,40,500,3,435.999,3,0.15,5.1294
8043,8040,CA-2017-121489,20170821,20170825,155,131,629,3,388.704,6,0.2,38.8704
8044,8041,CA-2017-121489,20170821,20170825,155,1311,629,3,572.58,6,0.0,34.3548
8045,8042,CA-2017-121489,20170821,20170825,155,1498,629,3,33.18,2,0.0,11.613
8046,8043,US-2017-133081,20170311,20170315,613,1531,221,4,63.88,4,0.0,24.9132
8047,8044,US-2017-133081,20170311,20170315,613,183,221,4,26.72,1,0.0,11.7568
8048,8045,CA-2017-165008,20170915,20170917,229,759,611,3,295.056,9,0.2,106.9578
8049,8046,CA-2016-145611,20160920,20160924,317,405,266,4,393.25,5,0.0,129.7725
8050,8047,CA-2016-113600,20161215,20161217,693,656,280,3,2.214,3,0.7,-1.476
8051,8048,CA-2017-130834,20171103,20171106,396,1249,416,3,16.272,3,0.2,5.2884
8052,8049,CA-2016-168543,20160703,20160707,216,404,266,4,706.86,7,0.0,197.9208
8053,8050,CA-2014-144974,20140926,20140930,164,778,306,4,5.97,5,0.7,-4.577
8054,8051,CA-2014-144974,20140926,20140930,164,178,306,4,21.184,1,0.2,4.7664
8055,8052,CA-2014-144974,20140926,20140930,164,418,306,4,41.376,6,0.2,3.1032
8056,8053,CA-2014-109904,20140714,20140717,79,646,263,3,17.94,3,0.0,4.485
8057,8054,CA-2017-152205,20170928,20171005,687,816,305,4,2.655,1,0.7,-1.8585
8058,8055,CA-2015-121188,20150828,20150904,126,1365,503,4,892.35,5,0.0,267.705
8059,8056,CA-2015-121188,20150828,20150904,126,48,503,4,307.666,2,0.15,28.9568
8060,8057,CA-2015-121188,20150828,20150904,126,1337,503,4,728.82,9,0.0,29.1528
8061,8058,CA-2015-121188,20150828,20150904,126,711,503,4,41.36,5,0.2,13.959
8062,8059,CA-2015-121188,20150828,20150904,126,1846,503,4,43.176,3,0.2,15.1116
8063,8060,CA-2015-121188,20150828,20150904,126,286,503,4,4.16,2,0.0,1.7472
8064,8061,CA-2015-156013,20150920,20150926,742,1162,260,4,61.4,5,0.0,28.858
8065,8062,CA-2015-156013,20150920,20150926,742,751,260,4,24.448,2,0.2,8.8624
8066,8063,CA-2016-132997,20161107,20161109,482,1729,269,1,263.96,4,0.0,71.2692
8067,8064,CA-2016-132997,20161107,20161109,482,1852,269,1,359.97,3,0.0,100.7916
8068,8065,CA-2016-132997,20161107,20161109,482,1309,269,1,12.96,2,0.0,6.2208
8069,8066,CA-2016-132997,20161107,20161109,482,1417,269,1,116.82,3,0.0,5.841
8070,8067,CA-2016-132997,20161107,20161109,482,829,269,1,276.784,2,0.2,89.9548
8071,8068,US-2015-160563,20151020,20151024,577,1561,532,4,239.97,3,0.0,86.3892
8072,8069,US-2015-160563,20151020,20151024,577,197,532,4,16.02,6,0.0,6.0876
8073,8070,CA-2017-151750,20170101,20170105,390,1401,157,4,454.56,5,0.2,-107.958
8074,8071,CA-2017-151750,20170101,20170105,390,217,157,4,141.42,5,0.6,-187.3815
8075,8072,CA-2017-151750,20170101,20170105,390,104,157,4,310.744,4,0.3,-26.6352
8076,8073,CA-2017-151750,20170101,20170105,390,581,157,4,12.736,4,0.2,2.2288
8077,8074,CA-2017-151750,20170101,20170105,390,660,157,4,6.47,5,0.8,-9.705
8078,8075,CA-2017-151750,20170101,20170105,390,664,157,4,13.748,14,0.8,-22.6842
8079,8076,CA-2017-151750,20170101,20170105,390,478,157,4,15.224,2,0.8,-38.8212
8080,8077,CA-2015-106187,20150623,20150629,640,171,374,4,27.42,3,0.0,9.3228
8081,8078,CA-2015-106187,20150623,20150629,640,838,374,4,165.98,1,0.0,74.691
8082,8079,CA-2015-106187,20150623,20150629,640,1526,374,4,75.0,3,0.0,18.0
8083,8080,US-2016-164945,20161122,20161127,122,705,263,4,134.272,8,0.2,46.9952
8084,8081,CA-2015-150714,20151026,20151101,433,978,601,4,146.544,6,0.2,47.6268
8085,8082,CA-2015-150714,20151026,20151101,433,1123,601,4,131.904,3,0.2,47.8152
8086,8083,CA-2015-150714,20151026,20151101,433,458,601,4,203.88,5,0.2,20.388
8087,8084,CA-2015-150714,20151026,20151101,433,772,601,4,14.301,7,0.7,-10.4874
8088,8085,CA-2015-150714,20151026,20151101,433,1377,601,4,718.64,10,0.2,-161.694
8089,8086,CA-2016-105753,20161020,20161026,454,149,440,4,61.1,5,0.0,18.33
8090,8087,CA-2017-120894,20170428,20170502,384,391,416,4,28.08,3,0.2,5.265
8091,8088,CA-2016-106621,20160929,20161001,223,562,464,3,10.496,4,0.2,1.1808
8092,8089,CA-2015-107020,20150710,20150714,546,802,527,4,39.92,2,0.2,12.974
8093,8090,US-2015-117492,20150807,20150809,577,418,212,1,77.58,9,0.0,20.1708
8094,8091,CA-2014-101392,20141207,20141213,58,1325,627,4,269.36,7,0.0,70.0336
8095,8092,CA-2015-127502,20151210,20151214,543,980,533,4,5.76,2,0.0,2.8224
8096,8093,CA-2017-143658,20171108,20171113,712,572,266,3,109.9,5,0.0,32.97
8097,8094,CA-2017-133046,20170727,20170801,217,208,629,3,23.88,3,0.0,10.5072
8098,8095,CA-2017-133046,20170727,20170801,217,1258,629,3,26.2,4,0.0,12.052
8099,8096,CA-2017-133046,20170727,20170801,217,1209,629,3,12.96,2,0.0,6.2208
8100,8097,CA-2017-133046,20170727,20170801,217,1507,629,3,234.95,5,0.0,32.893
8101,8098,CA-2017-122798,20171228,20180101,724,1406,587,4,118.25,5,0.0,34.2925
8102,8099,CA-2017-122798,20171228,20180101,724,1276,587,4,4.28,1,0.0,1.926
8103,8100,CA-2016-169663,20160310,20160313,644,1574,502,1,26.85,3,0.0,5.1015
8104,8101,CA-2016-169663,20160310,20160313,644,1654,502,1,3357.6,3,0.2,377.73
8105,8102,CA-2015-149846,20150522,20150526,666,1020,502,4,8.26,2,0.0,3.7996
8106,8103,CA-2015-149846,20150522,20150526,666,1695,502,4,2973.32,7,0.2,334.4985
8107,8104,CA-2015-149846,20150522,20150526,666,1392,502,4,104.79,7,0.0,29.3412
8108,8105,CA-2015-149846,20150522,20150526,666,1848,502,4,775.728,6,0.2,58.1796
8109,8106,CA-2017-159149,20170217,20170219,170,10,154,1,89.0664,1,0.32,-17.0274
8110,8107,CA-2017-159149,20170217,20170219,170,509,154,1,175.44,6,0.2,52.632
8111,8108,CA-2017-159149,20170217,20170219,170,1708,154,1,438.336,4,0.2,-87.6672
8112,8109,US-2017-167570,20171208,20171215,257,108,306,4,215.544,4,0.3,-58.5048
8113,8110,CA-2017-160122,20171118,20171123,637,884,9,4,55.584,6,0.2,20.844
8114,8111,CA-2017-160122,20171118,20171123,637,56,9,4,127.386,2,0.3,-25.4772
8115,8112,CA-2016-130393,20161201,20161203,395,96,176,3,248.43,5,0.3,-17.745
8116,8113,CA-2016-130393,20161201,20161203,395,480,176,3,11.648,4,0.8,-30.8672
8117,8114,CA-2016-130393,20161201,20161203,395,126,176,3,85.246,2,0.3,-1.2178
8118,8115,CA-2017-144820,20171003,20171007,479,642,169,3,20.64,5,0.2,2.322
8119,8116,CA-2017-101014,20170829,20170904,661,259,503,4,148.02,3,0.0,41.4456
8120,8117,CA-2017-105543,20171124,20171124,87,1407,59,2,33.29,1,0.0,7.9896
8121,8118,US-2017-113201,20170630,20170705,771,1083,502,4,204.95,5,0.0,100.4255
8122,8119,US-2017-106551,20170722,20170727,251,138,10,4,526.344,4,0.3,-75.192
8123,8120,CA-2016-116722,20161111,20161116,468,206,533,4,41.96,2,0.0,10.9096
8124,8121,CA-2016-116722,20161111,20161116,468,138,533,4,451.152,3,0.2,0.0
8125,8122,CA-2016-116722,20161111,20161116,468,725,533,4,31.504,11,0.2,11.0264
8126,8123,CA-2014-138128,20141209,20141215,291,882,305,4,30.672,3,0.2,9.585
8127,8124,CA-2014-138128,20141209,20141215,291,1633,305,4,1079.976,4,0.4,125.9972
8128,8125,US-2017-150070,20170907,20170912,340,134,506,4,161.568,2,0.2,-28.2744
8129,8126,CA-2015-137064,20150206,20150213,769,734,155,4,2.934,3,0.8,-4.9878
8130,8127,CA-2015-137064,20150206,20150213,769,1588,155,4,18.528,2,0.2,4.4004
8131,8128,CA-2015-137064,20150206,20150213,769,1416,155,4,670.752,3,0.2,-125.766
8132,8129,CA-2017-157350,20170826,20170901,230,148,8,4,64.96,5,0.6,-43.848
8133,8130,CA-2014-127866,20140720,20140723,350,1482,523,1,41.94,2,0.0,15.0984
8134,8131,CA-2014-127866,20140720,20140723,350,1264,523,1,11.96,2,0.0,5.8604
8135,8132,CA-2014-127866,20140720,20140723,350,594,523,1,13.12,4,0.0,3.8048
8136,8133,CA-2014-127866,20140720,20140723,350,1365,523,1,535.41,3,0.0,160.623
8137,8134,CA-2015-131352,20151008,20151013,301,271,140,4,72.78,3,0.6,-70.9605
8138,8135,CA-2015-121776,20150216,20150221,632,1162,499,4,36.84,3,0.0,17.3148
8139,8137,CA-2016-118073,20160812,20160816,180,352,348,4,562.2925,7,0.45,-255.5875
8140,8138,CA-2014-103219,20141109,20141113,84,295,266,4,56.52,9,0.0,21.4776
8141,8139,CA-2016-102561,20160718,20160722,567,532,306,4,11.264,8,0.2,1.2672
8142,8140,CA-2016-102561,20160718,20160722,567,1364,306,4,284.08,10,0.2,24.857
8143,8141,CA-2016-102561,20160718,20160722,567,1308,306,4,18.496,4,0.2,6.7048
8144,8142,CA-2016-100993,20160205,20160210,64,1001,530,4,14.73,3,0.0,7.2177
8145,8143,CA-2016-100993,20160205,20160210,64,1434,530,4,186.54,3,0.0,50.3658
8146,8144,CA-2016-100993,20160205,20160210,64,334,530,4,557.728,4,0.2,6.9716
8147,8145,CA-2016-100993,20160205,20160210,64,1751,530,4,159.968,4,0.2,-31.9936
8148,8146,US-2014-112949,20140620,20140627,187,405,116,4,471.9,6,0.0,155.727
8149,8147,US-2014-112949,20140620,20140627,187,591,116,4,3.52,2,0.0,1.6896
8150,8148,US-2017-146822,20170609,20170614,25,1048,447,4,49.12,4,0.0,23.0864
8151,8149,US-2016-131058,20161227,20161231,273,980,539,4,20.16,7,0.0,9.8784
8152,8150,CA-2014-167997,20140126,20140129,121,721,122,1,10.68,2,0.0,5.0196
8153,8151,CA-2014-167997,20140126,20140129,121,45,122,1,141.96,2,0.0,39.7488
8154,8152,CA-2017-140151,20170323,20170325,622,1371,629,1,32.48,2,0.0,4.872
8155,8153,CA-2017-140151,20170323,20170325,622,1216,629,1,20.04,3,0.0,9.6192
8156,8154,CA-2017-140151,20170323,20170325,622,1641,629,1,13999.96,4,0.0,6719.9808
8157,8155,US-2017-143770,20170320,20170324,634,1567,201,4,238.0,2,0.0,38.08
8158,8156,US-2017-143770,20170320,20170324,634,1101,201,4,61.96,2,0.0,27.882
8159,8157,CA-2016-131296,20161004,20161009,541,354,212,4,239.372,2,0.3,-23.9372
8160,8158,CA-2016-103464,20161118,20161122,592,1567,531,4,595.0,5,0.0,95.2
8161,8159,CA-2017-136238,20171226,20180101,415,1280,168,4,16.032,3,0.2,5.6112
8162,8160,CA-2016-120803,20160309,20160313,624,1609,202,4,199.75,5,0.0,87.89
8163,8161,CA-2016-134138,20160216,20160220,349,74,238,4,227.96,2,0.0,36.4736
8164,8162,CA-2015-120915,20150928,20151003,374,440,266,3,293.52,6,0.0,76.3152
8165,8163,CA-2015-120915,20150928,20151003,374,1828,266,3,307.98,2,0.0,89.3142
8166,8164,CA-2015-168207,20151102,20151106,478,322,531,4,96.96,6,0.0,33.936
8167,8165,CA-2015-168207,20151102,20151106,478,705,531,4,117.488,7,0.2,41.1208
8168,8166,CA-2015-168207,20151102,20151106,478,783,531,4,11.952,3,0.2,4.1832
8169,8167,CA-2015-168207,20151102,20151106,478,43,531,4,512.499,3,0.15,-30.147
8170,8168,CA-2016-144148,20160731,20160805,35,356,534,4,863.128,7,0.2,-32.3673
8171,8169,CA-2017-107174,20171106,20171113,6,379,628,4,2036.86,7,0.0,366.6348
8172,8170,CA-2017-107174,20171106,20171113,6,106,628,4,449.568,2,0.2,-73.0548
8173,8171,CA-2017-107174,20171106,20171113,6,1521,628,4,108.96,3,0.0,32.688
8174,8172,CA-2016-146150,20160214,20160219,289,557,397,4,264.18,7,0.0,68.6868
8175,8173,CA-2014-114125,20140709,20140713,299,1023,503,4,2.88,1,0.0,1.4112
8176,8174,CA-2014-114125,20140709,20140713,299,779,503,4,41.904,6,0.2,14.1426
8177,8175,CA-2014-114125,20140709,20140713,299,1367,503,4,23.92,4,0.0,4.0664
8178,8176,CA-2016-114944,20160130,20160204,320,1259,9,4,156.512,4,0.2,52.8228
8179,8177,CA-2016-135965,20160922,20160925,730,1391,266,1,128.34,6,0.0,37.2186
8180,8178,CA-2017-149699,20171222,20171224,157,1494,499,1,474.95,5,0.0,142.485
8181,8179,CA-2016-166429,20160902,20160908,748,1635,617,4,999.98,2,0.0,449.991
8182,8180,CA-2015-112767,20150802,20150806,213,363,601,4,277.5,4,0.5,-188.7
8183,8181,CA-2015-119879,20151121,20151125,715,359,304,4,1252.704,8,0.4,-480.2032
8184,8182,CA-2015-119879,20151121,20151125,715,1827,304,4,110.97,5,0.4,-24.0435
8185,8183,CA-2017-155642,20170518,20170522,92,326,10,4,22.608,3,0.6,-10.1736
8186,8184,CA-2017-155642,20170518,20170522,92,205,10,4,1.892,1,0.6,-0.9933
8187,8185,US-2017-101721,20170723,20170727,549,1245,9,4,63.312,3,0.2,20.5764
8188,8186,CA-2015-136728,20150913,20150917,27,886,9,3,7.824,1,0.2,2.934
8189,8187,CA-2015-136728,20150913,20150917,27,114,9,3,170.072,4,0.3,-12.148
8190,8188,CA-2016-127194,20161210,20161216,119,1080,265,4,62.82,9,0.0,29.5254
8191,8189,CA-2015-140375,20151002,20151005,689,1153,218,3,19.44,3,0.0,9.3312
8192,8190,CA-2015-140375,20151002,20151005,689,663,218,3,7.38,1,0.0,3.6162
8193,8191,US-2017-155866,20171117,20171121,132,1301,264,4,38.88,6,0.0,18.6624
8194,8192,US-2017-155866,20171117,20171121,132,296,264,4,187.76,4,0.0,76.9816
8195,8193,CA-2015-141327,20151130,20151203,470,669,405,1,6.048,7,0.7,-4.2336
8196,8194,CA-2015-141327,20151130,20151203,470,412,405,1,98.352,3,0.2,9.8352
8197,8195,CA-2015-141327,20151130,20151203,470,161,405,1,335.744,2,0.2,25.1808
8198,8196,CA-2015-136700,20151206,20151211,192,1291,540,3,8.96,2,0.0,4.3904
8199,8197,CA-2017-102736,20170905,20170909,469,1612,433,4,89.568,4,0.2,-1.1196
8200,8198,CA-2017-102736,20170905,20170909,469,543,433,4,71.96,5,0.2,7.196
8201,8199,CA-2017-102736,20170905,20170909,469,1145,433,4,15.552,3,0.2,5.4432
8202,8200,CA-2017-125269,20170424,20170430,17,712,8,4,10.43,5,0.8,-18.2525
8203,8201,CA-2017-125269,20170424,20170430,17,1429,8,4,72.784,1,0.2,-18.196
8204,8202,CA-2015-114811,20151108,20151108,425,1343,265,2,67.15,5,0.0,16.7875
8205,8203,CA-2015-114811,20151108,20151108,425,1866,265,2,549.98,2,0.0,142.9948
8206,8204,CA-2015-114811,20151108,20151108,425,220,265,2,11.82,3,0.0,4.728
8207,8205,CA-2015-114811,20151108,20151108,425,1644,265,2,4643.8,4,0.0,2229.024
8208,8206,CA-2015-114811,20151108,20151108,425,111,265,2,577.764,2,0.1,115.5528
8209,8207,CA-2015-122266,20150426,20150430,664,328,338,4,191.5155,1,0.45,-76.6062
8210,8208,CA-2015-122266,20150426,20150430,664,640,338,4,2.624,1,0.2,0.4264
8211,8209,CA-2015-141565,20150920,20150924,86,668,437,4,1369.764,6,0.7,-913.176
8212,8210,CA-2015-141565,20150920,20150924,86,1369,437,4,294.368,4,0.2,-58.8736
8213,8211,CA-2017-128769,20170907,20170912,223,411,437,4,81.568,2,0.2,7.1372
8214,8212,CA-2016-116337,20161107,20161112,493,212,142,4,44.46,5,0.6,-17.784
8215,8213,CA-2016-116337,20161107,20161112,493,1355,142,4,314.088,3,0.2,19.6305
8216,8214,CA-2015-120845,20150925,20151002,520,692,436,4,6.336,4,0.7,-4.6464
8217,8215,CA-2015-120845,20150925,20151002,520,1297,436,4,10.48,1,0.2,3.799
8218,8216,CA-2015-120845,20150925,20151002,520,837,436,4,2.469,1,0.7,-1.8106
8219,8217,CA-2015-120845,20150925,20151002,520,728,436,4,3.264,2,0.7,-2.2848
8220,8218,CA-2014-120775,20141003,20141007,637,936,141,4,4.344,3,0.2,0.8688
8221,8219,CA-2014-120775,20141003,20141007,637,169,141,4,31.776,3,0.6,-19.0656
8222,8220,CA-2014-120775,20141003,20141007,637,988,141,4,4.928,2,0.2,1.7248
8223,8221,CA-2014-120775,20141003,20141007,637,755,141,4,1.788,3,0.8,-3.0396
8224,8222,CA-2014-120775,20141003,20141007,637,917,141,4,15.072,4,0.2,-3.768
8225,8223,CA-2014-152905,20140218,20140224,5,1320,127,4,12.624,2,0.2,-2.5248
8226,8224,CA-2016-104633,20160612,20160616,246,1046,515,4,185.88,6,0.0,83.646
8227,8225,CA-2016-104633,20160612,20160616,246,1302,515,4,12.96,2,0.0,6.2208
8228,8226,CA-2017-104136,20171101,20171104,685,1277,222,3,189.7,10,0.0,91.056
8229,8227,CA-2017-104136,20171101,20171104,685,1100,222,3,40.99,1,0.0,20.0851
8230,8228,CA-2016-123050,20160404,20160408,67,165,271,3,82.64,2,0.0,7.4376
8231,8229,CA-2016-123050,20160404,20160408,67,1415,271,3,31.02,2,0.0,8.0652
8232,8230,CA-2016-123050,20160404,20160408,67,1511,271,3,89.97,3,0.0,37.7874
8233,8231,CA-2016-162355,20160630,20160702,590,628,378,3,35.97,3,0.0,9.7119
8234,8232,CA-2016-162355,20160630,20160702,590,48,378,3,1266.86,7,0.0,291.3778
8235,8233,CA-2014-158225,20140922,20140928,684,1334,536,4,169.45,5,0.0,42.3625
8236,8234,CA-2014-158225,20140922,20140928,684,1388,536,4,40.68,2,0.0,0.4068
8237,8235,CA-2017-102204,20170501,20170506,147,1453,345,4,3.328,2,0.2,0.416
8238,8236,CA-2017-102204,20170501,20170506,147,345,345,4,933.262,4,0.45,-458.1468
8239,8237,CA-2017-102204,20170501,20170506,147,83,345,4,2803.92,5,0.2,0.0
8240,8238,CA-2017-103065,20171020,20171020,612,1330,345,2,4.768,2,0.2,-0.7748
8241,8239,CA-2017-103065,20171020,20171020,612,1060,345,2,6.672,1,0.2,2.502
8242,8240,CA-2017-103065,20171020,20171020,612,586,345,2,4.448,2,0.2,1.112
8243,8241,CA-2017-103065,20171020,20171020,612,144,345,2,43.936,4,0.2,6.0412
8244,8242,CA-2014-109855,20140901,20140905,462,848,263,4,23.744,2,0.2,8.3104
8245,8243,CA-2014-109855,20140901,20140905,462,1567,263,4,357.0,3,0.0,57.12
8246,8244,CA-2014-109897,20140812,20140816,120,1850,534,4,806.336,8,0.2,50.396
8247,8245,CA-2014-109897,20140812,20140816,120,242,534,4,85.44,3,0.0,31.6128
8248,8246,US-2014-143581,20140819,20140823,105,1347,373,4,344.91,3,0.0,10.3473
8249,8247,CA-2015-129217,20150510,20150510,233,434,2,2,70.97,5,0.8,-191.619
8250,8248,CA-2015-129217,20150510,20150510,233,634,2,2,36.784,2,0.2,3.6784
8251,8249,CA-2016-133816,20160510,20160513,178,1769,305,3,743.988,2,0.4,-123.998
8252,8250,CA-2015-140221,20150305,20150309,537,765,10,3,11.212,2,0.8,-16.818
8253,8251,CA-2015-140221,20150305,20150309,537,140,10,3,4.712,2,0.6,-1.8848
8254,8252,CA-2015-140221,20150305,20150309,537,402,10,3,180.98,5,0.8,-470.548
8255,8253,CA-2015-140221,20150305,20150309,537,1339,10,3,60.416,2,0.2,6.0416
8256,8254,CA-2017-152310,20170812,20170819,212,1629,627,4,299.99,1,0.0,89.997
8257,8255,CA-2017-152310,20170812,20170819,212,1227,627,4,192.16,4,0.0,92.2368
8258,8256,CA-2017-152310,20170812,20170819,212,1805,627,4,242.624,8,0.2,27.2952
8259,8257,CA-2017-152310,20170812,20170819,212,1354,627,4,46.74,3,0.0,11.685
8260,8258,CA-2017-152310,20170812,20170819,212,1492,627,4,174.95,5,0.0,12.2465
8261,8259,CA-2017-152310,20170812,20170819,212,828,627,4,100.704,6,0.2,37.764
8262,8260,CA-2016-118101,20160626,20160626,704,1058,80,2,368.91,9,0.0,180.7659
8263,8261,CA-2016-118101,20160626,20160626,704,675,80,2,8.02,1,0.0,3.7694
8264,8262,CA-2016-118101,20160626,20160626,704,1378,80,2,171.04,4,0.0,44.4704
8265,8263,CA-2016-100307,20161215,20161219,745,1194,325,4,19.44,3,0.0,9.3312
8266,8264,CA-2015-138457,20150913,20150917,42,647,412,4,13.092,4,0.7,-10.0372
8267,8265,CA-2014-131800,20141230,20150104,40,470,266,4,122.94,3,0.0,30.735
8268,8266,CA-2014-131800,20141230,20150104,40,785,266,4,35.448,7,0.2,12.8499
8269,8267,CA-2014-118304,20140429,20140504,430,1720,206,4,19.98,2,0.0,5.1948
8270,8268,CA-2017-121790,20170130,20170206,469,363,2,4,69.375,1,0.5,-47.175
8271,8269,CA-2017-121790,20170130,20170206,469,1472,2,4,31.68,4,0.2,2.772
8272,8270,CA-2017-121790,20170130,20170206,469,1811,2,4,2003.168,4,0.2,250.396
8273,8271,CA-2017-121790,20170130,20170206,469,599,2,4,9.344,2,0.2,3.1536
8274,8272,CA-2016-169670,20161225,20161231,356,91,263,4,2563.056,8,0.1,313.2624
8275,8273,CA-2016-139549,20161020,20161025,550,78,481,4,387.136,4,0.2,4.8392
8276,8274,CA-2015-104059,20150613,20150615,281,500,296,3,3.424,1,0.2,0.2996
8277,8275,CA-2017-164112,20170630,20170704,560,1400,261,4,1085.42,7,0.0,282.2092
8278,8276,CA-2015-143882,20150626,20150630,195,1268,287,4,43.056,9,0.2,15.6078
8279,8277,US-2016-139262,20160221,20160225,454,803,369,4,3.762,3,0.7,-2.7588
8280,8278,US-2016-139262,20160221,20160225,454,732,369,4,34.86,2,0.7,-26.726
8281,8279,US-2016-139262,20160221,20160225,454,1366,369,4,432.456,3,0.2,32.4342
8282,8280,CA-2017-146192,20170422,20170426,74,1423,373,4,675.06,3,0.0,87.7578
8283,8281,CA-2017-134810,20170509,20170510,491,883,412,1,65.232,3,0.2,22.0158
8284,8282,CA-2017-134810,20170509,20170510,491,71,412,1,207.0,3,0.2,25.875
8285,8283,CA-2015-154284,20151221,20151226,730,1699,31,3,600.53,2,0.3,137.264
8286,8284,CA-2015-154284,20151221,20151226,730,530,31,3,59.904,2,0.2,14.2272
8287,8285,CA-2015-154284,20151221,20151226,730,1580,31,3,637.44,8,0.2,135.456
8288,8286,CA-2015-154284,20151221,20151226,730,249,31,3,51.756,3,0.6,-33.6414
8289,8287,CA-2014-156244,20140812,20140816,207,1050,353,4,31.104,6,0.2,10.8864
8290,8288,CA-2014-156244,20140812,20140816,207,628,353,4,47.96,5,0.2,4.1965
8291,8289,CA-2014-156244,20140812,20140816,207,1557,353,4,158.928,7,0.2,41.7186
8292,8290,CA-2014-156244,20140812,20140816,207,433,353,4,211.248,6,0.2,15.8436
8293,8291,CA-2014-156244,20140812,20140816,207,1447,353,4,5.552,2,0.2,-1.041
8294,8292,CA-2014-156244,20140812,20140816,207,966,353,4,2.952,1,0.2,0.9963
8295,8293,CA-2015-106362,20151211,20151215,452,776,298,4,10.332,3,0.7,-7.5768
8296,8294,US-2017-168802,20171103,20171107,397,746,627,4,18.368,4,0.2,5.9696
8297,8295,US-2017-146906,20170313,20170317,543,1771,264,4,299.9,2,0.0,74.975
8298,8296,CA-2016-166380,20160530,20160603,248,885,440,4,26.55,9,0.0,12.744
8299,8297,CA-2016-166380,20160530,20160603,248,1484,440,4,111.98,2,0.0,26.8752
8300,8298,US-2015-158911,20150705,20150711,659,278,403,4,4.928,2,0.2,0.7392
8301,8299,US-2015-158911,20150705,20150711,659,1001,403,4,11.784,3,0.2,4.2717
8302,8300,US-2014-103338,20140311,20140315,623,540,524,4,7.98,3,0.0,2.0748
8303,8301,CA-2015-109169,20150420,20150424,581,898,70,4,180.96,2,0.0,81.432
8304,8302,US-2017-167318,20170726,20170801,316,1597,501,4,1649.95,5,0.0,659.98
8305,8303,US-2017-167318,20170726,20170801,316,61,501,4,362.352,3,0.2,45.294
8306,8304,US-2014-120313,20141031,20141102,568,1830,533,3,73.584,2,0.2,8.2782
8307,8305,CA-2017-135419,20171103,20171109,88,333,468,4,486.368,4,0.2,36.4776
8308,8306,CA-2016-128671,20160811,20160816,544,1153,120,4,32.4,5,0.0,15.552
8309,8307,CA-2016-128671,20160811,20160816,544,780,120,4,41.86,7,0.0,19.2556
8310,8308,CA-2016-128671,20160811,20160816,544,773,120,4,77.56,2,0.0,35.6776
8311,8309,CA-2016-149335,20160725,20160725,67,527,534,2,37.17,9,0.0,11.151
8312,8310,CA-2014-168312,20140301,20140307,314,1422,153,4,137.352,3,0.2,8.5845
8313,8311,CA-2014-168312,20140301,20140307,314,344,153,4,376.509,3,0.3,-43.0296
8314,8312,US-2017-105935,20170126,20170131,69,218,373,4,62.72,4,0.0,24.4608
8315,8313,US-2017-105935,20170126,20170131,69,1752,373,4,2939.93,7,0.0,764.3818
8316,8314,CA-2014-161508,20140712,20140716,613,87,162,4,512.358,3,0.3,-14.6388
8317,8315,CA-2014-161508,20140712,20140716,613,931,162,4,3.488,2,0.2,0.5668
8318,8316,CA-2014-161508,20140712,20140716,613,581,162,4,22.288,7,0.2,3.9004
8319,8317,CA-2014-161508,20140712,20140716,613,1147,162,4,16.032,3,0.2,5.6112
8320,8318,CA-2017-130904,20170411,20170416,330,494,400,4,1.752,1,0.2,0.1533
8321,8319,CA-2017-130904,20170411,20170416,330,485,400,4,20.992,8,0.2,2.3616
8322,8320,CA-2017-133620,20171113,20171118,271,1437,263,4,11.21,1,0.0,3.363
8323,8321,CA-2015-142937,20151205,20151206,685,598,142,1,45.04,2,0.2,4.504
8324,8322,US-2016-149790,20160926,20161001,674,733,156,4,15.624,2,0.8,-24.9984
8325,8323,CA-2016-130778,20161119,20161125,559,398,260,4,8.74,2,0.0,2.2724
8326,8324,CA-2016-130778,20161119,20161125,559,1124,260,4,44.75,5,0.0,20.585
8327,8325,CA-2017-144456,20170908,20170909,281,1357,342,1,61.68,5,0.2,5.397
8328,8326,CA-2017-144456,20170908,20170909,281,1767,342,1,158.376,3,0.2,13.8579
8329,8327,CA-2017-103478,20170721,20170724,434,725,2,3,2.864,4,0.8,-4.5824
8330,8328,CA-2017-103478,20170721,20170724,434,824,2,3,94.192,7,0.8,-164.836
8331,8329,CA-2017-118577,20171006,20171011,789,1117,238,4,143.7,3,0.0,68.976
8332,8330,CA-2017-118577,20171006,20171011,789,1303,238,4,6.48,1,0.0,3.1104
8333,8331,CA-2017-113572,20171107,20171111,291,1553,265,4,7.88,4,0.0,2.5216
8334,8332,CA-2016-153269,20160309,20160312,609,1437,219,1,11.21,1,0.0,3.363
8335,8333,CA-2016-153269,20160309,20160312,609,96,219,1,354.9,5,0.0,88.725
8336,8334,CA-2016-153269,20160309,20160312,609,1146,219,1,17.94,3,0.0,8.7906
8337,8335,CA-2016-153269,20160309,20160312,609,843,219,1,51.8,4,0.0,23.31
8338,8336,CA-2017-161655,20170513,20170518,185,737,207,3,299.52,9,0.0,149.76
8339,8337,CA-2016-101469,20160702,20160708,430,617,440,4,7.7,2,0.0,3.157
8340,8338,CA-2014-153087,20141227,20150103,742,1108,317,4,23.92,4,0.0,11.7208
8341,8339,CA-2014-153087,20141227,20150103,742,1580,317,4,498.0,5,0.0,184.26
8342,8340,CA-2017-135076,20170413,20170417,791,113,486,4,436.704,6,0.2,-38.2116
8343,8341,CA-2014-161634,20141114,20141120,131,1184,442,4,32.4,5,0.0,15.552
8344,8342,CA-2017-141481,20170611,20170614,793,475,501,1,61.44,3,0.0,16.5888
8345,8343,CA-2016-132549,20161125,20161130,378,1358,320,4,73.36,7,0.0,19.8072
8346,8344,US-2014-155544,20140321,20140325,304,1021,433,4,59.2,5,0.2,22.2
8347,8345,US-2014-155544,20140321,20140325,304,186,433,4,32.952,3,0.2,6.5904
8348,8346,US-2014-155544,20140321,20140325,304,56,433,4,218.376,3,0.2,-10.9188
8349,8347,US-2015-115238,20150430,20150504,411,246,225,4,31.4,5,0.0,13.188
8350,8348,US-2015-115238,20150430,20150504,411,227,225,4,9.48,1,0.0,3.792
8351,8349,US-2015-115238,20150430,20150504,411,1745,225,4,209.5,10,0.0,58.66
8352,8350,US-2015-115238,20150430,20150504,411,174,225,4,24.3,5,0.0,10.449
8353,8351,US-2015-115238,20150430,20150504,411,1202,225,4,6.48,1,0.0,3.1104
8354,8352,CA-2017-132199,20170503,20170508,97,300,305,4,32.448,2,0.2,7.3008
8355,8353,CA-2017-132199,20170503,20170508,97,796,305,4,26.388,4,0.7,-17.592
8356,8354,CA-2017-132199,20170503,20170508,97,367,305,4,373.47,5,0.4,-112.041
8357,8355,CA-2017-132199,20170503,20170508,97,739,305,4,64.2,5,0.7,-44.94
8358,8356,CA-2017-132199,20170503,20170508,97,935,305,4,8.0,2,0.2,2.8
8359,8357,CA-2016-163174,20160826,20160830,789,154,371,4,186.54,3,0.0,41.0388
8360,8358,CA-2014-110555,20140411,20140418,527,1341,579,4,87.08,7,0.0,24.3824
8361,8359,CA-2014-110555,20140411,20140418,527,1729,579,4,105.584,2,0.2,9.2386
8362,8360,CA-2014-110555,20140411,20140418,527,1584,579,4,217.44,6,0.0,91.3248
8363,8361,CA-2017-147207,20170102,20170104,769,549,145,3,31.744,2,0.2,3.968
8364,8362,CA-2017-147207,20170102,20170104,769,385,145,3,5.432,2,0.8,-13.58
8365,8363,CA-2017-147207,20170102,20170104,769,359,145,3,913.43,5,0.3,-169.637
8366,8364,CA-2017-147207,20170102,20170104,769,1400,145,3,372.144,3,0.2,27.9108
8367,8365,CA-2017-137631,20170428,20170502,386,1813,347,4,751.984,2,0.2,84.5982
8368,8366,CA-2017-157273,20170130,20170202,730,1792,628,1,604.768,4,0.2,60.4768
8369,8367,CA-2014-109918,20140907,20140912,471,1474,541,3,27.36,4,0.0,7.3872
8370,8368,CA-2014-109918,20140907,20140912,471,1040,541,3,20.56,2,0.0,9.6632
8371,8369,CA-2014-109918,20140907,20140912,471,828,541,3,83.92,5,0.2,31.47
8372,8370,CA-2016-118745,20160611,20160616,721,364,503,4,902.712,3,0.2,33.8517
8373,8371,CA-2016-163972,20161017,20161021,507,38,485,4,120.666,2,0.15,21.294
8374,8372,CA-2014-165393,20141227,20141230,556,715,146,1,4.984,1,0.8,-8.4728
8375,8373,CA-2016-113726,20161124,20161201,677,264,628,4,82.26,3,0.0,33.7266
8376,8374,CA-2016-152940,20161110,20161113,652,1322,533,1,29.74,1,0.0,4.461
8377,8375,CA-2015-158701,20150105,20150110,385,480,533,4,87.36,6,0.0,23.5872
8378,8376,CA-2015-158701,20150105,20150110,385,700,533,4,56.16,6,0.2,17.55
8379,8377,CA-2017-156272,20170321,20170327,614,410,362,4,64.384,1,0.2,8.048
8380,8378,CA-2015-162964,20151112,20151118,502,1389,156,4,64.784,1,0.2,-14.5764
8381,8379,CA-2015-162964,20151112,20151118,502,1236,156,4,15.552,3,0.2,5.6376
8382,8380,CA-2015-162964,20151112,20151118,502,892,156,4,223.888,7,0.2,69.965
8383,8381,CA-2014-103527,20140909,20140914,131,1132,10,3,10.896,3,0.2,3.405
8384,8382,CA-2016-134544,20160317,20160319,15,1851,532,3,84.784,2,0.2,-20.1362
8385,8383,CA-2016-163048,20160208,20160215,511,71,153,4,241.5,4,0.3,0.0
8386,8384,CA-2016-145135,20161126,20161128,142,1587,204,1,59.97,3,0.0,14.9925
8387,8385,CA-2016-145135,20161126,20161128,142,1280,204,1,13.36,2,0.0,6.4128
8388,8386,CA-2017-137582,20170904,20170908,184,720,511,4,11.808,3,0.2,4.1328
8389,8387,CA-2015-149601,20150528,20150603,741,1371,199,4,16.24,1,0.0,2.436
8390,8388,CA-2015-149601,20150528,20150603,741,1359,199,4,77.55,5,0.0,21.714
8391,8389,CA-2014-139423,20141101,20141105,205,478,247,4,76.12,2,0.0,22.0748
8392,8390,CA-2016-102596,20161227,20161230,635,922,275,1,17.184,6,0.2,6.2292
8393,8391,CA-2017-153227,20171204,20171206,176,1151,500,1,11.76,2,0.0,5.7624
8394,8392,CA-2017-110625,20171223,20171230,344,186,197,4,27.46,2,0.0,9.8856
8395,8393,CA-2016-142594,20161201,20161206,265,1714,223,3,137.94,3,0.0,35.8644
8396,8394,CA-2016-142594,20161201,20161206,265,213,223,3,111.15,5,0.0,48.906
8397,8395,CA-2016-142594,20161201,20161206,265,449,223,3,901.95,3,0.0,297.6435
8398,8396,CA-2016-142594,20161201,20161206,265,334,223,3,366.009,3,0.3,-47.0583
8399,8397,CA-2014-152254,20140630,20140630,72,1102,416,2,310.688,7,0.2,108.7408
8400,8398,US-2014-120236,20140903,20140904,536,817,156,1,7.68,5,0.8,-11.52
8401,8399,CA-2017-120061,20171102,20171107,712,81,296,3,155.372,2,0.3,-35.5136
8402,8400,CA-2015-133837,20150413,20150418,750,1321,456,4,10.744,1,0.2,0.8058
8403,8401,CA-2015-110814,20151205,20151209,73,732,263,3,232.4,5,0.2,78.435
8404,8402,CA-2015-110814,20151205,20151209,73,109,263,3,164.646,3,0.1,12.8058
8405,8403,CA-2015-110814,20151205,20151209,73,1275,263,3,22.68,2,0.0,11.1132
8406,8404,CA-2016-154067,20160201,20160207,703,1182,501,4,105.52,4,0.0,48.5392
8407,8405,CA-2017-140480,20170708,20170712,320,255,207,4,83.92,4,0.0,5.8744
8408,8406,CA-2017-140480,20170708,20170712,320,1557,207,4,141.9,5,0.0,58.179
8409,8407,CA-2017-140480,20170708,20170712,320,176,207,4,39.98,2,0.0,9.1954
8410,8408,CA-2017-140480,20170708,20170712,320,527,207,4,28.91,7,0.0,8.673
8411,8409,CA-2017-140480,20170708,20170712,320,618,207,4,174.95,5,0.0,45.487
8412,8410,CA-2015-134082,20151211,20151217,380,825,527,4,110.528,4,0.2,38.6848
8413,8411,CA-2016-130820,20161115,20161115,580,341,400,2,630.024,4,0.4,-199.5076
8414,8412,CA-2016-159765,20160509,20160512,750,596,447,3,27.86,7,0.0,9.1938
8415,8413,CA-2017-132290,20170310,20170314,496,349,141,4,933.408,4,0.3,-173.3472
8416,8414,CA-2016-147109,20161217,20161221,29,1164,127,4,51.84,10,0.2,18.144
8417,8415,CA-2016-147109,20161217,20161221,29,1570,127,4,165.6,3,0.2,-6.21
8418,8416,CA-2017-107265,20170406,20170412,522,1063,56,4,106.32,3,0.0,49.9704
8419,8417,CA-2017-118199,20170509,20170511,450,830,628,1,147.92,5,0.2,46.225
8420,8418,CA-2017-118199,20170509,20170511,450,1328,628,1,104.28,3,0.0,26.07
8421,8419,CA-2017-118199,20170509,20170511,450,373,628,1,286.85,1,0.0,63.107
8422,8420,CA-2017-118199,20170509,20170511,450,1331,628,1,66.96,4,0.0,2.6784
8423,8421,CA-2017-118199,20170509,20170511,450,1603,628,1,199.98,2,0.0,87.9912
8424,8422,CA-2017-150091,20171012,20171016,572,1545,243,4,45.0,3,0.0,4.95
8425,8423,CA-2017-150091,20171012,20171016,572,922,243,4,17.9,5,0.0,8.771
8426,8424,CA-2017-150091,20171012,20171016,572,292,243,4,40.48,2,0.0,17.4064
8427,8425,CA-2017-150091,20171012,20171016,572,31,243,4,2154.9,5,0.0,129.294
8428,8426,CA-2016-137652,20160828,20160830,248,817,277,1,18.432,8,0.7,-12.288
8429,8427,CA-2015-128356,20151002,20151007,654,1474,570,4,10.944,2,0.2,0.9576
8430,8428,CA-2017-167017,20171123,20171125,200,1458,80,1,4.36,2,0.0,0.1744
8431,8429,US-2017-132220,20171112,20171116,209,1605,462,4,62.352,6,0.2,-10.9116
8432,8430,CA-2016-118129,20161219,20161221,153,321,308,3,303.92,5,0.2,-30.392
8433,8431,US-2014-113124,20140330,20140405,555,1368,87,4,129.3,2,0.0,6.465
8434,8432,CA-2017-155621,20171108,20171113,441,264,212,4,274.2,10,0.0,112.422
8435,8433,US-2014-127635,20140914,20140918,672,914,139,3,6.048,4,0.2,-1.3608
8436,8434,US-2014-127635,20140914,20140918,672,1295,139,3,6.848,2,0.2,2.14
8437,8435,US-2014-127635,20140914,20140918,672,160,139,3,9.96,5,0.6,-6.723
8438,8436,US-2014-127635,20140914,20140918,672,719,139,3,8.552,2,0.8,-13.6832
8439,8437,CA-2015-151470,20150920,20150926,42,815,583,4,45.584,11,0.2,16.5242
8440,8438,CA-2015-112823,20151210,20151216,620,1558,278,4,25.488,2,0.2,4.4604
8441,8439,CA-2014-108861,20140528,20140601,525,805,628,4,136.96,4,0.2,51.36
8442,8440,CA-2017-114370,20170314,20170317,95,1715,9,3,49.616,2,0.2,4.9616
8443,8441,CA-2016-158302,20161208,20161212,344,1199,279,3,10.584,3,0.2,3.4398
8444,8442,CA-2017-145779,20170506,20170510,198,1182,463,4,84.416,4,0.2,27.4352
8445,8443,US-2016-155173,20160306,20160310,344,1879,304,4,431.94,2,0.4,-71.99
8446,8444,US-2016-155173,20160306,20160310,344,772,304,4,2.043,1,0.7,-1.4982
8447,8445,US-2016-155173,20160306,20160310,344,1805,304,4,68.238,3,0.4,-12.5103
8448,8446,CA-2017-125451,20171023,20171024,29,332,310,1,240.744,4,0.3,-13.7568
8449,8447,CA-2017-125451,20171023,20171024,29,325,310,1,35.0,4,0.0,14.7
8450,8448,CA-2017-125451,20171023,20171024,29,151,310,1,210.68,2,0.0,50.5632
8451,8449,CA-2017-125451,20171023,20171024,29,383,310,1,637.896,3,0.3,-127.5792
8452,8450,CA-2017-125451,20171023,20171024,29,1250,310,1,43.44,8,0.0,21.2856
8453,8451,CA-2017-125451,20171023,20171024,29,448,310,1,2.22,1,0.0,0.666
8454,8452,CA-2014-131387,20140428,20140430,36,1752,534,1,1679.96,5,0.2,125.997
8455,8453,CA-2016-125087,20160418,20160423,751,100,155,4,344.372,4,0.3,-93.4724
8456,8454,CA-2016-125087,20160418,20160423,751,1376,155,4,1554.936,3,0.2,77.7468
8457,8455,CA-2016-125087,20160418,20160423,751,315,155,4,127.88,5,0.6,-67.137
8458,8456,CA-2016-154081,20160522,20160529,355,1776,503,4,222.384,2,0.2,22.2384
8459,8457,US-2017-118556,20170528,20170602,752,67,10,3,106.869,3,0.3,-29.0073
8460,8458,US-2017-118556,20170528,20170602,752,832,10,3,3.564,3,0.8,-6.237
8461,8459,CA-2014-126200,20140825,20140829,356,739,155,4,25.68,3,0.8,-39.804
8462,8460,CA-2014-126200,20140825,20140829,356,743,155,4,12.384,3,0.8,-19.8144
8463,8461,CA-2014-146500,20140830,20140904,60,750,196,4,25.3,5,0.0,11.891
8464,8462,CA-2014-146500,20140830,20140904,60,1326,196,4,95.94,3,0.0,9.594
8465,8463,CA-2015-169537,20150903,20150907,370,984,72,3,7.5,2,0.0,3.6
8466,8464,CA-2014-100881,20140328,20140401,235,1836,587,4,302.376,3,0.2,22.6782
8467,8465,CA-2015-144043,20150510,20150515,9,1565,566,4,46.688,4,0.2,-2.918
8468,8466,CA-2015-116512,20150409,20150414,494,1367,265,4,17.94,3,0.0,3.0498
8469,8467,CA-2015-101000,20150409,20150414,336,389,203,4,370.14,3,0.0,144.3546
8470,8468,CA-2016-168557,20160919,20160923,284,744,534,4,8.928,2,0.2,3.1248
8471,8469,US-2016-164196,20161111,20161117,57,347,47,4,2678.94,6,0.0,241.1046
8472,8470,US-2017-132031,20170423,20170427,602,16,427,4,387.136,4,0.2,-14.5176
8473,8471,US-2017-132031,20170423,20170427,602,1557,427,4,45.408,2,0.2,11.9196
8474,8472,US-2017-132031,20170423,20170427,602,145,427,4,77.952,3,0.2,-11.6928
8475,8473,US-2017-132031,20170423,20170427,602,957,427,4,3.0,1,0.2,1.05
8476,8474,CA-2015-169733,20151022,20151026,306,1341,343,3,9.952,1,0.2,0.9952
8477,8475,CA-2017-169404,20170409,20170414,558,836,309,4,37.896,4,0.7,-29.0536
8478,8476,CA-2017-169404,20170409,20170414,558,1100,309,4,65.584,2,0.2,23.7742
8479,8477,CA-2017-134880,20171027,20171101,774,1267,457,4,44.784,1,0.2,16.2342
8480,8478,CA-2015-145758,20151030,20151030,81,1703,265,2,1035.8,4,0.0,269.308
8481,8479,CA-2017-158736,20171218,20171224,773,566,533,4,5.76,2,0.0,1.6704
8482,8480,US-2016-119270,20160312,20160316,725,1266,501,4,19.98,2,0.0,8.991
8483,8481,CA-2014-109890,20140721,20140727,592,1864,112,4,35.98,2,0.0,10.0744
8484,8482,CA-2016-138583,20160524,20160528,233,541,304,4,16.656,3,0.2,3.3312
8485,8483,US-2017-118535,20170211,20170215,209,975,265,4,20.7,2,0.0,9.936
8486,8484,CA-2016-126284,20160920,20160924,275,854,71,4,83.7,5,0.0,41.013
8487,8485,CA-2017-142391,20170924,20170924,585,239,629,2,199.8,10,0.0,71.928
8488,8486,CA-2017-124716,20170327,20170331,70,1087,485,4,45.68,2,0.0,21.0128
8489,8487,CA-2017-124716,20170327,20170331,70,1102,485,4,110.96,2,0.0,53.2608
8490,8488,CA-2017-124716,20170327,20170331,70,1094,485,4,11.94,3,0.0,5.97
8491,8489,CA-2016-158841,20160202,20160204,684,1658,440,3,8749.95,5,0.0,2799.984
8492,8490,CA-2016-158841,20160202,20160204,684,753,440,3,36.4,8,0.0,18.2
8493,8491,CA-2016-158841,20160202,20160204,684,197,440,3,18.69,7,0.0,7.1022
8494,8492,CA-2017-106824,20170707,20170711,60,928,503,4,5.94,3,0.0,0.1188
8495,8493,CA-2015-109190,20151023,20151028,138,1033,163,4,60.736,8,0.2,20.4984
8496,8494,CA-2015-109190,20151023,20151028,138,1634,163,4,479.976,3,0.2,161.9919
8497,8495,CA-2015-109190,20151023,20151028,138,683,163,4,6.08,1,0.8,-10.336
8498,8496,CA-2016-143154,20161202,20161208,55,1570,565,4,165.6,3,0.2,-6.21
8499,8497,CA-2014-169061,20140305,20140308,8,498,274,3,59.52,3,0.0,15.4752
8500,8498,CA-2014-169061,20140305,20140308,8,1538,274,3,479.97,3,0.0,177.5889
8501,8499,CA-2014-169061,20140305,20140308,8,1446,274,3,18.62,2,0.0,5.3998
8502,8500,CA-2014-169061,20140305,20140308,8,711,274,3,49.632,6,0.2,16.7508
8503,8501,CA-2014-169061,20140305,20140308,8,1154,274,3,97.82,2,0.0,45.9754
8504,8502,CA-2015-102316,20150301,20150303,206,1720,502,3,15.984,2,0.2,1.1988
8505,8503,CA-2015-102316,20150301,20150303,206,108,502,3,184.752,3,0.2,-20.7846
8506,8504,CA-2014-164903,20140220,20140224,713,1237,503,4,12.96,2,0.0,6.2208
8507,8505,CA-2016-109400,20160502,20160506,575,105,126,4,366.744,4,0.3,-110.0232
8508,8506,CA-2016-130400,20160308,20160312,695,720,141,4,8.856,9,0.8,-14.1696
8509,8507,CA-2016-130400,20160308,20160312,695,1615,141,4,27.96,5,0.2,8.388
8510,8508,CA-2016-130400,20160308,20160312,695,873,141,4,146.352,3,0.2,49.3938
8511,8509,CA-2015-135853,20151211,20151214,125,1619,68,1,175.23,11,0.0,61.3305
8512,8510,CA-2015-135853,20151211,20151214,125,1850,68,1,125.99,1,0.0,31.4975
8513,8511,CA-2015-135853,20151211,20151214,125,856,68,1,23.0,2,0.0,10.35
8514,8512,CA-2016-103359,20161222,20161226,452,826,266,4,25.584,2,0.2,8.9544
8515,8513,CA-2016-144645,20160202,20160208,577,267,154,4,73.784,2,0.6,-77.4732
8516,8514,CA-2017-141614,20170605,20170609,577,1209,356,4,20.736,4,0.2,7.2576
8517,8515,CA-2015-122168,20150821,20150826,323,599,383,4,17.52,3,0.0,8.2344
8518,8516,CA-2015-122168,20150821,20150826,323,553,383,4,35.76,12,0.0,10.0128
8519,8517,CA-2016-132899,20160407,20160411,686,573,263,4,3.64,2,0.0,0.9828
8520,8518,CA-2017-149720,20170604,20170607,271,229,147,3,30.336,6,0.6,-17.4432
8521,8519,CA-2017-118003,20171204,20171210,229,231,249,4,12.99,1,0.0,1.5588
8522,8520,CA-2017-118003,20171204,20171210,229,114,249,4,182.22,3,0.0,45.555
8523,8521,CA-2017-118003,20171204,20171210,229,134,249,4,302.94,3,0.0,18.1764
8524,8522,CA-2016-141887,20160111,20160115,533,222,279,4,54.992,14,0.2,8.9362
8525,8523,US-2016-160206,20160401,20160407,550,1711,190,4,12.99,1,0.0,0.2598
8526,8524,CA-2017-133074,20170921,20170925,198,1271,532,4,55.86,7,0.0,27.93
8527,8525,CA-2017-161172,20170316,20170316,711,1870,279,2,44.376,2,0.4,-7.396
8528,8526,CA-2017-161172,20170316,20170316,711,261,279,2,51.264,6,0.2,7.6896
8529,8527,CA-2017-161172,20170316,20170316,711,845,279,2,5.193,3,0.7,-3.462
8530,8528,CA-2017-161172,20170316,20170316,711,1613,279,2,159.984,2,0.2,43.9956
8531,8529,CA-2017-161172,20170316,20170316,711,1334,279,2,54.224,2,0.2,3.389
8532,8530,CA-2017-137624,20171110,20171117,498,76,499,4,241.424,2,0.2,-36.2136
8533,8531,CA-2016-156748,20161130,20161206,109,1060,69,4,33.36,4,0.0,16.68
8534,8532,CA-2016-156748,20161130,20161206,109,1204,69,4,13.76,2,0.0,6.3296
8535,8533,CA-2016-156748,20161130,20161206,109,1360,69,4,496.86,7,0.0,24.843
8536,8534,CA-2016-156748,20161130,20161206,109,58,69,4,389.97,3,0.0,35.0973
8537,8535,CA-2015-169677,20150113,20150115,443,1001,373,3,9.82,2,0.0,4.8118
8538,8536,US-2014-163146,20140516,20140520,134,1546,534,4,56.4,3,0.0,3.384
8539,8537,CA-2015-157343,20150607,20150611,319,798,307,4,18.312,4,0.7,-12.208
8540,8538,CA-2015-157343,20150607,20150611,319,1073,307,4,25.92,5,0.2,9.072
8541,8539,CA-2015-157343,20150607,20150611,319,583,307,4,8.016,3,0.2,1.002
8542,8540,CA-2017-147354,20170309,20170313,416,1629,499,4,479.984,2,0.2,59.998
8543,8541,CA-2017-147354,20170309,20170313,416,806,499,4,30.84,5,0.2,9.6375
8544,8542,CA-2015-157287,20151222,20151223,333,1352,306,1,33.568,2,0.2,1.6784
8545,8543,CA-2015-157287,20151222,20151223,333,71,306,1,422.625,7,0.3,0.0
8546,8544,CA-2014-137575,20140806,20140811,741,1613,266,4,199.98,2,0.0,83.9916
8547,8545,CA-2016-119074,20160327,20160331,237,292,373,4,20.24,1,0.0,8.7032
8548,8546,CA-2016-119074,20160327,20160331,237,273,373,4,39.92,4,0.0,11.1776
8549,8547,CA-2016-119074,20160327,20160331,237,682,373,4,32.54,2,0.0,15.9446
8550,8548,CA-2015-149566,20151205,20151210,295,1514,503,4,39.0,3,0.0,17.55
8551,8549,CA-2015-149566,20151205,20151210,295,967,503,4,12.6,4,0.0,6.048
8552,8550,CA-2015-126186,20150911,20150912,295,141,556,1,24.64,4,0.2,4.004
8553,8551,CA-2015-121132,20150717,20150724,776,990,154,4,6.264,3,0.2,2.0358
8554,8552,CA-2015-121132,20150717,20150724,776,952,154,4,14.432,4,0.2,3.4276
8555,8553,CA-2014-140473,20140530,20140603,488,1640,9,4,719.976,3,0.2,134.9955
8556,8554,US-2017-102904,20171113,20171120,126,1505,317,4,239.92,8,0.0,23.992
8557,8555,CA-2016-102092,20161209,20161211,600,351,448,1,1056.86,7,0.0,158.529
8558,8556,CA-2015-117884,20150322,20150322,201,1561,361,2,447.944,7,0.2,89.5888
8559,8557,CA-2015-117884,20150322,20150322,201,1382,361,2,150.408,9,0.2,-33.8418
8560,8558,CA-2016-132829,20161223,20161226,448,1878,154,3,453.576,3,0.2,39.6879
8561,8559,CA-2016-132829,20161223,20161226,448,996,154,3,45.36,9,0.2,14.742
8562,8560,CA-2016-132829,20161223,20161226,448,1869,154,3,287.88,3,0.2,35.985
8563,8561,CA-2016-132829,20161223,20161226,448,1890,154,3,131.88,3,0.2,14.8365
8564,8562,CA-2016-132829,20161223,20161226,448,146,154,3,2.328,2,0.6,-0.7566
8565,8563,CA-2016-123540,20160402,20160406,208,64,190,3,1454.9,5,0.0,378.274
8566,8564,US-2017-108315,20170430,20170504,516,677,366,4,4.842,3,0.7,-3.5508
8567,8565,US-2017-108315,20170430,20170504,516,167,366,4,220.704,6,0.2,-8.2764
8568,8566,CA-2016-134110,20161117,20161118,86,1796,180,1,67.176,3,0.2,6.7176
8569,8567,CA-2016-134110,20161117,20161118,86,1085,180,1,15.232,4,0.2,5.5216
8570,8568,US-2016-136581,20161110,20161112,721,1209,298,1,31.104,6,0.2,10.8864
8571,8569,CA-2016-162390,20161206,20161212,231,829,257,4,968.744,7,0.2,314.8418
8572,8570,CA-2016-162390,20161206,20161212,231,719,257,4,222.352,13,0.2,77.8232
8573,8571,CA-2016-162390,20161206,20161212,231,1640,257,4,479.984,2,0.2,89.997
8574,8572,CA-2016-162222,20160403,20160403,713,1260,140,2,10.272,3,0.2,3.21
8575,8573,CA-2014-121629,20141128,20141202,116,1705,154,4,998.85,5,0.4,-199.77
8576,8574,CA-2015-164623,20151020,20151022,540,1048,266,1,24.56,2,0.0,11.5432
8577,8575,CA-2014-159849,20140919,20140919,380,914,533,2,5.67,3,0.0,0.1134
8578,8576,CA-2017-101273,20170827,20170830,719,401,364,3,14.336,4,0.2,0.896
8579,8577,CA-2017-106747,20170703,20170704,767,299,233,1,102.3,1,0.0,26.598
8580,8578,CA-2017-146164,20171222,20171226,159,383,95,4,607.52,2,0.0,97.2032
8581,8579,CA-2017-146164,20171222,20171226,159,1354,95,4,31.16,2,0.0,7.79
8582,8580,CA-2016-111605,20161227,20170102,412,990,386,4,2.61,1,0.0,1.2006
8583,8581,CA-2014-130673,20140520,20140522,490,263,178,3,10.332,3,0.6,-5.9409
8584,8582,CA-2014-130673,20140520,20140522,490,1049,178,3,10.368,2,0.2,3.6288
8585,8583,CA-2014-130673,20140520,20140522,490,1605,178,3,20.784,2,0.2,-3.6372
8586,8584,CA-2014-130673,20140520,20140522,490,1331,178,3,66.96,5,0.2,-13.392
8587,8585,CA-2014-104808,20140204,20140208,511,795,483,3,17.248,2,0.2,6.0368
8588,8586,US-2017-132927,20171209,20171215,634,692,305,4,11.088,7,0.7,-8.1312
8589,8587,CA-2017-162015,20170711,20170718,415,1596,503,4,1287.45,5,0.0,244.6155
8590,8588,CA-2017-162015,20170711,20170718,415,451,503,4,168.1,5,0.0,43.706
8591,8589,CA-2015-138492,20150515,20150522,282,1399,306,4,51.968,2,0.2,-10.3936
8592,8590,CA-2017-145338,20170129,20170201,75,553,304,1,4.768,2,0.2,0.4768
8593,8591,CA-2017-126676,20170929,20171001,286,912,257,1,7.98,3,0.0,3.9102
8594,8592,CA-2017-101700,20170423,20170426,706,895,563,1,18.688,2,0.2,7.008
8595,8593,CA-2017-101700,20170423,20170426,706,174,563,1,11.664,3,0.2,3.3534
8596,8594,CA-2017-159667,20171109,20171113,601,1561,345,4,191.976,3,0.2,38.3952
8597,8595,CA-2017-159667,20171109,20171113,601,1863,345,4,499.168,4,0.2,31.198
8598,8596,CA-2014-111934,20140505,20140507,297,832,440,1,11.88,2,0.0,5.346
8599,8597,CA-2014-111934,20140505,20140507,297,1063,440,1,35.44,1,0.0,16.6568
8600,8598,US-2016-117387,20161027,20161031,582,828,534,4,67.136,4,0.2,25.176
8601,8599,CA-2014-141110,20141126,20141201,474,731,485,4,4.32,3,0.2,1.512
8602,8600,CA-2014-141110,20141126,20141201,474,1197,485,4,14.94,3,0.0,7.0218
8603,8601,CA-2014-141110,20141126,20141201,474,399,485,4,40.54,2,0.0,11.3512
8604,8602,CA-2014-141110,20141126,20141201,474,708,485,4,7.312,1,0.2,2.5592
8605,8603,US-2014-133949,20141231,20141231,385,1889,585,2,475.944,7,0.2,59.493
8606,8604,US-2016-116365,20160103,20160108,124,1546,177,4,30.08,2,0.2,-5.264
8607,8605,US-2016-116365,20160103,20160108,124,1570,177,4,165.6,3,0.2,-6.21
8608,8606,US-2016-116365,20160103,20160108,124,1825,177,4,180.96,5,0.2,13.572
8609,8607,CA-2017-162936,20170818,20170822,158,1591,230,4,23.18,2,0.0,7.6494
8610,8608,CA-2014-151946,20140604,20140609,113,242,266,4,56.96,2,0.0,21.0752
8611,8609,CA-2014-151946,20140604,20140609,113,421,266,4,15.56,4,0.0,4.0456
8612,8610,CA-2014-151946,20140604,20140609,113,30,266,4,353.568,2,0.2,-44.196
8613,8611,CA-2014-151946,20140604,20140609,113,219,266,4,13.96,2,0.0,6.7008
8614,8612,CA-2017-123624,20171113,20171117,684,1498,514,3,82.95,5,0.0,29.0325
8615,8613,CA-2016-146437,20160128,20160201,323,498,501,3,39.68,2,0.0,10.3168
8616,8614,CA-2016-138233,20161109,20161114,590,1538,511,4,479.97,3,0.0,177.5889
8617,8615,CA-2016-165918,20160910,20160914,75,1008,618,4,7.38,2,0.0,3.4686
8618,8616,CA-2016-165918,20160910,20160914,75,832,618,4,14.256,3,0.2,4.455
8619,8617,CA-2016-165918,20160910,20160914,75,1034,618,4,81.98,2,0.0,40.1702
8620,8618,CA-2016-165918,20160910,20160914,75,853,618,4,39.624,3,0.2,13.8684
8621,8619,CA-2017-117513,20170303,20170308,112,336,498,4,399.672,7,0.2,-14.9877
8622,8620,CA-2017-132437,20170908,20170913,272,1348,265,3,65.12,4,0.0,16.9312
8623,8621,US-2017-119319,20171106,20171109,455,281,141,3,30.56,5,0.6,-19.864
8624,8622,CA-2017-104318,20170513,20170518,284,394,429,4,20.768,2,0.2,2.3364
8625,8623,US-2016-114230,20161127,20161201,160,1341,459,4,39.808,4,0.2,3.9808
8626,8624,CA-2015-136147,20151113,20151118,289,824,352,4,121.104,6,0.7,-100.92
8627,8625,CA-2015-136147,20151113,20151118,289,1612,352,4,111.96,5,0.2,-1.3995
8628,8626,CA-2015-156118,20151208,20151212,323,1071,558,4,15.696,3,0.2,5.1012
8629,8627,CA-2015-164084,20150907,20150912,24,1419,264,4,70.26,3,0.0,18.9702
8630,8628,CA-2015-164084,20150907,20150912,24,1548,264,4,90.0,5,0.0,16.2
8631,8629,CA-2015-164084,20150907,20150912,24,671,264,4,6.096,2,0.2,2.0574
8632,8630,CA-2015-164084,20150907,20150912,24,365,264,4,481.176,2,0.4,-120.294
8633,8631,CA-2015-164084,20150907,20150912,24,945,264,4,7.24,4,0.0,2.3892
8634,8632,CA-2016-107783,20160728,20160729,581,45,301,1,177.45,5,0.5,-78.078
8635,8633,CA-2016-107783,20160728,20160729,581,668,301,1,1369.764,6,0.7,-913.176
8636,8634,CA-2016-107783,20160728,20160729,581,469,301,1,9.48,3,0.2,0.711
8637,8635,CA-2017-159793,20170825,20170829,721,13,306,4,130.98,2,0.5,-89.0664
8638,8636,CA-2014-160094,20140430,20140502,396,618,386,1,174.95,5,0.0,45.487
8639,8637,CA-2014-160094,20140430,20140502,396,1327,386,1,826.0,5,0.0,214.76
8640,8638,CA-2017-151281,20170427,20170502,330,156,628,4,139.58,7,0.0,39.0824
8641,8639,CA-2017-118346,20170723,20170724,605,1500,187,1,399.95,5,0.0,143.982
8642,8640,CA-2014-129819,20141213,20141215,422,858,385,3,12.39,3,0.0,5.8233
8643,8641,US-2017-148551,20170112,20170116,192,668,141,4,760.98,5,0.8,-1141.47
8644,8642,CA-2017-147767,20171202,20171202,724,716,458,2,67.86,6,0.7,-45.24
8645,8643,CA-2015-108259,20151108,20151115,577,923,412,4,31.504,11,0.2,11.814
8646,8644,CA-2015-108259,20151108,20151115,577,996,412,4,5.04,1,0.2,1.638
8647,8645,CA-2015-108259,20151108,20151115,577,662,412,4,39.879,7,0.7,-29.2446
8648,8646,CA-2015-108259,20151108,20151115,577,140,412,4,4.712,1,0.2,1.4136
8649,8647,CA-2016-113341,20161125,20161129,512,131,500,4,194.352,3,0.2,19.4352
8650,8648,US-2015-131842,20151205,20151208,657,126,437,1,97.424,2,0.2,10.9602
8651,8649,CA-2016-164574,20160729,20160803,645,1426,403,4,704.76,5,0.2,26.4285
8652,8650,CA-2016-164574,20160729,20160803,645,749,403,4,27.396,3,0.7,-20.0904
8653,8651,CA-2014-142769,20140913,20140913,654,925,627,2,5.7,5,0.0,2.679
8654,8652,CA-2014-142769,20140913,20140913,654,205,627,2,14.19,3,0.0,5.5341
8655,8653,CA-2014-142769,20140913,20140913,654,1456,627,2,7.3,2,0.0,2.19
8656,8654,CA-2014-142769,20140913,20140913,654,1527,627,2,199.98,2,0.0,75.9924
8657,8655,CA-2014-142769,20140913,20140913,654,1584,627,2,144.96,4,0.0,60.8832
8658,8656,CA-2014-142769,20140913,20140913,654,1502,627,2,118.0,2,0.0,20.06
8659,8657,CA-2014-142769,20140913,20140913,654,1212,627,2,48.94,1,0.0,24.47
8660,8658,CA-2014-142769,20140913,20140913,654,479,627,2,22.66,2,0.0,9.7438
8661,8659,CA-2016-168361,20160621,20160625,419,803,9,4,0.836,1,0.8,-1.3376
8662,8660,CA-2016-153185,20160903,20160908,513,1180,277,4,30.96,6,0.2,11.223
8663,8661,CA-2017-124765,20171125,20171130,335,39,341,4,723.92,5,0.2,-81.441
8664,8662,CA-2015-131856,20150512,20150517,366,144,154,4,21.968,4,0.6,-15.9268
8665,8663,CA-2015-131856,20150512,20150517,366,1747,154,4,619.152,6,0.2,69.6546
8666,8664,CA-2015-131856,20150512,20150517,366,1161,154,4,127.904,7,0.2,41.5688
8667,8665,CA-2017-126634,20170330,20170401,9,326,494,3,94.2,5,0.0,39.564
8668,8666,CA-2016-118500,20161117,20161118,326,1472,534,1,49.5,5,0.0,13.365
8669,8667,CA-2016-163951,20161230,20170102,146,626,306,1,16.52,5,0.2,1.652
8670,8668,CA-2016-149916,20161222,20161224,256,813,629,3,55.36,4,0.2,19.376
8671,8669,CA-2016-149916,20161222,20161224,256,1650,629,3,11.56,1,0.2,3.757
8672,8670,CA-2015-158918,20151220,20151225,36,1305,501,3,17.12,4,0.0,7.704
8673,8671,US-2014-159611,20141227,20150101,416,321,278,3,182.352,3,0.2,-18.2352
8674,8672,US-2014-159611,20141227,20150101,416,1403,278,3,118.16,2,0.2,-25.109
8675,8673,CA-2017-163265,20170216,20170221,410,955,12,4,18.368,2,0.2,6.1992
8676,8674,CA-2017-163265,20170216,20170221,410,121,12,4,600.558,3,0.3,-8.5794
8677,8675,CA-2017-163265,20170216,20170221,410,1332,12,4,50.352,3,0.2,-8.1822
8678,8676,CA-2017-163265,20170216,20170221,410,623,12,4,28.032,6,0.2,3.504
8679,8677,CA-2017-163265,20170216,20170221,410,302,12,4,7.692,1,0.6,-3.6537
8680,8678,CA-2017-141705,20171024,20171026,603,380,164,1,517.405,5,0.3,-81.3065
8681,8679,CA-2016-112739,20160902,20160907,635,694,155,3,8.608,8,0.8,-13.3424
8682,8680,CA-2016-112739,20160902,20160907,635,1529,155,3,159.56,5,0.2,33.9065
8683,8681,CA-2016-143805,20161201,20161203,350,449,446,3,2104.55,7,0.0,694.5015
8684,8682,CA-2016-143805,20161201,20161203,350,1477,446,3,40.7,5,0.0,11.803
8685,8683,CA-2014-133634,20141105,20141110,713,1558,440,4,47.79,3,0.0,16.2486
8686,8684,CA-2017-101665,20171125,20171201,775,561,534,4,5.16,2,0.0,1.3416
8687,8685,CA-2016-155446,20161216,20161223,756,1520,529,4,21.21,7,0.0,4.4541
8688,8686,CA-2017-137323,20171114,20171118,614,1428,273,3,96.36,6,0.0,25.0536
8689,8687,CA-2016-144015,20160626,20160626,29,1468,501,2,231.72,2,0.0,11.586
8690,8688,CA-2016-144015,20160626,20160626,29,923,501,2,17.9,5,0.0,8.95
8691,8689,CA-2016-144015,20160626,20160626,29,1210,501,2,12.48,2,0.0,5.616
8692,8690,CA-2014-101427,20141226,20141230,63,559,306,4,8.016,3,0.2,1.1022
8693,8691,CA-2016-136770,20160814,20160818,709,1845,275,4,259.896,2,0.4,-56.3108
8694,8692,CA-2016-136770,20160814,20160818,709,1757,275,4,247.188,2,0.4,-49.4376
8695,8693,CA-2016-136770,20160814,20160818,709,1493,275,4,279.96,5,0.2,48.993
8696,8694,CA-2016-118311,20161024,20161028,256,1503,533,4,450.0,5,0.0,162.0
8697,8695,US-2014-112795,20140823,20140828,168,1156,71,3,19.44,3,0.0,9.5256
8698,8696,CA-2017-127096,20170915,20170917,178,364,532,3,300.904,1,0.2,11.2839
8699,8697,CA-2017-119284,20170615,20170620,763,1738,437,4,239.976,3,0.2,26.9973
8700,8698,CA-2017-119284,20170615,20170620,763,304,437,4,31.168,4,0.2,9.3504
8701,8699,CA-2017-119284,20170615,20170620,763,372,437,4,120.96,2,0.4,-28.224
8702,8700,CA-2017-119284,20170615,20170620,763,1726,437,4,2239.936,8,0.2,223.9936
8703,8701,CA-2017-119284,20170615,20170620,763,472,437,4,76.608,8,0.2,6.7032
8704,8702,CA-2017-119284,20170615,20170620,763,1365,437,4,142.776,1,0.2,17.847
8705,8703,CA-2017-119284,20170615,20170620,763,1054,437,4,91.36,5,0.2,29.692
8706,8704,CA-2015-133494,20150301,20150305,654,448,304,4,3.552,2,0.2,0.444
8707,8705,CA-2016-111318,20160723,20160726,337,1864,154,1,115.136,8,0.2,11.5136
8708,8706,US-2014-132745,20141001,20141005,562,917,585,4,4.71,1,0.0,0.0
8709,8707,CA-2014-146815,20140908,20140913,607,125,263,4,172.764,2,0.1,13.4372
8710,8708,CA-2014-146815,20140908,20140913,607,591,263,4,3.52,2,0.0,1.6896
8711,8709,CA-2014-119144,20141116,20141118,353,1867,499,1,79.968,4,0.2,-17.9928
8712,8710,CA-2014-119144,20141116,20141118,353,41,499,1,305.9745,3,0.15,25.1979
8713,8711,CA-2014-119144,20141116,20141118,353,1347,499,1,344.91,3,0.0,10.3473
8714,8712,CA-2014-105648,20140303,20140307,265,359,530,4,626.352,3,0.2,-23.4882
8715,8713,US-2015-145422,20151203,20151207,615,20,533,4,359.499,3,0.15,-29.6058
8716,8714,CA-2017-136623,20170711,20170716,766,1706,531,4,71.952,6,0.2,5.3964
8717,8715,CA-2017-136623,20170711,20170716,766,799,531,4,29.8,5,0.2,9.3125
8718,8716,CA-2017-121678,20171116,20171120,93,769,282,3,1.824,1,0.7,-1.3984
8719,8717,CA-2016-120824,20160612,20160616,62,410,155,3,64.384,4,0.8,-160.96
8720,8718,CA-2016-120824,20160612,20160616,62,184,155,3,6.984,2,0.6,-4.5396
8721,8719,CA-2016-120824,20160612,20160616,62,591,155,3,11.264,8,0.2,3.9424
8722,8720,CA-2016-120824,20160612,20160616,62,1045,155,3,15.552,3,0.2,5.6376
8723,8721,CA-2016-120824,20160612,20160616,62,54,155,3,379.372,2,0.3,-119.2312
8724,8722,CA-2016-120824,20160612,20160616,62,1397,155,3,67.536,9,0.2,6.7536
8725,8723,CA-2016-120824,20160612,20160616,62,706,155,3,1.524,2,0.8,-2.667
8726,8724,US-2016-135209,20161229,20161231,510,1216,352,3,37.408,7,0.2,13.0928
8727,8725,US-2016-135209,20161229,20161231,510,1037,352,3,25.344,6,0.2,8.8704
8728,8726,CA-2017-148145,20170318,20170323,726,606,629,4,46.2,4,0.0,21.252
8729,8727,CA-2015-103870,20151227,20151231,710,1553,436,4,4.728,3,0.2,0.7092
8730,8728,CA-2015-103870,20151227,20151231,710,212,436,4,53.352,3,0.2,16.0056
8731,8729,CA-2015-103870,20151227,20151231,710,26,436,4,131.104,2,0.2,8.194
8732,8730,CA-2015-103870,20151227,20151231,710,1397,436,4,22.512,3,0.2,2.2512
8733,8731,CA-2015-103870,20151227,20151231,710,1605,436,4,72.744,7,0.2,-12.7302
8734,8732,CA-2015-111017,20150731,20150806,678,1465,106,4,52.59,3,0.0,15.777
8735,8733,CA-2017-116988,20170627,20170629,614,1257,628,3,19.44,3,0.0,9.3312
8736,8734,CA-2017-116988,20170627,20170629,614,182,628,3,126.3,3,0.0,40.416
8737,8735,CA-2017-116988,20170627,20170629,614,1596,628,3,1287.45,5,0.0,244.6155
8738,8736,US-2014-169390,20140207,20140210,176,1371,265,3,64.96,4,0.0,9.744
8739,8737,CA-2016-168774,20160904,20160909,655,1365,99,4,535.41,3,0.0,160.623
8740,8738,CA-2017-161592,20170406,20170410,175,794,426,4,8.1,5,0.7,-5.94
8741,8739,US-2017-131961,20171208,20171211,517,629,306,1,13.248,4,0.2,3.6432
8742,8740,US-2017-131961,20171208,20171211,517,1777,306,1,83.988,2,0.4,-20.997
8743,8741,CA-2016-102498,20160724,20160725,366,630,392,1,73.2,5,0.0,21.228
8744,8742,CA-2015-113222,20151109,20151109,26,725,43,2,10.74,3,0.0,5.1552
8745,8743,US-2015-144771,20151002,20151004,148,162,596,1,11.032,1,0.2,3.0338
8746,8744,US-2015-144771,20151002,20151004,148,1549,596,1,53.04,3,0.2,-4.641
8747,8745,CA-2015-162376,20151122,20151125,319,578,221,3,17.12,4,0.0,4.9648
8748,8746,CA-2015-162376,20151122,20151125,319,1051,221,3,59.94,3,0.0,28.1718
8749,8747,CA-2017-128076,20170202,20170207,97,152,531,4,210.58,2,0.0,12.6348
8750,8748,CA-2017-128076,20170202,20170207,97,790,531,4,30.96,2,0.2,10.062
8751,8749,CA-2017-128076,20170202,20170207,97,1667,531,4,239.984,2,0.2,38.9974
8752,8750,US-2015-163825,20150616,20150619,452,788,263,1,3050.376,3,0.2,1143.891
8753,8751,US-2015-163825,20150616,20150619,452,1891,263,1,133.98,2,0.0,33.495
8754,8752,CA-2016-105662,20160505,20160509,624,1098,367,4,93.248,4,0.2,31.4712
8755,8753,CA-2016-105662,20160505,20160509,624,1742,367,4,177.48,3,0.2,19.9665
8756,8754,CA-2017-152198,20170909,20170910,351,966,297,1,17.712,6,0.2,5.9778
8757,8755,CA-2017-152198,20170909,20170910,351,794,297,1,4.86,3,0.7,-3.564
8758,8756,CA-2017-152198,20170909,20170910,351,712,297,1,6.258,2,0.7,-5.215
8759,8757,CA-2016-114307,20160722,20160726,501,432,214,4,37.68,2,0.0,10.5504
8760,8758,CA-2016-114307,20160722,20160726,501,1273,214,4,51.84,8,0.0,24.8832
8761,8759,CA-2016-114307,20160722,20160726,501,171,214,4,27.42,3,0.0,9.3228
8762,8760,CA-2016-114307,20160722,20160726,501,731,214,4,5.4,3,0.0,2.592
8763,8761,CA-2016-159891,20160131,20160206,83,788,372,4,1270.99,1,0.0,635.495
8764,8762,CA-2016-159891,20160131,20160206,83,910,372,4,125.36,8,0.0,58.9192
8765,8763,CA-2016-112578,20161229,20170102,290,1424,525,4,14.03,1,0.0,4.0687
8766,8764,CA-2016-112578,20161229,20170102,290,1464,525,4,27.96,2,0.0,7.2696
8767,8765,CA-2015-107083,20151121,20151127,66,559,146,4,5.344,2,0.2,0.7348
8768,8766,CA-2015-107083,20151121,20151127,66,674,146,4,1.696,2,0.8,-2.544
8769,8767,CA-2015-107083,20151121,20151127,66,470,146,4,24.588,3,0.8,-67.617
8770,8768,CA-2015-107083,20151121,20151127,66,741,146,4,7.98,5,0.8,-13.167
8771,8769,CA-2015-151722,20151005,20151009,337,1503,279,4,288.0,4,0.2,57.6
8772,8770,CA-2016-151148,20160912,20160913,605,1775,566,2,146.952,3,0.2,9.1845
8773,8771,CA-2016-151148,20160912,20160913,605,88,566,2,83.136,4,0.2,5.196
8774,8772,CA-2017-115882,20170914,20170917,197,439,414,1,942.784,4,0.2,94.2784
8775,8773,CA-2017-115882,20170914,20170917,197,1101,414,1,74.352,3,0.2,23.235
8776,8774,CA-2015-132276,20150223,20150228,454,401,265,4,26.88,6,0.0,6.72
8777,8775,CA-2015-132276,20150223,20150228,454,772,265,4,10.896,2,0.2,3.8136
8778,8776,CA-2016-163636,20161205,20161209,535,533,9,3,3.536,2,0.2,0.3094
8779,8777,CA-2016-102813,20160702,20160703,246,61,157,1,528.43,5,0.3,0.0
8780,8778,CA-2016-102813,20160702,20160703,246,1069,157,1,41.472,8,0.2,14.5152
8781,8779,CA-2017-135377,20171213,20171218,100,41,265,4,287.976,3,0.2,7.1994
8782,8780,CA-2015-165813,20150320,20150322,94,1432,600,3,29.304,3,0.2,2.5641
8783,8781,CA-2015-133585,20150301,20150304,164,602,155,1,55.328,2,0.2,6.2244
8784,8782,CA-2015-133585,20150301,20150304,164,14,155,1,1227.9984,6,0.32,-36.1176
8785,8783,CA-2016-116911,20160915,20160920,353,698,576,4,20.416,4,0.2,6.6352
8786,8784,CA-2016-116911,20160915,20160920,353,364,576,4,1128.39,3,0.0,259.5297
8787,8785,US-2017-129224,20170317,20170323,58,1000,433,4,4.608,2,0.2,1.6704
8788,8786,CA-2017-145765,20170528,20170602,155,1746,459,4,195.96,5,0.2,19.596
8789,8787,CA-2017-145765,20170528,20170602,155,1126,459,4,15.552,3,0.2,5.4432
8790,8788,CA-2017-145765,20170528,20170602,155,1501,459,4,271.968,4,0.2,54.3936
8791,8789,CA-2017-126914,20170615,20170619,356,64,413,4,698.352,3,0.2,52.3764
8792,8790,CA-2017-126914,20170615,20170619,356,4,413,4,77.728,2,0.2,-3.8864
8793,8791,CA-2015-169572,20150906,20150912,24,760,446,4,46.62,9,0.0,21.4452
8794,8792,CA-2017-162075,20170318,20170324,771,1760,154,4,537.544,7,0.2,47.0351
8795,8793,CA-2014-162992,20141219,20141221,100,983,499,1,14.62,2,0.0,6.8714
8796,8794,CA-2014-162992,20141219,20141221,100,952,499,1,22.55,5,0.0,8.7945
8797,8795,CA-2014-162992,20141219,20141221,100,1778,499,1,583.8,5,0.2,72.975
8798,8796,CA-2014-162992,20141219,20141221,100,1783,499,1,211.168,4,0.2,15.8376
8799,8797,CA-2016-106397,20160707,20160713,517,1240,608,4,12.96,2,0.0,6.2208
8800,8798,CA-2016-106397,20160707,20160713,517,634,608,4,45.98,2,0.0,12.8744
8801,8799,US-2016-150140,20160406,20160410,781,1807,314,4,1294.75,5,0.0,336.635
8802,8800,CA-2014-116666,20140508,20140510,445,1631,305,1,1799.97,5,0.4,239.996
8803,8801,CA-2017-148992,20171123,20171127,176,1280,9,4,10.688,2,0.2,3.7408
8804,8802,CA-2016-140935,20161110,20161112,5,1727,119,1,221.98,2,0.0,62.1544
8805,8803,CA-2016-140935,20161110,20161112,5,40,119,1,341.96,2,0.0,54.7136
8806,8804,CA-2014-157644,20141231,20150101,28,1591,266,1,34.77,3,0.0,11.4741
8807,8805,CA-2014-157644,20141231,20150101,28,999,266,1,18.9,3,0.0,8.694
8808,8806,US-2017-100398,20170819,20170823,228,739,611,4,102.72,3,0.2,37.236
8809,8807,CA-2016-113082,20160912,20160916,490,240,272,4,40.48,2,0.0,14.5728
8810,8808,US-2017-110646,20171026,20171031,359,830,305,4,33.282,3,0.7,-27.735
8811,8809,US-2017-110646,20171026,20171031,359,1819,305,4,118.65,5,0.4,19.775
8812,8810,US-2017-110646,20171026,20171031,359,977,305,4,14.76,5,0.2,4.9815
8813,8811,CA-2017-120614,20170530,20170604,703,1304,498,4,37.52,4,0.0,18.0096
8814,8812,US-2016-140172,20160308,20160313,709,471,73,4,207.144,3,0.1,48.3336
8815,8813,US-2016-140172,20160308,20160313,709,570,73,4,13.9,5,0.0,3.753
8816,8814,CA-2015-127754,20150726,20150731,151,104,456,4,266.352,3,0.2,13.3176
8817,8815,CA-2015-144274,20151123,20151125,615,1828,208,3,307.98,2,0.0,89.3142
8818,8816,CA-2015-144274,20151123,20151125,615,1129,208,3,44.1,6,0.0,20.727
8819,8817,CA-2015-144274,20151123,20151125,615,546,208,3,13.12,4,0.0,5.6416
8820,8818,CA-2015-144274,20151123,20151125,615,897,208,3,16.56,2,0.0,7.7832
8821,8819,CA-2015-144274,20151123,20151125,615,1240,208,3,38.88,6,0.0,18.6624
8822,8820,CA-2015-142930,20151128,20151202,254,1238,128,4,335.52,4,0.2,117.432
8823,8821,CA-2017-100622,20171103,20171107,214,1637,356,4,959.984,2,0.2,311.9948
8824,8822,CA-2017-100622,20171103,20171107,214,772,356,4,4.086,2,0.7,-2.9964
8825,8823,CA-2017-100622,20171103,20171107,214,618,356,4,55.984,2,0.2,4.1988
8826,8824,CA-2017-100622,20171103,20171107,214,1213,356,4,10.688,2,0.2,3.7408
8827,8825,CA-2017-117156,20170321,20170323,732,902,308,3,8.856,3,0.2,2.8782
8828,8826,CA-2015-115399,20151219,20151222,27,1000,305,1,6.912,3,0.2,2.5056
8829,8827,US-2014-157847,20140402,20140406,668,1216,156,3,26.72,5,0.2,9.352
8830,8828,US-2014-157847,20140402,20140406,668,1130,156,3,33.488,7,0.2,10.465
8831,8829,CA-2015-115168,20150605,20150609,66,1070,105,4,10.56,2,0.0,4.752
8832,8830,CA-2014-109680,20141006,20141009,784,1379,40,1,386.34,2,0.0,54.0876
8833,8831,CA-2016-167983,20160821,20160824,653,803,629,3,33.44,10,0.2,11.704
8834,8832,CA-2015-145324,20151115,20151119,207,239,444,4,39.96,2,0.0,14.3856
8835,8833,CA-2015-153423,20150622,20150627,728,668,269,4,1217.568,2,0.2,456.588
8836,8834,US-2017-132675,20170924,20170928,428,1442,378,4,15.51,1,0.0,3.8775
8837,8835,US-2017-132675,20170924,20170928,428,1832,378,4,89.9,2,0.0,25.172
8838,8836,US-2017-132675,20170924,20170928,428,499,378,4,14.28,4,0.0,3.7128
8839,8837,US-2017-132675,20170924,20170928,428,483,378,4,12.72,3,0.0,4.9608
8840,8838,US-2017-132675,20170924,20170928,428,1009,378,4,15.75,5,0.0,7.56
8841,8839,CA-2014-153808,20140406,20140410,284,538,498,3,70.95,3,0.0,18.447
8842,8840,CA-2014-153808,20140406,20140410,284,759,498,3,65.568,2,0.2,23.7684
8843,8841,CA-2014-153808,20140406,20140410,284,1603,498,3,299.97,3,0.0,131.9868
8844,8842,US-2016-112396,20160209,20160213,405,1592,533,4,89.97,3,0.0,39.5868
8845,8843,US-2016-112396,20160209,20160213,405,1619,533,4,31.86,2,0.0,11.151
8846,8844,CA-2014-141173,20141118,20141120,348,1343,93,3,67.15,5,0.0,16.7875
8847,8845,CA-2017-156664,20171218,20171223,104,823,279,4,7.236,3,0.7,-6.03
8848,8846,CA-2017-156664,20171218,20171223,104,943,279,4,4.824,3,0.2,1.7487
8849,8847,CA-2017-156664,20171218,20171223,104,1177,279,4,91.36,5,0.2,29.692
8850,8848,CA-2017-156664,20171218,20171223,104,474,279,4,130.112,2,0.2,13.0112
8851,8849,CA-2015-140718,20150702,20150704,280,1842,414,1,74.24,1,0.2,8.352
8852,8850,CA-2015-140718,20150702,20150704,280,142,414,1,159.84,10,0.2,45.954
8853,8851,CA-2015-140718,20150702,20150704,280,849,414,1,2.892,2,0.7,-2.3136
8854,8852,CA-2015-140718,20150702,20150704,280,1181,414,1,9.392,2,0.2,3.2872
8855,8853,CA-2014-119977,20141008,20141013,227,1255,264,3,123.92,4,0.0,55.764
8856,8854,US-2015-115343,20150922,20150925,290,1449,307,1,55.6,5,0.2,6.255
8857,8855,US-2015-115343,20150922,20150925,290,1596,307,1,617.976,3,0.2,-7.7247
8858,8856,CA-2017-163671,20171224,20171230,231,717,574,4,21.312,3,0.2,7.992
8859,8857,CA-2017-135909,20171013,20171020,411,1551,525,4,209.94,6,0.0,39.8886
8860,8858,CA-2017-135909,20171013,20171020,411,1834,525,4,31.984,2,0.2,-7.996
8861,8859,CA-2017-135909,20171013,20171020,411,788,525,4,5083.96,5,0.2,1906.485
8862,8860,US-2017-114356,20170820,20170826,773,1832,403,4,35.96,1,0.2,3.596
8863,8861,CA-2015-125934,20150911,20150918,704,965,249,4,31.05,3,0.0,14.904
8864,8862,CA-2015-125934,20150911,20150918,704,215,249,4,8.92,4,0.0,3.9248
8865,8863,CA-2015-125934,20150911,20150918,704,841,249,4,209.6,4,0.0,96.416
8866,8864,CA-2015-125934,20150911,20150918,704,464,249,4,111.04,4,0.0,29.9808
8867,8865,CA-2015-125934,20150911,20150918,704,1074,249,4,38.88,6,0.0,18.6624
8868,8866,CA-2015-158148,20151220,20151226,395,457,440,4,36.27,3,0.0,10.881
8869,8867,CA-2014-120411,20140920,20140923,666,42,10,1,493.43,5,0.3,-70.49
8870,8868,CA-2014-120411,20140920,20140923,666,1788,10,1,11.12,2,0.2,3.475
8871,8869,CA-2016-158260,20161104,20161108,134,1681,530,4,686.4,2,0.2,77.22
8872,8870,CA-2017-101805,20171201,20171206,692,730,628,4,15.92,5,0.2,5.373
8873,8871,CA-2017-101805,20171201,20171206,692,140,628,4,70.68,12,0.0,31.0992
8874,8872,CA-2017-101805,20171201,20171206,692,1402,628,4,541.24,4,0.0,5.4124
8875,8873,US-2014-105137,20141010,20141010,623,1672,279,2,101.994,2,0.7,-71.3958
8876,8874,US-2014-105137,20141010,20141010,623,749,279,2,18.264,2,0.7,-13.3936
8877,8875,CA-2017-142489,20171114,20171116,744,796,156,3,21.99,5,0.8,-32.985
8878,8876,US-2016-141264,20160813,20160819,182,1468,158,4,185.376,2,0.2,-34.758
8879,8877,US-2016-141264,20160813,20160819,182,439,158,4,58.924,1,0.8,-153.2024
8880,8878,CA-2017-126928,20170917,20170923,315,1704,245,4,480.0,4,0.0,225.6
8881,8879,CA-2017-126928,20170917,20170923,315,1329,245,4,34.05,3,0.0,9.534
8882,8880,US-2015-107944,20150323,20150325,41,1081,499,1,192.72,11,0.0,92.5056
8883,8881,US-2015-107944,20150323,20150325,41,1500,499,1,239.97,3,0.0,86.3892
8884,8882,CA-2016-135594,20160630,20160703,30,1574,2,3,50.12,7,0.2,-0.6265
8885,8883,US-2017-115252,20171020,20171025,550,1860,405,4,15.984,2,0.2,1.3986
8886,8884,US-2017-115252,20171020,20171025,550,1135,405,4,14.352,3,0.2,4.485
8887,8885,CA-2014-107398,20140825,20140830,107,728,279,4,6.528,4,0.7,-4.5696
8888,8886,CA-2014-107398,20140825,20140830,107,820,279,4,2.862,3,0.7,-2.2896
8889,8887,CA-2014-107398,20140825,20140830,107,738,279,4,20.856,8,0.7,-16.6848
8890,8888,CA-2014-169642,20140727,20140730,65,1398,501,3,276.28,2,0.0,0.0
8891,8889,CA-2017-103968,20171201,20171207,522,260,543,4,629.64,9,0.0,107.0388
8892,8890,CA-2016-147256,20161017,20161021,281,1829,100,3,449.97,3,0.0,220.4853
8893,8891,CA-2016-147256,20161017,20161021,281,452,100,3,1927.59,7,0.0,751.7601
8894,8892,CA-2016-162159,20160916,20160918,168,68,373,1,121.78,2,0.0,30.445
8895,8893,CA-2015-111038,20151201,20151206,454,119,530,4,2676.672,9,0.2,267.6672
8896,8894,CA-2014-124723,20140805,20140812,315,335,179,4,489.23,2,0.3,41.934
8897,8895,CA-2016-167241,20160815,20160822,68,293,498,4,312.03,3,0.0,43.6842
8898,8896,CA-2016-167241,20160815,20160822,68,1367,498,4,17.94,3,0.0,3.0498
8899,8897,CA-2016-167241,20160815,20160822,68,1880,498,4,165.6,3,0.2,10.35
8900,8898,CA-2016-167241,20160815,20160822,68,1304,498,4,37.52,4,0.0,18.0096
8901,8899,CA-2015-163237,20150807,20150809,272,1847,448,3,494.97,3,0.0,148.491
8902,8900,CA-2015-163237,20150807,20150809,272,1022,448,3,25.06,2,0.0,11.7782
8903,8901,CA-2016-150483,20160531,20160604,104,183,12,4,32.064,3,0.6,-12.8256
8904,8902,CA-2016-150483,20160531,20160604,104,1152,12,4,18.496,4,0.2,6.7048
8905,8903,CA-2016-150483,20160531,20160604,104,56,12,4,191.079,3,0.3,-38.2158
8906,8904,CA-2016-150483,20160531,20160604,104,1296,12,4,10.368,2,0.2,3.6288
8907,8905,US-2016-126431,20160701,20160701,720,978,263,2,30.53,1,0.0,14.0438
8908,8906,US-2016-126431,20160701,20160701,720,1528,263,2,30.84,3,0.0,6.168
8909,8907,US-2016-126431,20160701,20160701,720,1159,263,2,75.06,9,0.0,33.777
8910,8908,CA-2016-139934,20161218,20161220,63,1759,533,1,66.976,7,0.2,6.6976
8911,8909,CA-2015-109603,20150126,20150201,269,1253,508,4,182.72,8,0.0,84.0512
8912,8910,CA-2017-160661,20171028,20171101,664,993,222,4,21.93,3,0.0,10.3071
8913,8911,CA-2017-102610,20171104,20171108,123,1489,426,4,95.976,3,0.2,15.5961
8914,8912,CA-2017-102610,20171104,20171108,123,1709,426,4,143.928,9,0.2,-32.3838
8915,8913,CA-2017-102610,20171104,20171108,123,832,426,4,3.564,2,0.7,-2.97
8916,8914,CA-2017-102610,20171104,20171108,123,987,426,4,4.928,2,0.2,1.7248
8917,8915,US-2016-144057,20160509,20160513,184,1365,128,4,856.656,6,0.2,107.082
8918,8916,US-2016-144057,20160509,20160513,184,764,128,4,13.184,4,0.8,-20.4352
8919,8917,US-2016-144057,20160509,20160513,184,395,128,4,48.784,4,0.8,-131.7168
8920,8918,US-2016-144057,20160509,20160513,184,1281,128,4,76.64,2,0.2,26.824
8921,8919,US-2016-144057,20160509,20160513,184,745,128,4,18.528,6,0.8,-27.792
8922,8920,CA-2014-160276,20140402,20140408,35,253,450,4,177.68,2,0.0,46.1968
8923,8921,CA-2014-132983,20140428,20140503,237,1500,258,4,159.98,2,0.0,57.5928
8924,8922,CA-2016-145709,20161004,20161008,35,1831,336,4,52.68,3,0.2,19.755
8925,8923,CA-2016-145709,20161004,20161008,35,243,336,4,11.568,3,0.2,2.6028
8926,8924,CA-2017-133928,20170611,20170617,792,706,411,4,4.572,4,0.7,-3.81
8927,8925,CA-2016-168032,20160130,20160203,204,1868,29,4,1439.968,4,0.2,143.9968
8928,8926,CA-2016-168032,20160130,20160203,204,669,29,4,1.728,3,0.8,-2.6784
8929,8927,CA-2016-168032,20160130,20160203,204,375,29,4,626.1,3,0.5,-538.446
8930,8928,CA-2015-143616,20150927,20150929,714,554,627,3,99.2,5,0.0,25.792
8931,8929,US-2015-168704,20150413,20150417,291,330,157,4,609.98,4,0.3,-113.282
8932,8930,US-2015-168704,20150413,20150417,291,351,157,4,211.372,2,0.3,-45.294
8933,8931,US-2015-168704,20150413,20150417,291,1739,157,4,239.976,3,0.2,17.9982
8934,8932,CA-2017-143252,20171218,20171224,320,176,190,4,99.95,5,0.0,22.9885
8935,8933,CA-2017-143252,20171218,20171224,320,1550,190,4,29.34,3,0.0,10.8558
8936,8934,CA-2016-102134,20160314,20160319,707,272,186,4,16.74,2,0.0,4.3524
8937,8935,CA-2017-130036,20170827,20170827,102,1070,304,2,12.672,3,0.2,3.96
8938,8936,CA-2017-130036,20170827,20170827,102,1534,304,2,1119.888,14,0.2,209.979
8939,8937,CA-2015-134117,20151217,20151219,593,615,499,3,204.85,5,0.0,53.261
8940,8938,CA-2015-134117,20151217,20151219,593,1889,499,3,135.984,2,0.2,16.998
8941,8939,CA-2015-134117,20151217,20151219,593,546,499,3,16.4,5,0.0,7.052
8942,8940,CA-2015-134117,20151217,20151219,593,732,499,3,92.96,2,0.2,31.374
8943,8941,CA-2014-130918,20140822,20140824,401,1470,355,3,7.632,3,0.2,-1.8126
8944,8942,CA-2016-159023,20161103,20161105,578,761,598,1,4.158,7,0.7,-3.465
8945,8943,CA-2016-159023,20161103,20161105,578,1686,598,1,179.991,3,0.7,-251.9874
8946,8944,CA-2017-111717,20171010,20171016,725,74,2,4,239.358,3,0.3,-47.8716
8947,8945,CA-2014-154592,20141207,20141208,261,1032,532,1,164.88,3,0.0,80.7912
8948,8946,CA-2014-128622,20141115,20141117,672,1456,533,3,10.95,3,0.0,3.285
8949,8947,CA-2017-148355,20171224,20171228,557,1164,230,4,19.44,3,0.0,9.3312
8950,8948,CA-2017-148355,20171224,20171228,557,656,230,4,12.3,5,0.0,6.15
8951,8949,CA-2014-132913,20141224,20141226,53,456,530,1,13.97,1,0.0,3.6322
8952,8950,CA-2017-150910,20171222,20171228,384,358,431,4,934.956,6,0.4,-249.3216
8953,8951,CA-2017-150910,20171222,20171228,384,1508,431,4,46.864,2,0.2,7.6154
8954,8952,CA-2017-150910,20171222,20171228,384,1344,431,4,26.16,3,0.2,1.962
8955,8953,CA-2017-150910,20171222,20171228,384,527,431,4,23.128,7,0.2,2.891
8956,8954,CA-2017-150910,20171222,20171228,384,455,431,4,59.24,5,0.2,16.291
8957,8955,CA-2014-156790,20140808,20140810,779,4,345,3,155.456,4,0.2,-7.7728
8958,8956,CA-2014-126480,20140920,20140924,323,1295,529,4,8.56,2,0.0,3.852
8959,8957,CA-2017-105620,20171225,20171228,369,325,342,1,21.0,3,0.2,5.775
8960,8958,CA-2017-105620,20171225,20171228,369,1704,342,1,120.0,2,0.5,-7.2
8961,8959,CA-2017-150266,20171125,20171130,652,1839,155,4,299.96,5,0.2,37.495
8962,8960,CA-2017-150266,20171125,20171130,652,446,155,4,67.84,5,0.8,-179.776
8963,8961,CA-2017-150266,20171125,20171130,652,87,155,4,853.93,5,0.3,-24.398
8964,8962,CA-2017-150266,20171125,20171130,652,539,155,4,18.688,4,0.2,3.7376
8965,8963,CA-2016-157280,20161105,20161107,481,311,450,1,273.96,2,0.0,71.2296
8966,8964,CA-2016-157280,20161105,20161107,481,1483,450,1,89.97,3,0.0,18.8937
8967,8965,CA-2016-157280,20161105,20161107,481,277,450,1,756.8,5,0.0,75.68
8968,8966,CA-2017-106691,20171106,20171112,132,654,155,4,1.248,2,0.8,-1.9344
8969,8967,CA-2016-134180,20161103,20161107,402,1503,304,4,72.0,1,0.2,14.4
8970,8968,CA-2016-134180,20161103,20161107,402,136,304,4,470.155,7,0.3,-13.433
8971,8969,CA-2014-166730,20141230,20150101,202,1396,435,1,39.128,1,0.2,-8.8038
8972,8970,CA-2017-157469,20171202,20171207,279,536,287,4,19.728,9,0.2,1.7262
8973,8971,CA-2017-157469,20171202,20171207,279,1875,287,4,151.188,2,0.4,-25.198
8974,8972,CA-2017-122308,20170324,20170328,545,61,264,4,271.764,2,0.1,60.392
8975,8973,US-2014-149034,20141119,20141121,636,1571,304,1,47.496,1,0.2,-1.1874
8976,8974,CA-2017-159226,20170425,20170427,648,49,499,3,344.981,7,0.15,28.4102
8977,8975,CA-2017-156622,20171123,20171126,400,1065,142,1,36.288,7,0.2,12.7008
8978,8976,CA-2017-156622,20171123,20171126,400,1212,142,1,78.304,2,0.2,29.364
8979,8977,CA-2017-156622,20171123,20171126,400,360,142,1,127.785,1,0.3,-31.0335
8980,8978,CA-2017-156622,20171123,20171126,400,798,142,1,6.104,2,0.8,-9.156
8981,8979,CA-2014-119529,20141103,20141105,225,669,247,3,5.76,2,0.0,2.8224
8982,8980,CA-2015-150413,20151019,20151024,172,665,142,3,1.72,1,0.8,-2.838
8983,8981,CA-2014-108182,20140206,20140210,220,697,30,3,8.952,2,0.8,-14.7708
8984,8982,CA-2016-110898,20160306,20160312,451,421,9,4,2.334,3,0.8,-6.3018
8985,8983,CA-2016-110898,20160306,20160312,451,847,9,4,1.728,4,0.8,-2.7648
8986,8984,CA-2016-110898,20160306,20160312,451,274,9,4,159.04,5,0.6,-194.824
8987,8985,CA-2016-110898,20160306,20160312,451,331,9,4,145.98,2,0.5,-99.2664
8988,8986,CA-2015-123092,20151203,20151207,365,148,412,4,77.952,3,0.2,12.6672
8989,8987,CA-2015-123092,20151203,20151207,365,718,412,4,95.97,5,0.7,-73.577
8990,8988,CA-2015-123092,20151203,20151207,365,1766,412,4,105.584,2,0.2,9.2386
8991,8989,CA-2015-123092,20151203,20151207,365,623,412,4,9.344,2,0.2,1.168
8992,8990,US-2015-128587,20151224,20151230,329,248,108,4,9.68,2,0.0,3.7752
8993,8991,US-2015-128587,20151224,20151230,329,1638,108,4,4899.93,7,0.0,2302.9671
8994,8992,US-2017-139577,20171001,20171006,756,1618,533,4,104.75,5,0.0,21.9975
8995,8993,CA-2017-159100,20171016,20171021,784,1588,428,4,18.528,2,0.2,4.4004
8996,8994,CA-2017-159100,20171016,20171021,784,347,428,4,1875.258,7,0.4,-968.8833
8997,8995,CA-2014-109043,20140815,20140817,177,1054,343,1,91.36,5,0.2,29.692
8998,8996,CA-2014-109043,20140815,20140817,177,478,343,1,152.24,5,0.2,17.127
8999,8997,US-2017-116491,20171111,20171113,592,1876,140,1,35.184,2,0.2,12.3144
9000,8998,CA-2017-122763,20170320,20170320,322,1063,154,2,56.704,2,0.2,19.1376
9001,8999,CA-2017-122763,20170320,20170320,322,1189,154,2,274.064,7,0.2,102.774
9002,9000,CA-2017-137785,20170513,20170517,516,73,306,4,458.43,5,0.3,-124.431
9003,9001,CA-2014-133389,20140622,20140622,736,708,459,2,8.226,3,0.7,-6.0324
9004,9002,CA-2014-103807,20141202,20141209,269,1487,378,4,5.95,1,0.0,0.833
9005,9003,CA-2014-103807,20141202,20141209,269,1175,378,4,15.24,3,0.0,7.1628
9006,9004,CA-2015-102855,20150405,20150406,362,1530,630,2,239.94,6,0.0,26.3934
9007,9005,CA-2015-102855,20150405,20150406,362,565,630,2,23.84,8,0.0,6.4368
9008,9006,CA-2017-107825,20171118,20171118,554,1357,190,2,92.52,6,0.0,24.9804
9009,9007,CA-2017-107825,20171118,20171118,554,1339,190,2,37.76,1,0.0,10.5728
9010,9008,CA-2017-107825,20171118,20171118,554,1008,190,2,7.38,2,0.0,3.4686
9011,9009,CA-2017-107825,20171118,20171118,554,146,190,2,5.82,2,0.0,2.7354
9012,9010,CA-2017-106047,20170712,20170718,172,1090,283,4,3.816,1,0.2,1.1925
9013,9011,CA-2017-127803,20170519,20170523,560,724,320,4,26.16,4,0.0,12.8184
9014,9012,CA-2015-137071,20151220,20151221,256,1606,153,1,100.8,2,0.2,21.42
9015,9013,CA-2016-121447,20160221,20160222,246,201,264,1,135.8,7,0.0,66.542
9016,9014,CA-2017-143084,20170318,20170322,99,570,499,4,13.9,5,0.0,3.753
9017,9015,CA-2017-143084,20170318,20170322,99,894,499,4,19.4,5,0.0,9.312
9018,9016,CA-2016-131639,20161217,20161223,577,714,588,4,13.488,2,0.2,4.3836
9019,9017,CA-2016-131639,20161217,20161223,577,681,588,4,11.416,1,0.2,3.8529
9020,9018,CA-2016-161361,20160326,20160328,545,1151,575,3,17.64,3,0.0,8.6436
9021,9019,CA-2016-161361,20160326,20160328,545,742,575,3,17.04,3,0.2,5.538
9022,9020,CA-2014-100706,20141216,20141218,459,1517,448,3,99.98,2,0.0,7.9984
9023,9021,CA-2014-100706,20141216,20141218,459,222,448,3,29.46,6,0.0,9.7218
9024,9022,CA-2015-129525,20151115,20151120,784,739,297,4,166.92,13,0.7,-116.844
9025,9023,US-2016-141880,20160822,20160823,745,210,562,1,98.328,3,0.2,9.8328
9026,9024,CA-2015-165799,20150629,20150702,689,73,265,1,117.882,1,0.1,1.3098
9027,9025,CA-2016-102127,20160626,20160702,784,1540,266,4,20.97,3,0.0,9.0171
9028,9026,CA-2016-102127,20160626,20160702,784,1492,266,4,139.96,4,0.0,9.7972
9029,9027,CA-2016-102127,20160626,20160702,784,285,266,4,37.74,3,0.0,12.8316
9030,9028,US-2016-152415,20160917,20160922,604,235,229,4,14.82,3,0.0,6.2244
9031,9029,US-2016-152415,20160917,20160922,604,320,229,4,191.82,3,0.0,61.3824
9032,9030,CA-2014-138198,20140718,20140723,384,738,262,4,13.904,2,0.2,4.5188
9033,9031,CA-2017-128041,20170901,20170901,661,405,627,2,314.6,4,0.0,103.818
9034,9032,CA-2017-128041,20170901,20170901,661,353,627,2,283.56,4,0.0,45.3696
9035,9033,CA-2017-105823,20170622,20170626,624,57,69,4,487.96,2,0.0,146.388
9036,9034,CA-2014-152268,20140902,20140907,670,702,325,4,1793.98,2,0.0,843.1706
9037,9035,CA-2015-148873,20151001,20151005,270,777,28,4,2.992,4,0.8,-4.488
9038,9036,CA-2015-148873,20151001,20151005,270,1593,28,4,108.768,4,0.2,2.7192
9039,9037,CA-2015-166492,20150407,20150410,654,1184,266,1,25.92,4,0.0,12.4416
9040,9038,CA-2015-166492,20150407,20150410,654,1384,266,1,22.58,2,0.0,5.8708
9041,9039,CA-2017-157420,20171121,20171121,335,1844,156,2,55.176,3,0.2,-12.4146
9042,9040,CA-2016-117121,20161217,20161221,7,668,68,4,9892.74,13,0.0,4946.37
9043,9041,CA-2014-138177,20140919,20140924,560,380,454,4,73.915,1,0.5,-45.8273
9044,9042,CA-2014-114335,20140928,20141003,789,151,343,4,337.088,4,0.2,16.8544
9045,9043,CA-2015-168760,20150922,20150926,528,475,503,3,61.44,3,0.0,16.5888
9046,9044,CA-2016-168830,20161107,20161113,520,1598,534,4,479.97,3,0.0,163.1898
9047,9045,CA-2017-137463,20171216,20171220,436,777,544,3,5.984,2,0.2,2.244
9048,9046,CA-2017-137463,20171216,20171220,436,1490,544,3,189.95,5,0.0,45.588
9049,9047,CA-2017-137463,20171216,20171220,436,1483,544,3,149.95,5,0.0,31.4895
9050,9048,CA-2017-137463,20171216,20171220,436,552,544,3,29.95,5,0.0,8.6855
9051,9049,CA-2017-137463,20171216,20171220,436,1003,544,3,44.4,3,0.0,22.2
9052,9050,CA-2014-124513,20140921,20140925,699,575,264,4,66.03,3,0.0,17.1678
9053,9051,CA-2015-165554,20150518,20150522,37,1250,498,4,10.86,2,0.0,5.3214
9054,9052,CA-2014-141838,20140326,20140331,211,627,534,3,3.36,2,0.0,0.84
9055,9053,CA-2014-141838,20140326,20140331,211,779,534,3,27.936,4,0.2,9.4284
9056,9054,CA-2014-141838,20140326,20140331,211,1864,534,3,28.784,2,0.2,2.8784
9057,9055,CA-2017-117009,20170922,20170928,90,1454,539,4,21.96,2,0.0,6.1488
9058,9056,CA-2015-128993,20150912,20150917,137,1604,627,3,21.98,2,0.0,8.5722
9059,9057,CA-2015-160227,20151102,20151104,256,85,264,1,2621.322,11,0.1,553.3902
9060,9058,CA-2015-149097,20151020,20151024,722,261,502,4,74.76,7,0.0,23.9232
9061,9059,CA-2015-149097,20151020,20151024,722,333,502,4,364.776,3,0.2,27.3582
9062,9060,CA-2016-132304,20160614,20160618,51,381,627,4,1115.17,7,0.0,334.551
9063,9061,CA-2015-136420,20151120,20151121,176,765,529,1,89.696,4,0.2,33.636
9064,9062,CA-2015-136420,20151120,20151121,176,994,529,1,50.12,4,0.0,23.5564
9065,9063,CA-2016-101623,20160228,20160306,657,950,266,4,36.48,6,0.0,18.24
9066,9064,US-2014-151015,20141014,20141020,69,1196,10,4,322.192,13,0.2,100.685
9067,9065,US-2014-151015,20141014,20141020,69,664,10,4,2.946,3,0.8,-4.8609
9068,9066,US-2014-151015,20141014,20141020,69,1105,10,4,19.136,4,0.2,6.9368
9069,9067,CA-2017-152968,20170526,20170530,94,1496,444,4,23.08,2,0.0,6.924
9070,9068,CA-2016-150077,20160204,20160210,537,1825,218,4,90.48,2,0.0,23.5248
9071,9069,CA-2016-106278,20160902,20160905,91,103,617,3,215.976,3,0.2,-2.6997
9072,9070,CA-2016-106278,20160902,20160905,91,900,617,3,65.94,3,0.0,30.9918
9073,9071,CA-2017-147550,20171204,20171205,427,205,305,1,11.352,3,0.2,2.6961
9074,9072,CA-2015-136105,20150612,20150616,730,1393,37,4,24.56,2,0.0,6.8768
9075,9073,CA-2016-142524,20160904,20160908,486,897,108,4,16.56,2,0.0,7.7832
9076,9074,CA-2016-142524,20160904,20160908,486,1484,108,4,279.95,5,0.0,67.188
9077,9075,CA-2014-136336,20140421,20140426,197,1398,385,4,828.84,6,0.0,0.0
9078,9076,US-2015-136259,20151105,20151108,127,675,287,1,7.218,3,0.7,-5.5338
9079,9077,US-2015-136259,20151105,20151108,127,1476,287,1,27.2,4,0.2,2.04
9080,9078,US-2014-124625,20141103,20141107,709,1582,112,4,89.97,3,0.0,18.8937
9081,9079,CA-2016-108105,20160216,20160223,314,274,385,4,318.08,4,0.0,34.9888
9082,9080,CA-2016-108105,20160216,20160223,314,747,385,4,5.8,1,0.0,2.61
9083,9081,CA-2017-166898,20170911,20170913,432,1809,539,3,143.952,6,0.2,17.994
9084,9082,CA-2017-166898,20170911,20170913,432,1184,539,3,19.44,3,0.0,9.3312
9085,9083,CA-2017-169005,20171102,20171106,86,487,448,4,5.56,2,0.0,1.4456
9086,9084,CA-2015-104038,20150206,20150208,467,1396,449,1,146.73,3,0.0,2.9346
9087,9085,CA-2015-104038,20150206,20150208,467,1207,449,1,29.9,5,0.0,13.455
9088,9086,CA-2016-126102,20160910,20160912,239,829,503,3,276.784,2,0.2,89.9548
9089,9087,CA-2016-143406,20160926,20160930,471,420,154,4,93.032,2,0.8,-251.1864
9090,9088,CA-2016-143406,20160926,20160930,471,58,154,4,454.965,5,0.3,-136.4895
9091,9089,CA-2015-150308,20151215,20151220,657,1750,401,4,246.168,3,0.2,21.5397
9092,9090,CA-2016-131093,20160917,20160920,768,1403,296,3,295.4,5,0.2,-62.7725
9093,9091,US-2017-148831,20171013,20171015,32,1405,386,1,348.56,8,0.0,104.568
9094,9092,CA-2015-162950,20150628,20150703,243,1229,298,3,15.552,3,0.2,5.4432
9095,9093,CA-2015-162950,20150628,20150703,243,15,298,3,482.94,6,0.5,-376.6932
9096,9094,US-2015-132836,20150601,20150605,39,1744,69,4,299.98,2,0.0,83.9944
9097,9095,US-2015-132836,20150601,20150605,39,824,69,4,403.68,6,0.0,181.656
9098,9096,US-2015-132836,20150601,20150605,39,1745,69,4,41.9,2,0.0,11.732
9099,9097,US-2015-132836,20150601,20150605,39,1015,69,4,28.91,7,0.0,13.2986
9100,9098,US-2014-158365,20140412,20140417,722,1049,36,4,32.4,5,0.0,15.552
9101,9099,CA-2017-152933,20171012,20171016,503,1783,140,4,369.544,7,0.2,27.7158
9102,9100,CA-2017-152933,20171012,20171016,503,1156,140,4,10.368,2,0.2,3.7584
9103,9101,CA-2017-152933,20171012,20171016,503,1573,140,4,791.88,3,0.2,128.6805
9104,9102,CA-2015-163181,20151107,20151112,7,537,154,4,23.64,3,0.2,5.319
9105,9103,CA-2015-163181,20151107,20151112,7,1375,154,4,84.784,2,0.2,-16.9568
9106,9104,CA-2015-163181,20151107,20151112,7,145,154,4,64.96,5,0.6,-84.448
9107,9105,CA-2015-163181,20151107,20151112,7,666,154,4,32.06,10,0.8,-51.296
9108,9106,CA-2015-163181,20151107,20151112,7,1317,154,4,177.648,2,0.2,-28.8678
9109,9107,CA-2015-163181,20151107,20151112,7,1655,154,4,287.91,3,0.4,33.5895
9110,9108,CA-2015-132941,20150525,20150528,528,1464,151,1,22.368,2,0.2,1.6776
9111,9109,CA-2015-132941,20150525,20150528,528,1174,151,1,32.368,7,0.2,11.7334
9112,9110,CA-2015-132941,20150525,20150528,528,1576,151,1,207.984,2,0.2,36.3972
9113,9111,CA-2014-132010,20141013,20141015,484,896,446,1,36.4,5,0.0,17.472
9114,9112,CA-2014-132010,20141013,20141015,484,1523,446,1,22.96,2,0.0,4.3624
9115,9113,CA-2014-132010,20141013,20141015,484,1420,446,1,315.2,4,0.0,6.304
9116,9114,CA-2014-132010,20141013,20141015,484,750,446,1,15.18,3,0.0,7.1346
9117,9115,CA-2016-135461,20160207,20160210,252,1863,503,3,623.96,5,0.2,38.9975
9118,9116,CA-2017-153045,20170119,20170124,576,1772,306,3,429.6,2,0.4,-93.08
9119,9117,CA-2017-153045,20170119,20170124,576,239,306,3,31.968,2,0.2,6.3936
9120,9118,CA-2017-153045,20170119,20170124,576,55,306,3,887.271,3,0.3,-63.3765
9121,9119,CA-2017-153045,20170119,20170124,576,1249,306,3,21.696,4,0.2,7.0512
9122,9120,US-2016-155971,20160606,20160612,628,967,501,4,22.05,7,0.0,10.584
9123,9121,US-2016-155971,20160606,20160612,628,1042,501,4,99.9,5,0.0,46.953
9124,9122,CA-2017-122007,20170318,20170320,377,394,500,3,90.86,7,0.0,26.3494
9125,9123,CA-2017-162250,20171124,20171124,608,1173,532,2,7.78,1,0.0,3.501
9126,9124,US-2016-158288,20161126,20161128,259,784,304,3,78.759,9,0.7,-57.7566
9127,9125,CA-2016-128916,20160818,20160820,483,208,155,3,9.552,3,0.6,-3.8208
9128,9126,CA-2016-128916,20160818,20160820,483,155,155,3,5.344,4,0.6,-2.1376
9129,9127,CA-2015-157028,20151128,20151203,484,629,591,4,8.28,2,0.0,3.4776
9130,9128,CA-2017-112473,20170525,20170601,387,1382,155,4,50.136,3,0.2,-11.2806
9131,9129,US-2017-147655,20170904,20170905,52,768,599,1,88.074,7,0.7,-58.716
9132,9130,CA-2016-130911,20160324,20160326,200,43,278,3,301.47,3,0.5,-241.176
9133,9131,CA-2016-130911,20160324,20160326,200,496,278,3,18.656,2,0.2,1.6324
9134,9132,CA-2017-100055,20170528,20170601,497,186,217,4,27.46,2,0.0,9.8856
9135,9133,CA-2017-100055,20170528,20170601,497,417,217,4,125.13,3,0.0,36.2877
9136,9134,CA-2015-157805,20150831,20150904,644,1873,530,4,555.96,5,0.2,41.697
9137,9135,CA-2016-124254,20160412,20160417,733,1363,417,4,129.552,3,0.2,-22.6716
9138,9136,CA-2016-124254,20160412,20160417,733,1314,417,4,51.984,1,0.2,-5.1984
9139,9137,CA-2016-124254,20160412,20160417,733,1092,417,4,10.272,3,0.2,3.4668
9140,9138,CA-2014-123400,20140202,20140209,251,673,365,4,18.336,2,0.7,-12.224
9141,9139,CA-2014-123400,20140202,20140209,251,1825,365,4,180.96,5,0.2,13.572
9142,9140,CA-2014-106971,20140902,20140908,94,1501,5,4,475.944,7,0.2,95.1888
9143,9141,CA-2017-123029,20170930,20171002,115,1556,503,3,159.98,2,0.0,47.994
9144,9142,CA-2016-139409,20160905,20160907,292,1857,264,1,43.6,4,0.0,12.208
9145,9143,US-2017-166688,20170520,20170526,631,815,583,4,8.288,2,0.2,3.0044
9146,9144,US-2017-166688,20170520,20170526,631,1863,583,4,1123.128,9,0.2,70.1955
9147,9145,US-2017-166688,20170520,20170526,631,394,583,4,64.9,5,0.0,18.821
9148,9146,CA-2015-126970,20150920,20150924,757,653,20,4,2.808,3,0.8,-4.4928
9149,9147,US-2016-165505,20160123,20160127,128,1569,314,4,99.98,2,0.0,42.9914
9150,9148,US-2016-165505,20160123,20160127,128,592,314,4,8.04,6,0.0,2.7336
9151,9149,US-2016-165505,20160123,20160127,128,1370,314,4,1564.29,13,0.0,406.7154
9152,9150,US-2014-157070,20140601,20140606,616,723,70,4,138.56,4,0.0,66.5088
9153,9151,US-2014-157070,20140601,20140606,616,480,70,4,65.52,5,0.1,12.376
9154,9152,US-2015-106873,20150924,20150929,439,582,452,3,14.576,2,0.2,2.3686
9155,9153,US-2015-106873,20150924,20150929,439,1552,452,3,23.2,2,0.2,1.45
9156,9154,US-2015-106873,20150924,20150929,439,524,452,3,16.464,7,0.2,1.8522
9157,9155,CA-2016-132990,20160801,20160803,438,319,306,3,19.312,2,0.2,3.1382
9158,9156,CA-2014-102645,20140123,20140128,338,1147,583,4,40.08,6,0.0,19.2384
9159,9157,CA-2014-134215,20140804,20140808,520,411,210,4,101.96,2,0.0,27.5292
9160,9158,CA-2014-134215,20140804,20140808,520,1282,210,4,259.74,13,0.0,124.6752
9161,9159,CA-2014-134215,20140804,20140808,520,1557,210,4,255.42,9,0.0,104.7222
9162,9160,CA-2016-118934,20160809,20160814,299,781,430,4,4.338,3,0.7,-3.0366
9163,9161,CA-2016-118934,20160809,20160814,299,835,430,4,11.88,5,0.7,-7.92
9164,9162,CA-2016-160108,20161208,20161212,27,34,184,4,405.86,7,0.0,32.4688
9165,9163,CA-2016-160108,20161208,20161212,27,92,184,4,680.01,3,0.0,176.8026
9166,9164,CA-2015-164007,20150608,20150612,505,1585,8,4,2.376,3,0.2,0.7425
9167,9165,CA-2015-164007,20150608,20150612,505,463,8,4,143.128,2,0.8,-393.602
9168,9166,CA-2016-100300,20160624,20160626,517,1654,530,3,4476.8,4,0.2,503.64
9169,9167,CA-2016-100300,20160624,20160626,517,1061,530,3,104.85,1,0.0,50.328
9170,9168,CA-2016-100300,20160624,20160626,517,410,530,3,241.44,3,0.0,72.432
9171,9169,CA-2016-140571,20160315,20160319,695,1161,397,4,319.76,14,0.0,147.0896
9172,9170,CA-2016-140571,20160315,20160319,695,1161,397,4,45.68,2,0.0,21.0128
9173,9171,US-2016-155768,20161201,20161201,450,158,514,2,31.96,2,0.0,1.598
9174,9172,US-2016-155768,20161201,20161201,450,1117,514,2,47.9,1,0.0,22.992
9175,9173,US-2016-155768,20161201,20161201,450,1387,514,2,1112.94,3,0.0,222.588
9176,9174,US-2016-155768,20161201,20161201,450,869,514,2,22.92,3,0.0,11.2308
9177,9175,CA-2017-119424,20170612,20170614,666,1809,620,3,71.976,3,0.2,8.997
9178,9176,CA-2017-119424,20170612,20170614,666,1133,620,3,19.44,3,0.0,9.3312
9179,9177,CA-2016-118178,20160319,20160324,136,695,437,4,31.086,3,0.7,-20.724
9180,9178,CA-2016-166618,20161114,20161118,230,1837,266,4,13.98,2,0.0,3.9144
9181,9179,CA-2016-166618,20161114,20161118,230,538,266,4,23.65,1,0.0,6.149
9182,9180,CA-2017-156776,20170807,20170811,387,1800,551,4,707.88,3,0.2,44.2425
9183,9181,CA-2017-156776,20170807,20170811,387,783,551,4,11.952,3,0.2,4.1832
9184,9182,CA-2017-156776,20170807,20170811,387,657,551,4,31.128,3,0.2,11.673
9185,9183,CA-2017-156776,20170807,20170811,387,1620,551,4,55.76,4,0.0,7.8064
9186,9184,CA-2017-156776,20170807,20170811,387,1162,551,4,24.56,2,0.0,11.5432
9187,9185,CA-2017-156776,20170807,20170811,387,318,551,4,51.75,1,0.0,15.525
9188,9186,CA-2017-156776,20170807,20170811,387,89,551,4,207.184,1,0.2,25.898
9189,9187,CA-2017-156776,20170807,20170811,387,439,551,4,1473.1,5,0.0,412.468
9190,9188,US-2015-130512,20150821,20150825,701,1458,299,4,3.488,2,0.2,-0.6976
9191,9189,US-2015-130512,20150821,20150825,701,1488,299,4,21.728,4,0.2,3.8024
9192,9190,US-2015-130512,20150821,20150825,701,1398,299,4,663.072,6,0.2,-165.768
9193,9191,US-2015-130512,20150821,20150825,701,838,299,4,99.588,2,0.7,-82.99
9194,9192,US-2015-130512,20150821,20150825,701,1244,299,4,49.568,2,0.2,15.49
9195,9193,CA-2015-141810,20151102,20151107,65,705,177,4,29.372,7,0.8,-46.9952
9196,9194,CA-2015-141810,20151102,20151107,65,1789,177,4,344.704,2,0.2,38.7792
9197,9195,CA-2014-146843,20141130,20141206,585,1457,452,4,47.992,7,0.2,3.5994
9198,9196,CA-2014-146843,20141130,20141206,585,1559,452,4,102.24,4,0.2,-16.614
9199,9197,CA-2014-103310,20140510,20140515,307,1282,536,4,39.96,2,0.0,19.1808
9200,9198,CA-2014-103310,20140510,20140515,307,1772,536,4,1432.0,5,0.2,125.3
9201,9199,CA-2014-103310,20140510,20140515,307,1478,536,4,41.04,6,0.0,11.0808
9202,9200,CA-2014-103310,20140510,20140515,307,90,536,4,256.784,1,0.2,32.098
9203,9201,CA-2016-152688,20161017,20161020,575,7,250,1,120.98,1,0.0,12.098
9204,9202,CA-2016-152688,20161017,20161020,575,840,250,1,315.98,1,0.0,148.5106
9205,9203,CA-2016-153836,20161030,20161103,258,852,264,4,28.752,3,0.2,10.0632
9206,9204,CA-2016-153836,20161030,20161103,258,634,264,4,114.95,5,0.0,32.186
9207,9205,CA-2016-104689,20161201,20161205,286,517,498,4,23.04,8,0.0,6.912
9208,9206,CA-2016-146423,20160421,20160421,116,642,202,2,15.48,3,0.0,4.4892
9209,9207,CA-2016-146423,20160421,20160421,116,1254,202,2,51.84,8,0.0,24.8832
9210,9208,CA-2017-140781,20170803,20170807,7,1498,3,4,39.816,3,0.2,7.4655
9211,9209,CA-2017-141747,20170803,20170808,671,1428,628,3,16.06,1,0.0,4.1756
9212,9210,CA-2017-142776,20171211,20171214,660,896,51,3,7.28,1,0.0,3.4944
9213,9211,CA-2017-142776,20171211,20171214,660,731,51,3,5.4,3,0.0,2.592
9214,9212,CA-2015-167479,20150314,20150319,36,1170,524,4,19.44,3,0.0,9.3312
9215,9213,CA-2014-144071,20141208,20141215,208,156,533,4,39.88,2,0.0,11.1664
9216,9214,CA-2014-144071,20141208,20141215,208,169,533,4,79.44,3,0.0,28.5984
9217,9215,US-2017-120908,20170930,20171002,79,1024,304,1,20.664,7,0.2,6.9741
9218,9216,CA-2016-152646,20161121,20161126,752,1288,503,4,32.4,5,0.0,15.552
9219,9217,CA-2017-103765,20171124,20171130,367,431,168,4,13.762,1,0.8,-24.7716
9220,9218,US-2017-118157,20171114,20171117,62,909,93,1,15.28,2,0.0,7.4872
9221,9219,US-2015-164238,20150816,20150820,412,1390,304,4,44.688,7,0.2,3.3516
9222,9220,US-2015-164238,20150816,20150820,412,6,304,4,301.47,3,0.5,-204.9996
9223,9221,CA-2017-103212,20171013,20171014,515,961,392,1,11.07,3,0.0,5.2029
9224,9222,CA-2017-103212,20171013,20171014,515,364,392,1,1504.52,4,0.0,346.0396
9225,9223,CA-2017-103212,20171013,20171014,515,1283,392,1,25.92,4,0.0,12.4416
9226,9224,CA-2017-121160,20171104,20171104,288,701,133,2,7.536,6,0.8,-13.188
9227,9225,CA-2017-121160,20171104,20171104,288,775,133,2,1.408,2,0.8,-2.3232
9228,9226,CA-2017-121160,20171104,20171104,288,815,133,2,4.144,4,0.8,-6.4232
9229,9227,CA-2017-121160,20171104,20171104,288,1394,133,2,52.752,3,0.2,-12.5286
9230,9228,CA-2017-140515,20170319,20170324,316,409,499,4,381.36,7,0.0,106.7808
9231,9229,CA-2014-153619,20141103,20141103,746,542,503,2,6.72,4,0.0,3.36
9232,9230,CA-2017-133718,20170723,20170726,739,785,502,1,15.192,3,0.2,5.5071
9233,9231,CA-2017-133718,20170723,20170726,739,1202,502,1,58.32,9,0.0,27.9936
9234,9232,CA-2014-148383,20141227,20141231,654,791,459,4,946.764,6,0.7,-694.2936
9235,9233,CA-2016-126732,20160902,20160906,470,204,501,4,94.68,9,0.0,31.2444
9236,9234,CA-2016-126732,20160902,20160906,470,1320,501,4,23.67,3,0.0,0.9468
9237,9235,CA-2016-126732,20160902,20160906,470,1756,501,4,1091.168,4,0.2,68.198
9238,9236,CA-2016-126732,20160902,20160906,470,639,501,4,18.69,7,0.0,5.2332
9239,9237,CA-2016-126732,20160902,20160906,470,337,501,4,568.728,3,0.2,28.4364
9240,9238,CA-2016-126732,20160902,20160906,470,708,501,4,7.312,1,0.2,2.5592
9241,9239,CA-2017-138156,20170211,20170214,525,267,279,1,147.568,2,0.2,-3.6892
9242,9240,CA-2017-110310,20171027,20171102,554,1136,367,4,56.784,7,0.2,20.5842
9243,9241,CA-2017-110310,20171027,20171102,554,689,367,4,5.607,3,0.7,-3.9249
9244,9242,CA-2017-110310,20171027,20171102,554,536,367,4,6.576,3,0.2,0.5754
9245,9243,CA-2014-113271,20140709,20140714,236,755,534,4,14.304,6,0.2,4.6488
9246,9244,CA-2014-113271,20140709,20140714,236,42,534,4,119.833,1,0.15,7.049
9247,9245,CA-2014-113271,20140709,20140714,236,586,534,4,5.56,2,0.0,2.224
9248,9246,CA-2014-113271,20140709,20140714,236,1187,534,4,32.4,5,0.0,15.552
9249,9247,CA-2017-130106,20170522,20170526,778,601,532,4,9.84,3,0.0,2.8536
9250,9248,CA-2017-130106,20170522,20170526,778,605,532,4,2.78,1,0.0,0.7228
9251,9249,CA-2016-127761,20161110,20161114,726,753,263,4,3.64,1,0.2,1.365
9252,9250,CA-2016-127761,20161110,20161114,726,1850,263,4,881.93,7,0.0,220.4825
9253,9251,CA-2016-105354,20161202,20161206,614,691,56,4,115.84,8,0.0,54.4448
9254,9252,CA-2017-155712,20170302,20170308,426,824,499,4,107.648,2,0.2,33.64
9255,9253,CA-2017-102309,20170923,20170925,229,1512,329,3,199.95,5,0.0,63.984
9256,9254,CA-2017-102309,20170923,20170925,229,1168,329,3,12.96,2,0.0,6.2208
9257,9255,CA-2014-168368,20140211,20140215,294,68,100,3,60.89,1,0.0,15.2225
9258,9256,CA-2014-168368,20140211,20140215,294,1026,100,3,14.94,3,0.0,6.8724
9259,9257,CA-2014-168368,20140211,20140215,294,849,100,3,9.64,2,0.0,4.4344
9260,9258,CA-2014-168368,20140211,20140215,294,223,100,3,332.94,3,0.0,53.2704
9261,9259,CA-2014-168368,20140211,20140215,294,846,100,3,51.9,3,0.0,24.393
9262,9260,CA-2014-168368,20140211,20140215,294,1399,100,3,64.96,2,0.0,2.5984
9263,9261,CA-2017-167976,20171111,20171114,387,1476,121,3,25.5,3,0.0,6.63
9264,9262,CA-2017-111388,20170902,20170902,720,103,627,2,215.976,3,0.2,-2.6997
9265,9263,CA-2015-124499,20151009,20151013,289,58,69,4,389.97,3,0.0,35.0973
9266,9264,CA-2015-124499,20151009,20151013,289,427,69,4,269.91,5,0.1,53.982
9267,9265,US-2017-128118,20171124,20171201,549,657,435,4,11.673,3,0.7,-7.782
9268,9266,US-2017-128118,20171124,20171201,549,899,435,4,64.848,7,0.2,24.318
9269,9267,CA-2014-125759,20140208,20140209,569,216,584,1,14.56,2,0.0,5.5328
9270,9268,CA-2015-151869,20150925,20150925,173,74,256,2,102.582,1,0.1,6.8388
9271,9269,CA-2015-151869,20150925,20150925,173,1213,256,2,20.04,3,0.0,9.6192
9272,9270,US-2017-102183,20170821,20170828,598,787,266,4,32.088,7,0.2,11.2308
9273,9271,US-2017-102183,20170821,20170828,598,702,266,4,4305.552,6,0.2,1453.1238
9274,9272,CA-2016-100510,20160512,20160517,329,155,265,4,10.02,3,0.0,4.4088
9275,9273,CA-2016-100510,20160512,20160517,329,1774,265,4,631.96,4,0.0,303.3408
9276,9274,CA-2017-146983,20170902,20170906,32,791,385,4,1577.94,3,0.0,757.4112
9277,9275,US-2014-134054,20141010,20141010,282,509,587,2,255.85,7,0.0,112.574
9278,9276,CA-2016-113236,20160526,20160529,165,1325,339,3,184.704,6,0.2,13.8528
9279,9277,CA-2016-113236,20160526,20160529,165,1515,339,3,47.92,2,0.2,11.98
9280,9278,CA-2017-122539,20171201,20171205,673,1026,306,4,15.936,4,0.2,5.1792
9281,9279,CA-2017-122539,20171201,20171205,673,722,306,4,8.001,7,0.7,-5.6007
9282,9280,CA-2017-122539,20171201,20171205,673,107,306,4,398.972,2,0.3,-28.498
9283,9281,CA-2016-166772,20160920,20160924,326,26,628,4,163.88,2,0.0,40.97
9284,9282,US-2017-152898,20170911,20170915,126,385,446,4,67.9,5,0.0,20.37
9285,9283,CA-2016-160486,20161230,20170104,263,1190,370,4,72.224,4,0.2,25.2784
9286,9284,CA-2017-102218,20170902,20170904,482,993,562,3,11.696,2,0.2,3.9474
9287,9285,CA-2014-161032,20141118,20141123,518,73,185,4,392.94,3,0.0,43.2234
9288,9286,CA-2015-102778,20151121,20151124,370,143,413,1,18.176,1,0.2,4.7712
9289,9287,CA-2017-154011,20170619,20170626,194,776,140,4,6.888,3,0.8,-11.0208
9290,9288,CA-2017-154011,20170619,20170626,194,330,140,4,457.485,3,0.3,-84.9615
9291,9289,US-2017-165456,20171130,20171203,741,120,305,1,1079.316,6,0.3,-15.4188
9292,9290,CA-2014-111857,20140423,20140426,569,1154,532,3,48.91,1,0.0,22.9877
9293,9291,CA-2014-163650,20140923,20140925,771,562,206,1,9.84,3,0.0,2.8536
9294,9292,CA-2014-163650,20140923,20140925,771,856,206,1,34.5,3,0.0,15.525
9295,9293,CA-2017-124114,20170302,20170302,659,814,182,2,0.556,1,0.8,-0.9452
9296,9294,US-2017-116505,20171117,20171121,741,649,216,3,43.8,6,0.0,20.586
9297,9295,CA-2017-161340,20170528,20170601,41,1191,278,4,13.872,3,0.2,5.0286
9298,9296,CA-2017-161340,20170528,20170601,41,49,278,4,115.96,4,0.5,-64.9376
9299,9297,US-2015-163433,20150418,20150422,534,1589,165,3,41.424,2,0.2,8.2848
9300,9435,CA-2015-119627,20150817,20150823,679,486,458,4,10.272,3,0.2,1.1556
9301,9436,CA-2015-119627,20150817,20150823,679,1513,458,4,252.8,4,0.2,-31.6
9302,9298,US-2015-163433,20150418,20150422,534,1838,165,3,244.768,4,0.2,24.4768
9303,9299,US-2015-163433,20150418,20150422,534,588,165,3,74.352,3,0.2,6.5058
9304,9300,US-2015-163433,20150418,20150422,534,795,165,3,4.312,2,0.8,-6.8992
9305,9301,US-2015-163433,20150418,20150422,534,53,165,3,56.686,1,0.3,-20.245
9306,9302,US-2015-163433,20150418,20150422,534,1775,165,3,97.968,2,0.2,6.123
9307,9303,US-2015-163433,20150418,20150422,534,594,165,3,7.872,3,0.2,0.8856
9308,9304,US-2015-163433,20150418,20150422,534,1262,165,3,15.552,3,0.2,5.4432
9309,9305,US-2015-163433,20150418,20150422,534,663,165,3,1.476,1,0.8,-2.2878
9310,9306,CA-2015-137603,20150919,20150924,510,551,593,4,8.4,5,0.0,2.184
9311,9307,CA-2014-128237,20140325,20140330,123,611,533,4,6.56,2,0.0,1.9024
9312,9308,CA-2014-128237,20140325,20140330,123,587,533,4,14.88,2,0.0,3.72
9313,9309,CA-2014-128237,20140325,20140330,123,1560,533,4,45.48,4,0.0,15.918
9314,9310,CA-2014-128237,20140325,20140330,123,483,533,4,25.44,6,0.0,9.9216
9315,9311,US-2016-102141,20160826,20160831,426,704,265,4,146.688,8,0.2,45.84
9316,9312,CA-2017-148642,20170306,20170312,242,959,142,4,4.928,2,0.2,1.7248
9317,9313,CA-2017-148642,20170306,20170312,242,498,142,4,63.488,4,0.2,4.7616
9318,9314,CA-2015-111948,20151111,20151111,23,1410,70,2,418.32,7,0.0,117.1296
9319,9315,CA-2015-111948,20151111,20151111,23,431,70,2,123.858,2,0.1,46.7908
9320,9316,CA-2016-161907,20160405,20160409,373,1710,306,4,118.782,3,0.4,-27.7158
9321,9317,CA-2016-161907,20160405,20160409,373,1448,306,4,769.184,4,0.2,-163.4516
9322,9318,CA-2017-124940,20170221,20170226,214,1543,134,4,47.904,1,0.2,-2.994
9323,9319,US-2017-108343,20170720,20170725,51,1088,263,4,13.36,2,0.0,6.4128
9324,9320,US-2017-108343,20170720,20170725,51,99,263,4,163.764,2,0.1,25.4744
9325,9321,US-2017-108343,20170720,20170725,51,167,263,4,183.92,4,0.0,31.2664
9326,9322,US-2016-111563,20161104,20161108,700,227,154,4,11.376,3,0.6,-5.688
9327,9323,US-2016-111563,20161104,20161108,700,165,154,4,66.112,4,0.6,-84.2928
9328,9324,CA-2017-121853,20170923,20170929,199,1245,501,4,211.04,8,0.0,97.0784
9329,9325,CA-2017-121853,20170923,20170929,199,119,501,4,594.816,2,0.2,59.4816
9330,9326,CA-2017-121853,20170923,20170929,199,683,501,4,72.96,3,0.2,23.712
9331,9327,US-2017-130687,20170907,20170910,591,292,618,1,80.96,4,0.0,34.8128
9332,9328,US-2017-130687,20170907,20170910,591,1780,618,1,455.712,2,0.2,34.1784
9333,9329,US-2017-130687,20170907,20170910,591,625,618,1,25.98,1,0.0,7.2744
9334,9330,CA-2015-164497,20151128,20151130,39,477,533,1,45.28,4,0.0,15.3952
9335,9331,US-2015-153283,20151112,20151118,253,877,266,4,15.56,2,0.0,7.3132
9336,9332,CA-2016-108056,20160929,20161003,279,1772,601,4,859.2,3,0.2,75.18
9337,9333,CA-2017-127726,20170911,20170913,715,440,384,3,195.68,4,0.0,50.8768
9338,9334,CA-2017-127726,20170911,20170913,715,927,384,3,14.2,4,0.0,6.674
9339,9335,CA-2017-110198,20170501,20170502,27,13,337,1,314.352,3,0.2,-15.7176
9340,9336,CA-2017-110198,20170501,20170502,27,1018,337,1,4.608,2,0.2,1.4976
9341,9337,CA-2017-130715,20170916,20170920,186,922,533,4,17.9,5,0.0,8.771
9342,9338,CA-2014-155264,20141019,20141022,653,777,533,3,2.992,1,0.2,1.122
9343,9339,CA-2014-155264,20141019,20141022,653,803,533,3,20.064,6,0.2,7.0224
9344,9340,CA-2014-155264,20141019,20141022,653,1231,533,3,146.73,3,0.0,68.9631
9345,9341,CA-2014-155264,20141019,20141022,653,995,533,3,18.75,5,0.0,9.0
9346,9342,CA-2014-155264,20141019,20141022,653,1746,533,3,117.576,3,0.2,11.7576
9347,9343,CA-2016-119123,20160313,20160318,195,685,523,4,51.184,7,0.2,19.194
9348,9344,CA-2017-109085,20170217,20170220,149,333,298,1,455.97,5,0.4,-106.393
9349,9345,CA-2017-109085,20170217,20170220,149,706,298,1,5.715,5,0.7,-4.7625
9350,9346,CA-2017-109085,20170217,20170220,149,1725,298,1,57.594,1,0.4,-11.5188
9351,9347,CA-2017-109085,20170217,20170220,149,326,298,1,30.144,2,0.2,8.2896
9352,9348,CA-2017-109085,20170217,20170220,149,120,298,1,899.43,5,0.3,-12.849
9353,9349,CA-2016-114860,20161222,20161228,227,151,508,4,842.72,8,0.0,202.2528
9354,9350,CA-2016-114860,20161222,20161228,227,206,508,4,41.96,2,0.0,10.9096
9355,9351,CA-2016-159009,20160923,20160927,231,858,629,4,13.216,4,0.2,4.4604
9356,9352,CA-2016-159009,20160923,20160927,231,108,629,4,184.752,3,0.2,-20.7846
9357,9353,CA-2017-148411,20170924,20170926,652,119,9,1,520.464,2,0.3,-14.8704
9358,9354,CA-2017-148411,20170924,20170926,652,1171,9,1,11.424,3,0.2,3.7128
9359,9355,CA-2015-110324,20151201,20151205,483,1149,73,4,19.44,3,0.0,9.3312
9360,9356,CA-2015-110324,20151201,20151205,483,506,73,4,3.64,2,0.0,1.0192
9361,9357,CA-2015-110324,20151201,20151205,483,1143,73,4,18.54,2,0.0,8.7138
9362,9358,CA-2016-168046,20160125,20160128,350,795,265,3,43.12,5,0.2,15.092
9363,9359,CA-2016-168046,20160125,20160128,350,334,265,3,313.722,3,0.4,-99.3453
9364,9360,CA-2016-168046,20160125,20160128,350,167,265,3,45.98,1,0.0,7.8166
9365,9361,CA-2016-168046,20160125,20160128,350,1433,265,3,428.68,7,0.0,0.0
9366,9362,CA-2017-111591,20170321,20170325,610,834,628,4,30.576,6,0.2,10.3194
9367,9363,CA-2017-111591,20170321,20170325,610,954,628,4,13.02,7,0.0,0.3906
9368,9364,CA-2017-111591,20170321,20170325,610,224,628,4,22.14,3,0.0,6.4206
9369,9365,CA-2017-111591,20170321,20170325,610,1377,628,4,359.32,4,0.0,7.1864
9370,9366,US-2014-166828,20140822,20140825,362,1152,105,1,11.56,2,0.0,5.6644
9371,9367,CA-2014-108147,20140608,20140613,631,805,260,4,68.48,2,0.2,25.68
9372,9368,CA-2014-108147,20140608,20140613,631,1416,260,4,1676.88,6,0.0,83.844
9373,9369,CA-2016-154998,20160407,20160409,279,1277,243,1,37.94,2,0.0,18.2112
9374,9370,CA-2017-113460,20171107,20171109,440,56,213,3,272.97,3,0.0,43.6752
9375,9371,CA-2015-111339,20150529,20150531,784,231,279,1,41.568,4,0.2,-4.1568
9376,9372,CA-2015-111339,20150529,20150531,784,65,279,1,317.058,3,0.3,-86.0586
9377,9373,CA-2015-111339,20150529,20150531,784,943,279,1,8.04,5,0.2,2.9145
9378,9374,CA-2017-102820,20170507,20170511,173,1839,515,4,419.944,7,0.2,52.493
9379,9375,CA-2016-149671,20160605,20160609,419,1463,628,4,61.38,6,0.0,15.9588
9380,9376,CA-2015-126347,20151214,20151219,39,1575,502,3,50.0,2,0.0,10.5
9381,9377,CA-2017-108756,20171225,20171229,604,1581,241,4,31.8,3,0.0,13.674
9382,9378,CA-2017-155362,20171217,20171221,231,1348,184,4,32.56,2,0.0,8.4656
9383,9379,CA-2016-117625,20160510,20160515,306,876,8,4,7.072,2,0.2,2.3868
9384,9380,CA-2014-154158,20141223,20141227,137,1115,369,3,45.528,3,0.2,15.9348
9385,9381,CA-2014-154158,20141223,20141227,137,131,369,3,64.784,1,0.2,6.4784
9386,9382,CA-2014-154158,20141223,20141227,137,1315,369,3,424.272,2,0.2,-10.6068
9387,9383,CA-2014-154158,20141223,20141227,137,542,369,3,1.344,1,0.2,0.504
9388,9384,CA-2014-154158,20141223,20141227,137,1441,369,3,83.92,5,0.2,-1.049
9389,9385,CA-2017-100433,20170811,20170816,695,1240,263,4,25.92,4,0.0,12.4416
9390,9386,CA-2017-163097,20170827,20170831,686,326,457,4,120.576,8,0.2,33.1584
9391,9387,US-2017-127292,20170119,20170123,649,1038,314,4,79.92,4,0.0,37.5624
9392,9388,US-2017-127292,20170119,20170123,649,1162,314,4,12.28,1,0.0,5.7716
9393,9389,US-2017-127292,20170119,20170123,649,402,314,4,542.94,3,0.0,152.0232
9394,9390,US-2017-127292,20170119,20170123,649,874,314,4,2.04,1,0.0,0.9588
9395,9391,CA-2015-163734,20150619,20150624,437,1422,155,4,228.92,5,0.2,14.3075
9396,9392,CA-2017-162474,20170313,20170316,284,1882,2,1,7.992,1,0.2,2.5974
9397,9393,CA-2015-130848,20151025,20151025,205,56,560,2,582.336,8,0.2,-29.1168
9398,9394,CA-2014-125997,20140920,20140923,547,1841,264,1,629.95,5,0.0,157.4875
9399,9395,CA-2014-125997,20140920,20140923,547,72,264,1,631.782,2,0.1,140.396
9400,9396,CA-2014-125997,20140920,20140923,547,19,264,1,801.568,2,0.2,-10.0196
9401,9397,CA-2014-125997,20140920,20140923,547,994,264,1,75.18,6,0.0,35.3346
9402,9398,CA-2014-125997,20140920,20140923,547,462,264,1,30.98,1,0.0,8.0548
9403,9399,CA-2014-125997,20140920,20140923,547,1829,264,1,1349.91,9,0.0,661.4559
9404,9400,CA-2016-103128,20161111,20161115,682,589,1,4,14.112,6,0.2,1.2348
9405,9401,CA-2015-167696,20150916,20150921,69,877,445,4,31.12,4,0.0,14.6264
9406,9402,CA-2014-159814,20140624,20140628,468,197,463,4,4.272,2,0.2,0.9612
9407,9403,CA-2016-105459,20160812,20160817,574,334,265,3,209.148,2,0.4,-66.2302
9408,9404,CA-2016-105459,20160812,20160817,574,1315,265,3,1591.02,6,0.0,286.3836
9409,9405,CA-2017-141663,20170413,20170417,231,951,305,4,7.92,5,0.2,1.683
9410,9406,CA-2014-152618,20140314,20140317,624,1691,10,1,574.91,2,0.3,156.047
9411,9407,CA-2014-152618,20140314,20140317,624,1107,10,1,8.448,2,0.2,2.64
9412,9408,CA-2017-162789,20170922,20170924,456,1567,266,3,1071.0,9,0.0,171.36
9413,9409,CA-2017-162789,20170922,20170924,456,319,266,3,12.07,1,0.0,3.9831
9414,9410,US-2017-110149,20171210,20171213,788,647,307,1,3.273,1,0.7,-2.5093
9415,9411,US-2017-110149,20171210,20171213,788,188,307,1,87.92,5,0.2,15.386
9416,9412,CA-2016-108959,20160310,20160314,514,1355,456,3,104.696,1,0.2,6.5435
9417,9413,CA-2015-164777,20150127,20150129,673,83,501,1,2803.92,5,0.2,0.0
9418,9414,CA-2016-132017,20160926,20160927,513,812,154,1,6.816,2,0.8,-11.5872
9419,9415,CA-2015-127824,20151018,20151022,347,1863,629,4,249.584,2,0.2,15.599
9420,9416,CA-2015-127824,20151018,20151022,347,1105,629,4,17.94,3,0.0,8.7906
9421,9417,CA-2015-127824,20151018,20151022,347,230,629,4,10.11,3,0.0,3.2352
9422,9418,CA-2014-148285,20141027,20141101,635,1104,406,4,10.368,2,0.2,3.6288
9423,9419,CA-2014-148285,20141027,20141101,635,1056,406,4,11.952,3,0.2,4.0338
9424,9420,CA-2017-152926,20171002,20171004,678,478,154,3,15.224,2,0.8,-38.8212
9425,9421,CA-2017-152926,20171002,20171004,678,423,154,3,21.984,6,0.8,-56.0592
9426,9422,CA-2014-145254,20140723,20140727,557,1722,534,4,604.752,6,0.2,60.4752
9427,9423,CA-2014-145254,20140723,20140727,557,1477,534,4,40.7,5,0.0,11.803
9428,9424,CA-2014-145254,20140723,20140727,557,1875,534,4,302.376,3,0.2,37.797
9429,9425,CA-2014-145254,20140723,20140727,557,1545,534,4,45.0,3,0.0,4.95
9430,9426,CA-2014-116246,20140912,20140917,482,83,266,3,3785.292,6,0.1,420.588
9431,9427,CA-2016-160479,20160915,20160920,34,564,628,4,35.4,5,0.0,13.452
9432,9428,CA-2014-167486,20141127,20141201,397,256,255,4,199.9,5,0.0,39.98
9433,9429,CA-2014-152100,20140511,20140516,787,51,157,4,1212.96,8,0.3,-69.312
9434,9430,CA-2015-166219,20150828,20150901,102,1866,140,4,1099.96,5,0.2,82.497
9435,9431,CA-2015-166219,20150828,20150901,102,380,140,4,103.481,1,0.3,-16.2613
9436,9432,CA-2015-111864,20150619,20150619,607,1024,305,2,5.904,2,0.2,1.9926
9437,9433,CA-2015-119627,20150817,20150823,679,1546,458,4,30.08,2,0.2,-5.264
9438,9437,CA-2015-160787,20150925,20150925,94,800,307,2,2.946,2,0.7,-2.0622
9439,9438,CA-2017-107853,20170526,20170531,139,1069,512,4,12.96,2,0.0,6.2208
9440,9439,CA-2017-126144,20170731,20170805,307,1740,305,4,285.576,4,0.4,-57.1152
9441,9440,US-2014-154655,20141012,20141017,99,1449,9,4,22.24,2,0.2,2.502
9442,9441,CA-2014-100391,20140525,20140529,118,1122,266,4,14.62,2,0.0,6.7252
9443,9442,CA-2014-165477,20141229,20141231,638,457,286,3,48.36,5,0.2,6.045
9444,9443,CA-2017-165904,20170407,20170411,332,580,345,4,16.256,2,0.2,1.2192
9445,9444,CA-2017-165904,20170407,20170411,332,1728,345,4,219.184,2,0.2,19.1786
9446,9445,CA-2015-104052,20150301,20150302,759,1835,138,1,95.84,4,0.2,34.742
9447,9446,CA-2015-168277,20150529,20150603,416,1020,40,4,12.39,3,0.0,5.6994
9448,9447,CA-2016-158617,20160922,20160928,15,1179,43,4,35.88,6,0.0,16.146
9449,9448,CA-2017-136882,20170527,20170603,227,269,120,4,477.3,5,0.0,138.417
9450,9449,US-2016-148957,20160917,20160923,133,987,625,4,12.32,4,0.0,5.9136
9451,9450,CA-2014-140032,20140908,20140913,764,677,532,4,8.608,2,0.2,3.0128
9452,9451,CA-2017-145506,20170603,20170607,531,1443,630,4,136.26,9,0.0,5.4504
9453,9452,CA-2015-129546,20150928,20151005,655,437,500,4,186.15,3,0.0,55.845
9454,9453,CA-2015-129546,20150928,20151005,655,812,500,4,81.792,6,0.2,26.5824
9455,9454,CA-2015-129546,20150928,20151005,655,1481,500,4,47.19,3,0.0,13.6851
9456,9455,CA-2015-129546,20150928,20151005,655,1844,500,4,36.784,2,0.2,-8.2764
9457,9456,CA-2016-140977,20160616,20160619,385,1689,426,3,91.475,1,0.5,-1.8295
9458,9457,CA-2017-151855,20170527,20170603,119,1554,409,4,27.192,3,0.2,0.3399
9459,9458,CA-2017-151855,20170527,20170603,119,823,409,4,12.06,5,0.7,-10.05
9460,9459,CA-2014-138240,20141009,20141014,697,555,534,4,144.6,3,0.0,41.934
9461,9460,CA-2014-138240,20141009,20141014,697,1810,534,4,15.992,1,0.2,-2.9985
9462,9461,CA-2014-101833,20141117,20141122,283,1243,265,3,34.44,3,0.0,17.22
9463,9462,CA-2014-100867,20141019,20141024,262,1891,494,4,321.552,6,0.2,20.097
9464,9463,US-2017-109610,20171125,20171130,107,79,386,3,701.96,2,0.0,168.4704
9465,9464,CA-2014-156545,20140227,20140303,410,597,279,1,19.456,4,0.2,3.4048
9466,9465,CA-2014-109127,20141221,20141225,347,1018,207,4,17.28,6,0.0,7.9488
9467,9466,CA-2016-126858,20161119,20161123,391,158,629,4,31.96,2,0.0,1.598
9468,9467,CA-2017-102925,20171105,20171110,141,757,265,3,164.688,6,0.2,55.5822
9469,9468,CA-2017-102925,20171105,20171110,141,363,265,3,166.5,2,0.4,-66.6
9470,9469,CA-2017-102925,20171105,20171110,141,1153,265,3,12.96,2,0.0,6.2208
9471,9470,CA-2017-102925,20171105,20171110,141,1270,265,3,110.96,2,0.0,53.2608
9472,9471,CA-2017-102925,20171105,20171110,141,1751,265,3,99.98,2,0.0,3.9992
9473,9472,CA-2017-102925,20171105,20171110,141,756,265,3,11.424,1,0.2,3.7128
9474,9473,CA-2017-102925,20171105,20171110,141,135,265,3,128.124,2,0.1,24.2012
9475,9474,CA-2017-102925,20171105,20171110,141,300,265,3,101.4,5,0.0,38.532
9476,9475,CA-2015-100818,20150531,20150605,391,966,10,3,5.904,2,0.2,1.9926
9477,9476,CA-2015-100818,20150531,20150605,391,1101,10,3,173.488,7,0.2,54.215
9478,9477,CA-2015-100818,20150531,20150605,391,238,10,3,51.56,2,0.6,-61.872
9479,9478,CA-2015-100818,20150531,20150605,391,832,10,3,3.564,3,0.8,-6.237
9480,9479,CA-2014-126193,20140907,20140914,715,926,24,4,13.16,5,0.2,4.1125
9481,9480,CA-2014-126193,20140907,20140914,715,698,24,4,3.828,3,0.8,-6.5076
9482,9481,CA-2014-126193,20140907,20140914,715,844,24,4,304.99,5,0.8,-533.7325
9483,9482,CA-2017-150504,20171106,20171112,322,1329,142,4,18.16,2,0.2,1.816
9484,9483,CA-2015-158351,20150620,20150624,67,1532,305,3,319.984,2,0.2,91.9954
9485,9611,CA-2016-130638,20160516,20160519,670,987,502,3,27.72,9,0.0,13.3056
9486,9484,CA-2014-122679,20140722,20140728,10,640,499,4,19.68,6,0.0,6.4944
9487,9485,CA-2016-164770,20161202,20161204,550,37,153,3,781.864,10,0.32,-137.976
9488,9486,CA-2016-164770,20161202,20161204,550,1260,153,3,30.816,9,0.2,9.63
9489,9487,CA-2017-130505,20171012,20171012,561,346,315,2,673.344,3,0.3,-76.9536
9490,9488,US-2017-125213,20171211,20171213,554,931,249,1,6.54,3,0.0,2.1582
9491,9489,CA-2015-156566,20151001,20151004,270,1772,598,1,572.8,2,0.2,50.12
9492,9490,US-2016-102232,20160805,20160811,501,497,320,4,197.05,7,0.0,59.115
9493,9491,CA-2017-111738,20170103,20170107,161,840,533,4,2022.272,8,0.2,682.5168
9494,9492,CA-2017-111738,20170103,20170107,161,505,533,4,9.12,3,0.0,3.1008
9495,9493,CA-2017-163188,20171107,20171107,255,674,119,2,38.16,9,0.0,19.08
9496,9494,CA-2016-105207,20160103,20160108,97,329,114,4,1592.85,7,0.0,350.427
9497,9495,CA-2016-105207,20160103,20160108,97,832,114,4,11.88,2,0.0,5.346
9498,9496,US-2016-123610,20160512,20160516,782,1611,505,4,120.0,6,0.0,46.8
9499,9497,US-2016-123610,20160512,20160516,782,429,505,4,8.67,1,0.0,2.3409
9500,9498,CA-2017-118213,20171105,20171107,6,1199,39,1,4.41,1,0.0,2.0286
9501,9499,CA-2017-118213,20171105,20171107,6,1075,39,1,167.94,3,0.0,82.2906
9502,9500,CA-2017-118213,20171105,20171107,6,1249,39,1,67.8,10,0.0,31.188
9503,9501,CA-2016-149237,20160526,20160530,160,214,190,4,26.94,3,0.0,11.3148
9504,9502,US-2015-158589,20151120,20151124,447,191,532,4,32.04,3,0.0,8.01
9505,9503,CA-2016-101329,20160422,20160429,526,499,270,4,32.13,9,0.0,8.3538
9506,9504,CA-2016-101329,20160422,20160429,526,584,270,4,2.88,1,0.0,0.8064
9507,9505,CA-2016-113607,20161014,20161018,614,1863,263,4,1091.93,7,0.0,272.9825
9508,9506,CA-2016-113607,20161014,20161018,614,1163,263,4,111.96,2,0.0,54.8604
9509,9507,CA-2014-149104,20140405,20140407,636,574,67,3,26.7,2,0.0,7.476
9510,9508,CA-2014-149104,20140405,20140407,636,823,67,3,40.2,5,0.0,18.09
9511,9509,CA-2014-149104,20140405,20140407,636,636,67,3,13.89,3,0.0,4.5837
9512,9510,CA-2014-149104,20140405,20140407,636,1347,67,3,689.82,6,0.0,20.6946
9513,9511,CA-2016-105263,20160806,20160811,466,563,265,4,38.34,9,0.0,15.7194
9514,9512,CA-2014-130575,20141214,20141216,171,745,9,1,9.264,3,0.8,-13.896
9515,9513,CA-2017-142461,20170530,20170603,445,14,141,3,204.6664,1,0.32,-6.0196
9516,9514,CA-2016-125220,20161014,20161019,77,1573,183,4,1649.75,5,0.0,544.4175
9517,9515,CA-2014-100293,20140314,20140318,562,1041,345,4,91.056,6,0.2,31.8696
9518,9516,CA-2014-154165,20140217,20140224,220,600,10,4,54.208,14,0.2,8.8088
9519,9517,CA-2015-123939,20150824,20150826,539,1736,276,3,26.982,3,0.4,4.0473
9520,9518,CA-2015-123939,20150824,20150826,539,1000,276,3,6.912,3,0.2,2.5056
9521,9519,CA-2015-123939,20150824,20150826,539,1408,276,3,435.504,3,0.2,48.9942
9522,9520,US-2017-104451,20170508,20170512,527,399,533,3,81.08,4,0.0,22.7024
9523,9521,CA-2016-101189,20160204,20160209,341,1430,503,4,93.02,2,0.0,3.7208
9524,9522,CA-2014-169446,20141219,20141225,690,1820,9,4,323.976,3,0.2,36.4473
9525,9523,CA-2014-169446,20141219,20141225,690,1050,9,4,15.552,3,0.2,5.4432
9526,9524,CA-2014-169446,20141219,20141225,690,1323,9,4,32.592,3,0.2,-7.7406
9527,9525,CA-2017-156958,20171205,20171206,583,705,629,1,83.92,5,0.2,29.372
9528,9526,CA-2017-156958,20171205,20171206,583,256,629,1,199.9,5,0.0,39.98
9529,9527,CA-2017-156958,20171205,20171206,583,1711,629,1,31.176,3,0.2,-7.0146
9530,9528,CA-2017-156958,20171205,20171206,583,707,629,1,172.752,6,0.2,60.4632
9531,9529,CA-2017-156958,20171205,20171206,583,735,629,1,9.296,2,0.2,3.0212
9532,9530,CA-2017-101637,20170324,20170325,14,1390,130,2,12.768,2,0.2,0.9576
9533,9531,CA-2017-111759,20170708,20170712,536,1225,627,4,52.76,2,0.0,24.2696
9534,9532,CA-2017-102729,20171026,20171031,84,1324,141,4,55.616,2,0.2,5.5616
9535,9533,CA-2016-116596,20161027,20161031,120,59,264,4,427.644,14,0.1,80.7772
9536,9534,CA-2016-116596,20161027,20161031,120,916,264,4,40.67,7,0.0,12.6077
9537,9535,CA-2016-116596,20161027,20161031,120,1331,264,4,33.48,2,0.0,1.3392
9538,9536,CA-2016-116596,20161027,20161031,120,769,264,4,9.728,2,0.2,3.2832
9539,9537,CA-2017-124191,20170612,20170614,768,224,8,3,8.856,3,0.6,-6.8634
9540,9538,CA-2016-148747,20160925,20160927,52,24,533,1,477.666,2,0.15,84.294
9541,9539,US-2017-169488,20170907,20170909,2,1200,311,1,16.9,5,0.0,7.774
9542,9540,US-2017-169488,20170907,20170909,2,1038,311,1,39.96,2,0.0,18.7812
9543,9541,CA-2015-135727,20150511,20150516,610,128,459,3,191.968,7,0.2,16.7972
9544,9542,CA-2015-135251,20150806,20150810,653,1021,156,4,35.52,3,0.2,13.32
9545,9543,CA-2015-135251,20150806,20150810,653,689,156,4,6.23,5,0.8,-9.6565
9546,9544,CA-2015-135251,20150806,20150810,653,1234,156,4,56.704,2,0.2,19.1376
9547,9545,CA-2015-135251,20150806,20150810,653,39,156,4,369.1992,3,0.32,-114.0174
9548,9546,CA-2014-166590,20141029,20141102,558,1585,37,4,1.98,2,0.0,0.891
9549,9547,CA-2014-166590,20141029,20141102,558,1066,37,4,75.88,2,0.0,35.6636
9550,9548,CA-2016-131744,20160618,20160620,680,1295,305,3,6.848,2,0.2,2.14
9551,9549,CA-2016-131744,20160618,20160620,680,806,305,3,4.626,2,0.7,-3.855
9552,9550,CA-2016-131744,20160618,20160620,680,416,305,3,453.6,3,0.2,90.72
9553,9551,CA-2015-160864,20150503,20150506,563,845,536,1,13.848,3,0.2,5.193
9554,9552,CA-2015-147690,20151110,20151114,668,1370,306,4,577.584,6,0.2,43.3188
9555,9553,CA-2015-163923,20150530,20150603,70,1490,448,4,151.96,4,0.0,36.4704
9556,9554,CA-2016-125724,20160922,20160927,703,149,557,4,68.432,7,0.2,8.554
9557,9555,CA-2015-111612,20151128,20151202,253,276,279,4,71.12,5,0.2,9.779
9558,9556,CA-2015-111612,20151128,20151202,253,944,279,4,3.008,2,0.2,0.564
9559,9557,CA-2015-156853,20151203,20151205,331,1247,233,3,184.66,7,0.0,84.9436
9560,9558,CA-2014-103086,20141017,20141019,254,307,156,3,5.312,2,0.6,-1.5936
9561,9559,CA-2016-129280,20160503,20160505,702,1595,294,1,132.52,5,0.2,34.7865
9562,9560,CA-2016-129280,20160503,20160505,702,1396,294,1,195.64,5,0.2,-44.019
9563,9561,CA-2016-129280,20160503,20160505,702,203,294,1,51.968,2,0.2,10.3936
9564,9562,CA-2016-129280,20160503,20160505,702,1563,294,1,431.976,3,0.2,-75.5958
9565,9563,CA-2016-129280,20160503,20160505,702,1690,294,1,224.937,3,0.7,-164.9538
9566,9564,CA-2016-129280,20160503,20160505,702,957,294,1,6.0,2,0.2,2.1
9567,9565,CA-2015-161242,20150601,20150608,143,1151,502,4,11.76,2,0.0,5.7624
9568,9566,CA-2014-130428,20140331,20140331,749,102,369,2,1125.488,7,0.2,98.4802
9569,9567,CA-2014-130428,20140331,20140331,749,714,369,2,12.645,5,0.7,-10.116
9570,9568,CA-2014-130428,20140331,20140331,749,620,369,2,4.032,2,0.2,1.0584
9571,9569,CA-2017-104388,20170705,20170707,211,1793,109,1,79.96,4,0.0,22.3888
9572,9570,CA-2015-113131,20150924,20150924,485,777,279,2,6.732,6,0.7,-4.488
9573,9571,CA-2015-113131,20150924,20150924,485,1352,279,2,33.568,2,0.2,1.6784
9574,9572,CA-2015-113131,20150924,20150924,485,893,279,2,15.84,2,0.2,5.544
9575,9573,CA-2015-113131,20150924,20150924,485,1004,279,2,24.424,1,0.2,7.9378
9576,9574,CA-2015-113131,20150924,20150924,485,595,279,2,17.12,5,0.2,1.926
9577,9575,CA-2015-148495,20150813,20150813,685,204,517,2,31.56,3,0.0,10.4148
9578,9576,CA-2015-143147,20150526,20150528,609,65,177,3,105.686,1,0.3,-28.6862
9579,9577,CA-2015-143147,20150526,20150528,609,1705,177,3,399.54,2,0.4,-79.908
9580,9578,CA-2015-143147,20150526,20150528,609,132,177,3,104.93,5,0.3,-4.497
9581,9579,CA-2017-152975,20170914,20170916,627,1879,266,1,1079.85,3,0.0,323.955
9582,9580,CA-2017-152975,20170914,20170916,627,1360,266,1,70.98,1,0.0,3.549
9583,9581,CA-2017-152975,20170914,20170916,627,552,266,1,29.95,5,0.0,8.6855
9584,9582,CA-2017-152975,20170914,20170916,627,105,266,1,589.41,5,0.1,-6.549
9585,9583,CA-2016-107475,20160607,20160611,660,943,304,4,9.648,6,0.2,3.4974
9586,9584,CA-2017-116127,20170625,20170627,666,19,265,3,400.784,1,0.2,-5.0098
9587,9585,CA-2017-132584,20170826,20170827,326,1321,70,1,53.72,4,0.0,13.9672
9588,9586,CA-2016-160598,20160826,20160828,723,1185,351,1,31.008,1,0.2,11.2404
9589,9587,CA-2016-108630,20161118,20161118,77,751,476,2,61.12,5,0.2,22.156
9590,9588,US-2017-129203,20170417,20170422,92,1362,10,4,195.136,4,0.2,-43.9056
9591,9589,CA-2017-110940,20170723,20170728,64,491,34,4,121.536,4,0.2,15.192
9592,9590,CA-2014-119172,20140511,20140515,319,1221,8,4,17.472,3,0.2,5.6784
9593,9591,CA-2014-119172,20140511,20140515,319,732,8,4,104.58,9,0.8,-172.557
9594,9592,US-2016-105452,20160728,20160801,80,270,169,4,24.7,5,0.6,-9.88
9595,9593,US-2016-105452,20160728,20160801,80,277,169,4,302.72,5,0.6,-378.4
9596,9594,CA-2017-108931,20170914,20170919,335,1205,265,4,8.56,2,0.0,3.852
9597,9595,CA-2017-108931,20170914,20170919,335,1256,265,4,11.56,2,0.0,5.6644
9598,9596,CA-2017-104619,20170124,20170129,425,418,536,4,25.86,3,0.0,6.7236
9599,9597,CA-2017-104619,20170124,20170129,425,829,536,4,276.784,2,0.2,89.9548
9600,9598,CA-2017-104619,20170124,20170129,425,1714,536,4,110.352,3,0.2,8.2764
9601,9599,CA-2015-149517,20150919,20150923,281,262,525,4,60.84,3,0.0,19.4688
9602,9600,CA-2015-116841,20150414,20150418,757,433,601,4,35.208,1,0.2,2.6406
9603,9601,CA-2017-107797,20170508,20170511,247,1257,164,3,41.472,8,0.2,14.5152
9604,9602,CA-2016-117604,20160904,20160909,401,1117,327,4,239.5,5,0.0,114.96
9605,9603,CA-2014-130155,20140519,20140522,747,1478,450,1,34.2,5,0.0,9.234
9606,9604,CA-2016-129861,20160617,20160623,225,366,269,4,376.866,3,0.4,-213.5574
9607,9605,CA-2015-138625,20151102,20151105,257,453,442,1,197.72,4,0.0,55.3616
9608,9606,US-2017-122672,20171104,20171109,323,1549,288,4,70.72,4,0.2,-6.188
9609,9607,US-2017-122672,20171104,20171109,323,1389,288,4,194.352,3,0.2,-43.7292
9610,9608,CA-2017-117128,20171205,20171208,82,1027,265,3,21.6,6,0.0,9.936
9611,9609,CA-2017-117128,20171205,20171208,82,961,265,3,11.07,3,0.0,5.2029
9612,9610,CA-2016-130638,20160516,20160519,670,217,502,3,282.84,4,0.0,19.7988
9613,9612,CA-2017-144365,20171024,20171030,173,924,397,4,11.68,4,0.0,5.256
9614,9613,CA-2016-110086,20160918,20160922,68,1744,553,4,239.984,2,0.2,23.9984
9615,9614,CA-2014-128524,20141111,20141113,552,447,629,1,22.98,1,0.0,6.894
9616,9615,CA-2014-128524,20141111,20141113,552,1565,629,1,102.13,7,0.0,15.3195
9617,9616,CA-2014-128524,20141111,20141113,552,788,629,1,2033.584,2,0.2,762.594
9618,9617,CA-2016-140256,20160822,20160829,614,558,503,4,5.76,2,0.0,1.6704
9619,9618,CA-2017-160633,20171116,20171121,106,1635,276,4,899.982,3,0.4,74.9985
9620,9619,CA-2017-160633,20171116,20171121,106,619,276,4,86.352,3,0.2,5.397
9621,9620,CA-2017-160633,20171116,20171121,106,1551,276,4,139.96,5,0.2,-1.7495
9622,9621,CA-2014-115133,20140926,20140930,188,422,288,4,16.704,6,0.2,1.2528
9623,9622,CA-2014-115133,20140926,20140930,188,1553,288,4,3.152,2,0.2,0.4728
9624,9623,CA-2014-115133,20140926,20140930,188,1040,288,4,32.896,4,0.2,11.1024
9625,9624,CA-2017-137449,20170629,20170630,499,390,142,1,21.392,2,0.8,-54.5496
9626,9625,CA-2017-137449,20170629,20170630,499,357,142,1,307.314,3,0.3,-39.5118
9627,9626,CA-2017-137449,20170629,20170630,499,6,142,1,409.9992,3,0.32,-96.4704
9628,9627,CA-2017-103520,20170923,20170925,514,1152,163,1,9.248,2,0.2,3.3524
9629,9628,CA-2014-139283,20141123,20141127,113,734,69,4,14.67,3,0.0,6.7482
9630,9630,CA-2014-118192,20140113,20140118,526,787,294,4,3.438,2,0.7,-2.5212
9631,9631,CA-2016-168844,20160531,20160606,570,755,264,4,7.152,3,0.2,2.3244
9632,9632,CA-2016-168844,20160531,20160606,570,1835,264,4,179.7,6,0.0,88.053
9633,9633,CA-2017-154809,20170213,20170217,512,479,93,4,90.64,8,0.0,38.9752
9634,9634,CA-2014-151330,20141014,20141017,744,1502,222,1,177.0,3,0.0,30.09
9635,9635,CA-2014-151330,20141014,20141017,744,1329,222,1,79.45,7,0.0,22.246
9636,9636,CA-2014-151330,20141014,20141017,744,62,222,1,1628.82,9,0.0,260.6112
9637,9637,CA-2014-124702,20141118,20141125,514,265,628,4,137.54,2,0.0,55.016
9638,9638,CA-2014-124702,20141118,20141125,514,360,628,4,730.2,4,0.0,94.926
9639,9639,US-2017-125808,20171112,20171115,276,1152,500,3,11.56,2,0.0,5.6644
9640,9640,CA-2015-116638,20150128,20150131,372,327,404,3,4297.644,13,0.4,-1862.3124
9641,9641,CA-2014-104563,20140307,20140312,164,492,627,4,20.65,5,0.0,9.499
9642,9642,CA-2014-104563,20140307,20140312,164,1345,627,4,204.9,5,0.0,0.0
9643,9643,CA-2014-104563,20140307,20140312,164,99,627,4,436.704,6,0.2,21.8352
9644,9644,CA-2014-104563,20140307,20140312,164,127,627,4,481.568,2,0.2,54.1764
9645,9645,US-2017-107979,20170608,20170613,290,1539,456,4,89.544,7,0.2,12.3123
9646,9646,US-2017-107979,20170608,20170613,290,1394,456,4,35.168,2,0.2,-8.3524
9647,9647,US-2017-107979,20170608,20170613,290,676,456,4,72.588,2,0.7,-48.392
9648,9648,CA-2014-150518,20141119,20141124,547,1342,88,4,221.16,4,0.0,57.5016
9649,9649,CA-2014-150518,20141119,20141124,547,1784,88,4,281.97,3,0.0,78.9516
9650,9650,CA-2016-107104,20161126,20161130,537,19,502,4,3406.664,8,0.15,160.3136
9651,9651,CA-2016-107104,20161126,20161130,537,626,502,4,37.17,9,0.0,10.4076
9652,9652,CA-2016-107104,20161126,20161130,537,386,502,4,64.96,2,0.0,19.488
9653,9653,CA-2016-107104,20161126,20161130,537,245,502,4,595.38,6,0.0,297.69
9654,9654,CA-2017-161893,20170123,20170127,331,1533,463,4,95.984,2,0.2,11.998
9655,9655,CA-2017-161893,20170123,20170127,331,837,463,4,4.938,2,0.7,-3.6212
9656,9656,CA-2014-156160,20140922,20140929,53,203,266,4,97.44,3,0.0,35.0784
9657,9657,CA-2014-156160,20140922,20140929,53,783,266,4,3.984,1,0.2,1.3944
9658,9658,CA-2014-156160,20140922,20140929,53,613,266,4,13.04,4,0.0,5.7376
9659,9659,CA-2014-156160,20140922,20140929,53,137,266,4,579.528,4,0.1,83.7096
9660,9660,CA-2014-100860,20140326,20140330,181,984,517,3,18.75,5,0.0,9.0
9661,9661,CA-2016-160717,20160606,20160611,498,1752,540,4,3023.928,9,0.2,226.7946
9662,9662,CA-2016-160717,20160606,20160611,498,1544,540,4,26.96,2,0.0,3.7744
9663,9663,CA-2016-160717,20160606,20160611,498,1768,540,4,477.6,3,0.2,161.19
9664,9664,CA-2017-132619,20170831,20170905,540,1368,532,4,193.95,3,0.0,9.6975
9665,9665,US-2015-120957,20151207,20151207,433,1263,523,2,12.96,2,0.0,6.2208
9666,9666,CA-2017-157448,20171116,20171120,452,256,503,4,119.94,3,0.0,23.988
9667,9667,CA-2017-157448,20171116,20171120,452,199,503,4,12.42,3,0.0,4.4712
9668,9668,CA-2016-126270,20160423,20160427,17,758,528,4,18.088,7,0.2,6.5569
9669,9669,CA-2016-126270,20160423,20160427,17,908,528,4,71.97,3,0.0,35.985
9670,9670,CA-2017-145275,20170402,20170406,33,979,317,4,14.94,3,0.0,6.8724
9671,9671,CA-2015-133396,20150813,20150815,303,529,409,1,64.68,7,0.2,8.085
9672,9672,US-2017-140312,20171113,20171119,435,1840,480,4,22.0,5,0.2,1.375
9673,9673,CA-2016-114867,20161223,20161228,288,1064,307,4,7.968,2,0.2,2.6892
9674,9674,CA-2016-114867,20161223,20161228,288,1814,307,4,1499.97,5,0.4,-374.9925
9675,9675,US-2014-164644,20140722,20140724,389,1407,156,3,26.632,1,0.2,1.3316
9676,9676,CA-2016-137393,20160506,20160510,306,195,468,4,41.6,4,0.0,14.144
9677,9677,US-2014-120175,20141128,20141203,492,903,49,4,64.02,6,0.0,29.4492
9678,9678,CA-2016-144785,20160418,20160423,180,534,263,4,6.99,3,0.0,2.0271
9679,9679,CA-2016-144785,20160418,20160423,180,1474,263,4,6.84,1,0.0,1.8468
9680,9680,CA-2015-130113,20151227,20151231,28,1313,534,4,323.1,2,0.0,61.389
9681,9681,CA-2015-130113,20151227,20151231,28,1842,534,4,668.16,9,0.2,75.168
9682,9682,CA-2017-122770,20171213,20171218,276,1023,534,4,8.64,3,0.0,4.2336
9683,9683,CA-2017-122770,20171213,20171218,276,1228,534,4,38.88,6,0.0,18.6624
9684,9684,CA-2017-122770,20171213,20171218,276,187,534,4,201.04,8,0.0,54.2808
9685,9685,CA-2017-122770,20171213,20171218,276,1045,534,4,12.96,2,0.0,6.3504
9686,9686,CA-2017-118668,20170102,20170104,292,1498,500,3,16.59,1,0.0,5.8065
9687,9687,CA-2017-116498,20170530,20170603,414,590,530,4,35.1,6,0.0,10.179
9688,9688,US-2017-130603,20170930,20171006,669,660,127,4,11.646,9,0.8,-17.469
9689,9689,US-2017-135986,20170620,20170627,593,1126,446,4,32.4,5,0.0,15.552
9690,9690,US-2017-135986,20170620,20170627,593,1850,446,4,503.96,4,0.0,125.99
9691,9691,CA-2017-140536,20170404,20170405,731,532,266,1,7.04,4,0.0,2.0416
9692,9692,CA-2015-130183,20151113,20151117,603,14,154,4,613.9992,3,0.32,-18.0588
9693,9693,CA-2015-107902,20150828,20150902,703,1378,198,4,470.36,11,0.0,122.2936
9694,9694,CA-2017-130148,20170924,20170928,567,1072,533,3,31.08,6,0.0,15.2292
9695,9695,CA-2017-130148,20170924,20170928,567,1456,533,3,7.3,2,0.0,2.19
9696,9696,US-2016-151260,20161211,20161214,678,447,296,1,73.536,4,0.2,9.192
9697,9697,CA-2014-144281,20140610,20140615,327,1011,70,3,491.55,5,0.0,240.8595
9698,9698,CA-2016-122511,20160311,20160311,114,175,306,2,30.336,4,0.2,9.48
9699,9699,CA-2017-154116,20171215,20171219,438,1293,488,4,22.83,3,0.0,10.7301
9700,9700,CA-2017-154116,20171215,20171219,438,385,488,4,54.32,4,0.0,16.296
9701,9701,CA-2017-154116,20171215,20171219,438,1731,488,4,196.776,3,0.2,14.7582
9702,9702,CA-2016-105291,20161030,20161104,711,945,537,4,3.62,2,0.0,1.1946
9703,9703,CA-2017-147032,20170731,20170804,450,1232,208,4,11.54,1,0.0,5.5392
9704,9704,CA-2017-147032,20170731,20170804,450,793,208,4,849.95,5,0.0,390.977
9705,9705,CA-2017-147032,20170731,20170804,450,767,208,4,11.01,3,0.0,5.3949
9706,9706,CA-2017-125990,20171019,20171023,410,853,534,4,39.624,3,0.2,13.8684
9707,9707,CA-2016-161746,20161021,20161027,173,129,502,4,242.136,3,0.2,12.1068
9708,9708,CA-2016-161746,20161021,20161027,173,492,502,4,12.39,3,0.0,5.6994
9709,9709,CA-2016-161746,20161021,20161027,173,273,502,4,19.96,2,0.0,5.5888
9710,9710,CA-2016-161746,20161021,20161027,173,1401,502,4,340.92,3,0.0,3.4092
9711,9711,CA-2014-114251,20141105,20141110,496,185,307,4,273.568,2,0.2,-34.196
9712,9712,CA-2014-114251,20141105,20141110,496,796,307,4,13.194,2,0.7,-8.796
9713,9713,CA-2014-114251,20141105,20141110,496,1423,307,4,1080.096,6,0.2,-94.5084
9714,9714,CA-2014-114251,20141105,20141110,496,1510,307,4,51.56,5,0.2,-6.445
9715,9715,CA-2014-114251,20141105,20141110,496,1624,307,4,58.416,2,0.2,16.7946
9716,9716,CA-2016-116379,20161107,20161112,458,707,534,4,57.584,2,0.2,20.1544
9717,9717,US-2016-144477,20160812,20160814,194,508,305,3,37.312,4,0.2,2.7984
9718,9718,CA-2016-108210,20160530,20160531,60,1793,154,2,79.96,5,0.2,7.996
9719,9719,CA-2016-108210,20160530,20160531,60,1484,154,2,223.96,5,0.2,11.198
9720,9720,CA-2017-166835,20171112,20171114,217,1398,303,3,221.024,2,0.2,-55.256
9721,9721,CA-2016-119641,20160922,20160926,176,227,186,4,18.96,2,0.0,7.584
9722,9722,CA-2016-105781,20160216,20160220,364,78,265,4,326.646,3,0.1,39.9234
9723,9723,CA-2016-105781,20160216,20160220,364,1592,265,4,89.97,3,0.0,39.5868
9724,9724,CA-2014-101364,20141222,20141226,774,811,264,4,296.712,13,0.2,100.1403
9725,9725,CA-2015-117898,20151205,20151211,735,909,3,4,12.224,2,0.2,4.4312
9726,9726,CA-2017-142293,20170917,20170920,674,1511,571,1,89.97,3,0.0,37.7874
9727,9727,CA-2017-167395,20171202,20171204,439,412,227,1,286.86,7,0.0,80.3208
9728,9728,CA-2017-167395,20171202,20171204,439,1894,227,1,979.95,5,0.0,284.1855
9729,9729,CA-2017-167395,20171202,20171204,439,1458,227,1,4.36,2,0.0,0.1744
9730,9730,CA-2014-111962,20140929,20141004,254,701,629,4,10.048,2,0.2,3.14
9731,9731,CA-2014-111962,20140929,20141004,254,1313,629,4,807.75,5,0.0,153.4725
9732,9732,CA-2017-124261,20171114,20171119,356,595,503,4,34.24,8,0.0,9.9296
9733,9733,CA-2014-114321,20140820,20140825,557,77,443,4,500.24,13,0.0,145.0696
9734,9734,CA-2014-114321,20140820,20140825,557,1047,443,4,20.12,2,0.0,9.2552
9735,9735,CA-2014-114321,20140820,20140825,557,702,443,4,896.99,1,0.0,421.5853
9736,9736,CA-2014-128062,20141119,20141122,16,1129,305,3,5.88,1,0.2,1.9845
9737,9737,US-2015-100069,20150629,20150703,562,1881,112,4,269.98,2,0.0,72.8946
9738,9738,CA-2017-129294,20170316,20170321,426,1400,500,4,310.12,2,0.0,80.6312
9739,9739,CA-2017-129294,20170316,20170321,426,827,500,4,70.464,6,0.2,22.9008
9740,9740,CA-2017-129294,20170316,20170321,426,720,500,4,19.68,5,0.2,6.888
9741,9741,CA-2017-129294,20170316,20170321,426,408,500,4,140.67,3,0.0,54.8613
9742,9742,CA-2015-117086,20151108,20151112,616,50,314,4,4404.9,5,0.0,1013.127
9743,9743,CA-2017-131303,20171128,20171202,276,972,530,4,62.65,5,0.0,29.4455
9744,9744,CA-2016-137127,20160616,20160622,374,981,207,4,9.45,3,0.0,4.536
9745,9745,CA-2017-141782,20170121,20170125,77,880,2,4,268.576,4,0.2,90.6444
9746,9746,CA-2017-137505,20171124,20171124,104,329,499,2,364.08,2,0.2,9.102
9747,9747,CA-2017-137505,20171124,20171124,104,338,499,2,71.088,2,0.2,-1.7772
9748,9748,US-2014-140914,20141111,20141115,89,144,10,4,10.984,2,0.6,-7.9634
9749,9749,US-2014-140914,20141111,20141115,89,107,10,4,797.944,4,0.3,-56.996
9750,9750,CA-2016-158358,20160304,20160308,268,1561,234,4,159.98,2,0.0,57.5928
9751,9751,CA-2016-113390,20161011,20161015,276,583,8,4,5.344,2,0.2,0.668
9752,9752,CA-2016-113390,20161011,20161015,276,529,8,4,27.72,3,0.2,3.465
9753,9753,US-2016-158680,20160701,20160702,579,654,629,1,2.496,1,0.2,0.9048
9754,9754,CA-2017-113705,20170327,20170329,451,968,446,3,8.26,2,0.0,3.7996
9755,9755,CA-2017-113705,20170327,20170329,451,717,446,3,17.76,2,0.0,8.88
9756,9756,CA-2017-113705,20170327,20170329,451,1351,446,3,332.94,3,0.0,9.9882
9757,9757,CA-2017-113705,20170327,20170329,451,352,446,3,292.1,2,0.0,58.42
9758,9758,CA-2017-113705,20170327,20170329,451,1858,446,3,206.1,5,0.0,55.647
9759,9759,CA-2017-113705,20170327,20170329,451,1199,446,3,17.64,4,0.0,8.1144
9760,9760,CA-2016-146913,20161031,20161105,687,79,532,4,1403.92,5,0.2,70.196
9761,9761,CA-2017-159135,20171104,20171108,437,501,331,4,4.3,2,0.0,1.419
9762,9762,CA-2014-121762,20140214,20140218,520,1500,627,4,239.97,3,0.0,86.3892
9763,9763,CA-2014-121762,20140214,20140218,520,412,627,4,81.96,2,0.0,22.9488
9764,9764,CA-2014-121762,20140214,20140218,520,1445,627,4,238.62,2,0.0,4.7724
9765,9765,CA-2014-123855,20140618,20140623,494,1716,501,4,139.8,5,0.2,12.2325
9766,9766,CA-2017-101959,20170228,20170306,199,720,201,4,9.84,2,0.0,4.7232
9767,9767,CA-2017-101959,20170228,20170306,199,1173,201,4,7.78,1,0.0,3.501
9768,9768,CA-2017-102659,20171209,20171215,482,651,71,4,54.9,5,0.0,26.901
9769,9769,CA-2017-142328,20171207,20171214,746,1060,534,4,50.04,6,0.0,25.02
9770,9770,CA-2016-123533,20161124,20161130,669,12,342,4,339.92,5,0.2,8.498
9771,9771,CA-2016-123533,20161124,20161130,669,1131,342,4,10.528,4,0.2,3.4216
9772,9772,CA-2016-123533,20161124,20161130,669,445,342,4,42.384,2,0.2,4.2384
9773,9773,CA-2016-104983,20160703,20160703,287,1039,307,2,123.92,5,0.2,38.725
9774,9774,CA-2016-160234,20160626,20160703,591,1872,372,4,135.95,1,0.0,39.4255
9775,9775,CA-2014-169019,20140726,20140730,460,859,177,4,2177.584,8,0.8,-3701.8928
9776,9776,CA-2014-169019,20140726,20140730,460,312,177,4,17.496,3,0.6,-10.0602
9777,9777,CA-2014-169019,20140726,20140730,460,705,177,4,16.784,4,0.8,-26.8544
9778,9778,CA-2014-169019,20140726,20140730,460,1543,177,4,431.136,9,0.2,-26.946
9779,9779,CA-2014-169019,20140726,20140730,460,717,177,4,8.88,5,0.8,-13.32
9780,9780,CA-2014-169019,20140726,20140730,460,457,177,4,4.836,2,0.8,-12.09
9781,9781,CA-2016-153178,20160914,20160918,153,1778,260,4,437.85,3,0.0,131.355
9782,9782,CA-2016-153178,20160914,20160918,153,833,260,4,673.568,2,0.2,252.588
9783,9783,CA-2015-149748,20150531,20150602,269,1172,249,3,274.8,5,0.0,134.652
9784,9784,CA-2015-149748,20150531,20150602,269,1434,249,3,62.18,1,0.0,16.7886
9785,9785,CA-2015-149748,20150531,20150602,269,199,249,3,8.28,2,0.0,2.9808
9786,9786,CA-2015-155635,20150509,20150513,499,682,386,4,48.81,3,0.0,23.9169
9787,9787,US-2014-114377,20141105,20141105,86,132,443,2,149.9,5,0.0,40.473
9788,9788,CA-2017-144491,20170327,20170401,147,14,155,4,1023.332,5,0.32,-30.098
9789,9789,CA-2017-144491,20170327,20170401,147,121,155,4,600.558,3,0.3,-8.5794
9790,9790,CA-2017-144491,20170327,20170401,147,1626,155,4,39.992,1,0.2,6.9986
9791,9791,CA-2017-144491,20170327,20170401,147,76,155,4,211.246,2,0.3,-66.3916
9792,9792,CA-2014-127166,20140521,20140523,430,895,155,3,56.064,6,0.2,21.024
9793,9793,CA-2014-127166,20140521,20140523,430,108,155,3,107.772,2,0.3,-29.2524
9794,9794,CA-2014-127166,20140521,20140523,430,1127,155,3,4.832,1,0.2,1.6308
9795,9795,CA-2014-127166,20140521,20140523,430,683,155,3,18.24,3,0.8,-31.008
9796,9796,CA-2016-125920,20160521,20160528,692,785,8,4,3.798,3,0.8,-5.8869
9797,9797,CA-2015-128608,20150112,20150117,180,526,297,4,10.368,2,0.2,1.5552
9798,9798,CA-2015-128608,20150112,20150117,180,1894,297,4,235.188,2,0.4,-43.1178
9799,9799,CA-2015-128608,20150112,20150117,180,1735,297,4,26.376,4,0.4,2.6376
9800,9800,CA-2015-128608,20150112,20150117,180,1495,297,4,10.384,2,0.2,2.2066
9801,9801,CA-2015-128608,20150112,20150117,180,1791,297,4,107.118,3,0.4,-21.4236
9802,9802,CA-2017-137918,20170929,20171006,381,1449,496,4,97.3,7,0.0,28.217
9803,9803,CA-2015-122973,20150718,20150720,596,821,265,3,3.328,2,0.2,1.2064
9804,9804,CA-2015-122973,20150718,20150720,596,1802,265,3,135.99,1,0.0,36.7173
9805,9805,CA-2015-122973,20150718,20150720,596,224,265,3,7.38,1,0.0,2.1402
9806,9806,CA-2016-136322,20161021,20161026,44,242,341,4,45.568,2,0.2,9.6832
9807,9807,CA-2016-136322,20161021,20161026,44,852,341,4,28.752,8,0.7,-21.0848
9808,9808,CA-2017-107209,20170727,20170801,412,68,414,3,194.848,4,0.2,12.178
9809,9809,CA-2017-145093,20170721,20170726,612,692,9,4,2.112,2,0.8,-3.3792
9810,9810,US-2014-139640,20141107,20141111,740,1052,598,3,25.92,5,0.2,9.072
9811,9811,US-2014-139640,20141107,20141111,740,557,598,3,120.768,4,0.2,9.0576
9812,9812,CA-2016-117583,20161127,20161130,126,1109,241,1,25.92,4,0.0,12.4416
9813,9813,CA-2016-117583,20161127,20161130,126,502,241,1,34.65,3,0.0,9.702
9814,9814,CA-2016-117583,20161127,20161130,126,1034,241,1,204.95,5,0.0,100.4255
9815,9815,CA-2016-117583,20161127,20161130,126,826,241,1,79.95,5,0.0,38.376
9816,9816,CA-2015-162201,20150608,20150612,23,1196,365,4,173.488,7,0.2,54.215
9817,9817,CA-2015-162201,20150608,20150612,23,1313,365,4,516.96,4,0.2,-6.462
9818,9818,CA-2015-162201,20150608,20150612,23,179,365,4,173.208,7,0.2,45.4671
9819,9819,CA-2015-162201,20150608,20150612,23,612,365,4,4.448,2,0.2,0.3336
9820,9820,CA-2015-162201,20150608,20150612,23,984,365,4,9.0,3,0.2,3.15
9821,9821,CA-2015-162201,20150608,20150612,23,1107,365,4,42.24,10,0.2,13.2
9822,9822,CA-2015-162201,20150608,20150612,23,749,365,4,18.264,2,0.7,-13.3936
9823,9823,US-2014-164406,20140815,20140819,71,458,534,4,152.91,3,0.0,42.8148
9824,9824,US-2014-164406,20140815,20140819,71,1039,534,4,92.94,3,0.0,41.823
9825,9825,US-2014-164406,20140815,20140819,71,744,534,4,17.856,4,0.2,6.2496
9826,9826,US-2014-164406,20140815,20140819,71,790,534,4,46.44,3,0.2,15.093
9827,9827,US-2014-164406,20140815,20140819,71,115,534,4,195.136,4,0.2,-12.196
9828,9828,CA-2017-169999,20170619,20170626,407,1368,266,4,129.3,2,0.0,6.465
9829,9829,CA-2017-169999,20170619,20170626,407,849,266,4,11.568,3,0.2,3.7596
9830,9830,US-2017-152842,20170716,20170723,561,123,403,4,242.352,3,0.2,15.147
9831,9831,CA-2014-113257,20141216,20141218,673,1603,130,3,319.968,4,0.2,95.9904
9832,9832,CA-2014-113257,20141216,20141218,673,196,130,3,8.624,7,0.6,-2.5872
9833,9833,CA-2014-133963,20140518,20140522,293,1125,142,3,3.984,1,0.2,1.4442
9834,9834,CA-2017-130302,20170914,20170919,186,1538,296,4,895.944,7,0.2,190.3881
9835,9835,CA-2016-126627,20161010,20161012,788,325,160,1,14.0,4,0.6,-6.3
9836,9836,CA-2016-126627,20161010,20161012,788,710,160,1,16.392,2,0.8,-26.2272
9837,9837,US-2016-125402,20160925,20161001,218,1036,497,4,10.9,5,0.0,5.123
9838,9838,US-2016-125402,20160925,20161001,218,1010,497,4,29.6,2,0.0,14.8
9839,9839,US-2016-125402,20160925,20161001,218,982,497,4,4.98,1,0.0,2.2908
9840,9840,US-2016-125402,20160925,20161001,218,1634,497,4,479.976,3,0.2,161.9919
9841,9841,US-2016-125402,20160925,20161001,218,1837,497,4,44.736,8,0.2,4.4736
9842,9842,US-2016-125402,20160925,20161001,218,558,497,4,5.76,2,0.0,1.6704
9843,9843,US-2016-125402,20160925,20161001,218,61,497,4,483.136,4,0.2,60.392
9844,9844,CA-2014-163867,20140603,20140606,639,982,12,1,15.936,4,0.2,5.1792
9845,9845,CA-2014-163867,20140603,20140606,639,188,12,1,61.544,7,0.6,-40.0036
9846,9846,CA-2014-163867,20140603,20140606,639,1342,12,1,132.696,3,0.2,9.9522
9847,9847,CA-2017-169327,20170902,20170904,510,418,499,3,43.1,5,0.0,11.206
9848,9848,CA-2017-169327,20170902,20170904,510,299,499,3,511.5,5,0.0,132.99
9849,9849,CA-2017-169327,20170902,20170904,510,830,499,3,147.92,5,0.2,46.225
9850,9850,CA-2014-142979,20140412,20140418,258,576,496,4,39.68,2,0.0,16.2688
9851,9851,CA-2016-158155,20160502,20160506,258,166,263,4,12.56,2,0.0,4.0192
9852,9852,CA-2016-158155,20160502,20160506,258,716,263,4,90.48,3,0.2,33.93
9853,9853,CA-2016-158155,20160502,20160506,258,1071,263,4,13.08,2,0.0,6.0168
9854,9854,CA-2016-158155,20160502,20160506,258,221,263,4,214.7,5,0.0,83.733
9855,9855,CA-2017-138870,20170619,20170623,293,226,532,4,50.32,4,0.0,21.1344
9856,9856,CA-2017-138870,20170619,20170623,293,1287,532,4,24.56,2,0.0,11.5432
9857,9857,CA-2014-120950,20141106,20141111,293,1077,373,4,43.68,6,0.0,20.9664
9858,9858,CA-2015-164301,20150326,20150330,249,345,627,4,3393.68,8,0.0,610.8624
9859,9859,CA-2017-113278,20170114,20170120,332,1373,49,4,67.4,5,0.0,17.524
9860,9860,CA-2017-113278,20170114,20170120,332,948,49,4,2.52,2,0.0,0.1008
9861,9861,CA-2017-113278,20170114,20170120,332,1713,49,4,67.8,4,0.0,1.356
9862,9862,CA-2017-113278,20170114,20170120,332,1397,49,4,18.76,2,0.0,5.2528
9863,9863,CA-2017-113278,20170114,20170120,332,1520,49,4,12.12,4,0.0,2.5452
9864,9864,CA-2017-113278,20170114,20170120,332,1275,49,4,11.34,1,0.0,5.5566
9865,9865,CA-2017-113278,20170114,20170120,332,1609,49,4,159.8,4,0.0,70.312
9866,9866,CA-2017-113278,20170114,20170120,332,175,49,4,18.96,2,0.0,8.532
9867,9867,US-2015-116981,20150326,20150328,703,1400,263,3,1085.42,7,0.0,282.2092
9868,9868,US-2015-116981,20150326,20150328,703,398,263,3,13.11,3,0.0,3.4086
9869,9869,CA-2014-114195,20141101,20141103,246,221,291,1,68.704,2,0.2,16.3172
9870,9870,CA-2014-114195,20141101,20141103,246,667,291,1,3.132,2,0.7,-2.61
9871,9871,CA-2014-114195,20141101,20141103,246,715,291,1,22.428,3,0.7,-17.9424
9872,9872,CA-2017-146269,20171006,20171006,512,1408,9,2,290.336,2,0.2,32.6628
9873,9873,CA-2017-146269,20171006,20171006,512,641,9,2,19.152,2,0.2,1.197
9874,9874,CA-2016-100587,20161210,20161214,699,1294,265,4,6.48,1,0.0,3.1104
9875,9875,CA-2016-166653,20160922,20160924,573,892,295,3,63.968,2,0.2,19.99
9876,9876,CA-2015-130855,20151229,20160105,642,1470,266,4,6.36,2,0.0,0.0636
9877,9877,US-2017-166324,20170420,20170421,78,1315,278,1,848.544,4,0.2,-21.2136
9878,9878,US-2017-166324,20170420,20170421,78,655,278,1,8.7,5,0.7,-6.38
9879,9879,US-2017-166324,20170420,20170421,78,1861,278,1,122.382,3,0.4,-24.4764
9880,9880,CA-2016-122581,20160821,20160825,378,101,266,4,573.174,7,0.1,63.686
9881,9881,CA-2015-104297,20150529,20150531,129,1063,278,1,85.056,3,0.2,28.7064
9882,9882,CA-2014-153927,20140812,20140813,465,653,381,1,14.04,3,0.0,6.7392
9883,9883,CA-2014-153927,20140812,20140813,465,1482,381,1,272.61,13,0.0,98.1396
9884,9884,CA-2014-112291,20140403,20140408,427,871,499,4,11.16,2,0.0,5.58
9885,9885,CA-2014-112291,20140403,20140408,427,1516,499,4,62.31,3,0.0,22.4316
9886,9886,CA-2014-112291,20140403,20140408,427,1500,499,4,159.98,2,0.0,57.5928
9887,9887,CA-2014-146997,20140123,20140127,690,947,42,4,5.94,3,0.0,0.0
9888,9888,CA-2017-169607,20171012,20171015,123,1064,265,1,9.96,2,0.0,4.6812
9889,9889,CA-2015-127544,20150808,20150812,632,1500,272,4,79.99,1,0.0,28.7964
9890,9890,CA-2017-166499,20170319,20170320,780,565,243,1,8.94,3,0.0,2.4138
9891,9891,US-2016-115441,20160725,20160728,692,1310,190,3,20.62,2,0.0,9.6914
9892,9892,US-2016-115441,20160725,20160728,692,1577,190,3,124.25,7,0.0,48.4575
9893,9893,US-2016-115441,20160725,20160728,692,1791,190,3,297.55,5,0.0,83.314
9894,9894,US-2016-115441,20160725,20160728,692,129,190,3,403.56,4,0.0,96.8544
9895,9895,US-2016-115441,20160725,20160728,692,198,190,3,95.2,5,0.0,27.608
9896,9896,CA-2014-115049,20140926,20141001,526,1623,9,4,153.824,11,0.2,38.456
9897,9897,CA-2014-156342,20140617,20140620,362,1138,10,3,62.016,2,0.2,22.4808
9898,9898,CA-2016-112830,20160606,20160610,469,303,283,4,466.32,3,0.2,34.974
9899,9899,CA-2016-112830,20160606,20160610,469,316,283,4,82.64,2,0.2,0.0
9900,9900,US-2014-117380,20140328,20140403,535,327,296,4,330.588,1,0.4,-143.2548
9901,9901,CA-2017-117646,20170821,20170825,682,1312,566,4,237.096,3,0.2,20.7459
9902,9902,CA-2017-117646,20170821,20170825,682,175,566,4,22.752,3,0.2,7.11
9903,9903,CA-2017-117646,20170821,20170825,682,1159,566,4,6.672,1,0.2,2.085
9904,9904,CA-2014-122609,20141112,20141118,230,308,134,4,25.128,3,0.6,-6.9102
9905,9905,CA-2014-122609,20141112,20141118,230,1561,134,4,127.984,2,0.2,25.5968
9906,9906,US-2015-129007,20150913,20150915,426,326,465,1,131.88,7,0.0,55.3896
9907,9907,US-2015-129007,20150913,20150915,426,712,465,1,25.032,3,0.2,7.8225
9908,9908,US-2015-129007,20150913,20150915,426,52,465,1,717.72,3,0.2,71.772
9909,9909,US-2015-129007,20150913,20150915,426,225,465,1,207.35,5,0.0,24.882
9910,9910,US-2015-129007,20150913,20150915,426,290,465,1,44.67,3,0.0,12.0609
9911,9911,US-2015-129007,20150913,20150915,426,1097,465,1,209.7,2,0.0,100.656
9912,9912,US-2014-157231,20140405,20140409,655,764,389,4,115.36,7,0.0,56.5264
9913,9913,CA-2015-132388,20151010,20151012,440,76,540,1,362.136,3,0.2,-54.3204
9914,9914,CA-2015-132388,20151010,20151012,440,965,540,1,31.05,3,0.0,14.904
9915,9915,CA-2017-160927,20170129,20170131,754,1257,56,3,12.96,2,0.0,6.2208
9916,9916,CA-2017-160927,20170129,20170131,754,1041,56,3,94.85,5,0.0,45.528
9917,9917,CA-2017-160927,20170129,20170131,754,1373,56,3,13.48,1,0.0,3.5048
9918,9918,CA-2017-160927,20170129,20170131,754,139,56,3,14.91,3,0.0,4.6221
9919,9919,CA-2015-105508,20150924,20150929,359,892,266,4,39.98,1,0.0,17.991
9920,9920,CA-2016-149272,20160315,20160319,550,65,133,4,528.43,5,0.3,-143.431
9921,9921,CA-2016-149272,20160315,20160319,550,826,133,4,22.386,7,0.8,-35.8176
9922,9922,CA-2014-111360,20141124,20141130,59,782,275,4,5.742,3,0.7,-4.5936
9923,9923,US-2017-162124,20170506,20170510,363,1536,10,4,191.968,4,0.2,28.7952
9924,9924,CA-2015-159534,20150320,20150323,206,810,266,1,49.848,3,0.2,16.8237
9925,9925,CA-2015-159534,20150320,20150323,206,908,266,1,23.99,1,0.0,11.995
9926,9926,CA-2015-159534,20150320,20150323,206,793,266,1,1087.936,8,0.2,353.5792
9927,9927,CA-2015-159534,20150320,20150323,206,1794,266,1,199.98,2,0.0,53.9946
9928,9928,CA-2015-159534,20150320,20150323,206,1352,266,1,83.92,4,0.0,20.1408
9929,9929,CA-2016-129630,20160904,20160904,338,150,534,2,24.27,3,0.0,8.7372
9930,9930,CA-2016-129630,20160904,20160904,338,1638,534,2,2799.96,5,0.2,944.9865
9931,9931,CA-2015-104948,20151113,20151117,431,699,527,4,9.872,2,0.2,3.4552
9932,9932,CA-2015-104948,20151113,20151117,431,43,527,4,683.332,4,0.15,-40.196
9933,9933,CA-2015-104948,20151113,20151117,431,1295,527,4,29.96,7,0.0,13.482
9934,9934,CA-2014-166555,20140711,20140714,376,1890,267,1,164.85,3,0.0,47.8065
9935,9935,CA-2016-114405,20160407,20160412,56,456,304,4,33.528,3,0.2,2.5146
9936,9936,CA-2016-114405,20160407,20160412,56,1374,304,4,36.744,3,0.2,3.6744
9937,9937,CA-2017-132955,20170624,20170628,676,757,310,4,102.93,3,0.0,48.3771
9938,9938,CA-2016-164889,20160603,20160606,166,338,503,3,71.088,2,0.2,-1.7772
9939,9939,CA-2016-169824,20161212,20161217,577,319,263,4,60.35,5,0.0,19.9155
9940,9940,CA-2016-169824,20161212,20161217,577,1451,263,4,35.52,4,0.0,9.9456
9941,9941,CA-2016-169824,20161212,20161217,577,495,263,4,11.2,7,0.0,4.816
9942,9942,CA-2017-164028,20171124,20171130,388,1531,534,4,223.58,14,0.0,87.1962
9943,9943,CA-2014-143371,20141228,20150103,496,1351,465,4,998.82,9,0.0,29.9646
9944,9944,CA-2014-143371,20141228,20150103,496,1463,465,4,51.15,5,0.0,13.299
9945,9945,CA-2015-145415,20150412,20150417,633,1323,627,3,40.74,3,0.0,0.4074
9946,9946,CA-2014-111157,20140302,20140306,566,1055,304,4,3.424,1,0.2,1.07
9947,9947,CA-2014-111157,20140302,20140306,566,1606,304,4,151.2,3,0.2,32.13
9948,9948,CA-2017-121559,20170601,20170603,334,111,40,3,1925.88,6,0.0,539.2464
9949,9949,CA-2017-121559,20170601,20170603,334,449,40,3,2405.2,8,0.0,793.716
9950,9950,CA-2017-121559,20170601,20170603,334,1612,40,3,83.97,3,0.0,15.9543
9951,9951,CA-2017-121559,20170601,20170603,334,1529,40,3,39.89,1,0.0,14.7593
9952,9952,CA-2017-121559,20170601,20170603,334,736,40,3,17.38,2,0.0,8.69
9953,9953,CA-2015-141593,20151214,20151216,190,695,502,3,55.264,2,0.2,20.724
9954,9954,CA-2015-141593,20151214,20151216,190,1309,502,3,6.48,1,0.0,3.1104
9955,9955,CA-2015-141593,20151214,20151216,190,681,502,3,34.248,3,0.2,11.5587
9956,9956,CA-2015-141593,20151214,20151216,190,354,502,3,273.568,2,0.2,10.2588
9957,9957,US-2014-143287,20141111,20141117,442,1143,262,4,46.35,5,0.0,21.7845
9958,9958,US-2014-143287,20141111,20141117,442,1267,262,4,223.92,4,0.0,109.7208
9959,9959,US-2014-143287,20141111,20141117,442,1456,262,4,7.3,2,0.0,2.19
9960,9960,CA-2017-137421,20171006,20171011,39,539,454,4,9.344,2,0.2,1.8688
9961,9961,CA-2017-141446,20170916,20170918,154,1548,383,3,18.0,1,0.0,3.24
9962,9962,CA-2015-168088,20150319,20150322,163,1083,154,1,65.584,2,0.2,23.7742
9963,9963,CA-2015-168088,20150319,20150322,163,42,154,1,383.4656,4,0.32,-67.6704
9964,9964,CA-2015-143700,20150726,20150726,56,1224,306,2,10.368,2,0.2,3.6288
9965,9965,CA-2016-146374,20161205,20161210,320,236,207,3,13.4,1,0.0,6.432
9966,9966,CA-2016-146374,20161205,20161210,320,1056,207,3,4.98,1,0.0,2.3406
9967,9967,CA-2016-146374,20161205,20161210,320,910,207,3,109.69,7,0.0,51.5543
9968,9968,CA-2017-153871,20171211,20171217,623,823,251,4,40.2,5,0.0,18.09
9969,9969,CA-2017-153871,20171211,20171217,623,842,251,4,735.98,2,0.0,331.191
9970,9970,CA-2017-153871,20171211,20171217,623,460,251,4,22.75,7,0.0,6.5975
9971,9971,CA-2015-103772,20150628,20150702,533,766,379,4,119.56,2,0.0,54.9976
9972,9972,CA-2015-103772,20150628,20150702,533,497,379,4,140.75,5,0.0,42.225
9973,9973,CA-2016-130225,20160911,20160917,630,860,154,4,99.568,2,0.2,33.6042
9974,9974,US-2016-103674,20161206,20161210,44,1861,500,4,271.96,5,0.2,27.196
9975,9975,US-2016-103674,20161206,20161210,44,639,500,4,18.69,7,0.0,5.2332
9976,9976,US-2016-103674,20161206,20161210,44,1088,500,4,13.36,2,0.0,6.4128
9977,9977,US-2016-103674,20161206,20161210,44,1804,500,4,249.584,2,0.2,31.198
9978,9978,US-2016-103674,20161206,20161210,44,947,500,4,13.86,7,0.0,0.0
9979,9979,US-2016-103674,20161206,20161210,44,803,500,4,13.376,4,0.2,4.6816
9980,9980,US-2016-103674,20161206,20161210,44,733,500,4,437.472,14,0.2,153.1152
9981,9981,US-2015-151435,20150906,20150909,728,332,392,3,85.98,1,0.0,22.3548
9982,9982,CA-2017-163566,20170803,20170806,732,1020,283,1,16.52,5,0.2,5.369
9983,9983,US-2016-157728,20160922,20160928,630,1175,71,4,35.56,7,0.0,16.7132
9984,9984,US-2016-157728,20160922,20160928,630,1746,71,4,97.98,2,0.0,27.4344
9985,9985,CA-2015-100251,20150517,20150523,239,1009,260,4,31.5,10,0.0,15.12
9986,9986,CA-2015-100251,20150517,20150523,239,1449,260,4,55.6,4,0.0,16.124
9987,9987,CA-2016-125794,20160929,20161003,521,1584,499,4,36.24,1,0.0,15.2208
9988,9988,CA-2017-163629,20171117,20171121,618,1522,371,4,79.99,1,0.0,28.7964
9989,9989,CA-2017-163629,20171117,20171121,618,1858,371,4,206.1,5,0.0,55.647
9990,9990,CA-2014-110422,20140121,20140123,738,204,353,3,25.248,3,0.2,4.1028
9991,9991,CA-2017-121258,20170226,20170303,191,167,477,4,91.96,2,0.0,15.6332
9992,9992,CA-2017-121258,20170226,20170303,191,1848,477,4,258.576,2,0.2,19.3932
9993,9993,CA-2017-121258,20170226,20170303,191,1269,477,4,29.6,4,0.0,13.32
9994,9994,CA-2017-119914,20170504,20170509,131,443,551,3,243.16,2,0.0,72.948
